text,summary,generated_summary,rouge1,rouge2,rougeL,bertscore_f1,gen_len,ref_len
"৭ই ফেব্রুয়ারি থেকে বাংলাদেশের সব জেলা উপজেলায় করোনাভাইরাসের টিকা দেয়া হবে। গত সাতাশে জানুয়ারি কুর্মিটোলা হাসপাতালের একজন নার্সকে টিকা দেয়ার মধ্যে দিয়ে টিকাদান কর্মসূচীর উদ্বোধন করা হলেও সত্যিকারের টিকাদান কর্মসূচী মূলত শুরু হচ্ছে আজ থেকেই। জনগণ যাতে টিকার ওপর আস্থা রাখতে পারে সেজন্য প্রথম দিন মন্ত্রীসভার সদস্য-সহ রাষ্ট্রের বেশ কিছু গুরুত্বপূর্ণ ব্যক্তি টিকা গ্রহণ করবেন বলে জানা যাচ্ছে। পুরো কর্মসূচীতে কাজ করবে এজন্য কাজ করবে মোট দুই হাজার ৪০০টি দল। এরই মধ্যে ঢাকার জাতীয় টিকাদান কর্মসূচির স্টোর থেকে টিকার ডোজ কোল্ড বক্সে সংরক্ষণ করে ৬৪টি জেলার বিভিন্ন কেন্দ্র এবং প্রতিটি উপজেলা স্বাস্থ্য কমপ্লেক্সে পৌঁছে দেয়া হয়েছে বলে কর্মকর্তারা জানিয়েছেন। এর আগে টিকা সংরক্ষণ, টিকা দেয়া, টিকা কেন্দ্র পরিচালনা, টিকার পার্শ্বপ্রতিক্রিয়াসহ সব বিষয়ে স্বাস্থ্যকর্মী, মাঠকর্মী ও স্বেচ্ছাসেবকদের প্রশিক্ষণ দেয়া হয়েছে। বাংলাদেশে দেয়া হচ্ছে ভারতের সেরাম ইন্সটিটিউটে উতপাদিত অক্সফোর্ড অ্যাস্ট্রেজেনেকার টিকা। নরসিংদীর মনোহরদী উপজেলার নির্বাহী কর্মকর্তা রুমানা ইয়াসমিন জানান, রোববার সকাল থেকে টিকা দেয়া শুরু করার সব প্রস্তুতি নেয়ার পাশাপাশি টিকার ব্যাপারে মানুষকে আগ্রহী করতে তারা প্রচারণা চালিয়ে যাচ্ছেন। ""আমরা সাড়ে তিন হাজার ডোজ টিকা পেয়েছি। টিকা নির্দিষ্ট তাপমাত্রায় সংরক্ষণের সক্ষমতা আমাদের আছে। টিকা দেয়ার পর ৩০ মিনিট অবজারভেশনে রাখতে হয়। সেই ব্যবস্থাও আমাদের আছে। প্রস্তুতির ঘাটতি নেই। আমাদের লক্ষ্য রোববার অন্তত ১০০ জনকে টিকা দেয়া।"" উপজেলার ৫৫ বছরের বেশি যাদের বয়স তাদেরকে টিকা নিতে উদ্বুদ্ধ করতে এলাকায় মাইকিং করার পাশাপাশি উপজেলা নির্বাচন কর্মকর্তার থেকে ৫৫ বছরের ঊর্ধ্বে সব ব্যক্তিদের তালিকা সংগ্রহ করা হয়েছে বলেও তিনি জানান। স্বাস্থ্য অধিদফতরের পক্ষ থেকে বলা হয়েছে, টিকা নিতে আগ্রহীদের ওয়েবসাইটে প্রয়োজনীয় তথ্য দিয়ে অর্থাৎ নাম, ঠিকানা, বয়স, পেশা, শারীরিক পরিস্থিতি, জাতীয় পরিচয় পত্রের নম্বর এবং ফোন নম্বর দিয়ে নিবন্ধন করতে হবে। কারণ নিবন্ধন ছাড়া টিকা দেয়া যাবে না। বিভিন্ন কারণে যারা অনলাইনে নিবন্ধন করতে পারছেন না তাদের জন্য প্রতিটি কেন্দ্রে তথ্য কর্মকর্তার মাধ্যমে স্পট রেজিস্ট্রেশনের ব্যবস্থা রাখা হয়েছে। তবে স্পট রেজিস্ট্রেশন যেদিন হবে, সেদিনই টিকা দেয়া যাবে না। তাদেরকে নতুন আরেকটি তারিখ দেয়া হবে। জানুয়ারীতে ৫৬৭ জনকে টিকা দেয়া হয়েছিল। শনিবার দুপুর পর্যন্ত ৩ লাখ ২৮ হাজারের বেশি মানুষ অনলাইনে নিবন্ধন করেছে, এছাড়া আরও অনেক মানুষ স্পট রেজিস্ট্রেশন করেছেন বলে জানিয়েছেন স্বাস্থ্য অধিদফতরের মহাপরিচালক এবিএম খুরশীদ আলম। যারা অনলাইন নিবন্ধন করেও টিকার তারিখ ও কেন্দ্রের বিষয়ে এসএমএস পাননি তারা শনিবার রাতের মধ্যেই মেসেজ পেয়ে যাবেন এবং কালকে না হলেও তারা অন্য যেকোনো দিন টিকা দিতে পারবেন বলে জানিয়েছেন তিনি। শনিবার ঢাকার কয়েকটি কেন্দ্রের প্রস্তুতি পরিদর্শনে গিয়েছিলেন স্বাস্থ্য অধিদফতরের কর্মকর্তারা। এর মধ্যে কয়েকটি হাসপাতালের ঘাটতির চিত্র উঠে আসে। মি. আলম বলেন, ""মোটামুটি সব কেন্দ্রেই প্রস্তুতি ভালো আছে। তবে কিছু ছোট ছোট কেন্দ্রে খানিকটা প্রস্তুতির অভাব আছে। এটা সকাল বেলার কথা। আশা করি আমরা আজকের মধ্যে সেটা সম্পন্ন করতে পারবো। কোন কেন্দ্রে সমস্যা থাকলে আমরা চেষ্টা করবো এখান থেকে সমাধান করতে।"" সরকারের উচ্চপদস্থ ব্যক্তিদের টিকা নেয়ার কথা রয়েছে। প্রথম দিন যারা টিকা নেবেন: রোববার সকালে স্বাস্থ্যমন্ত্রী জাহিদ মালেক প্রথমে টিকা দেবেন বলে জানা গেছে। এরপর প্রধান বিচারপতি, স্বরাষ্ট্রমন্ত্রী, দুর্যোগ প্রতিমন্ত্রী, জন প্রশাসন প্রতিমন্ত্রীর মতো সরকারের গুরুত্বপূর্ণ ব্যক্তিরাও টিকা নেবেন বলে জানা গেছে। এরপর সম্মুখ-সারির বিভিন্ন পেশার মানুষ অর্থাৎ স্বাস্থ্যকর্মী, পুলিশ, প্রশাসন, মুক্তিযোদ্ধা এবং যাদের বয়স ৫৫ বছরের ঊর্ধ্বে তাদেরকে বিনামূল্যে টিকা দেয়া হবে। এভাবে একদিনে সাড়ে তিন লাখেরও বেশি টিকা দেয়ার সক্ষমতা রয়েছে বলে জানায় স্বাস্থ্য অধিদফতর। প্রতিদিন সকাল ৮টা থেকে দুপুর আড়াইটা পর্যন্ত টিকা কার্যক্রম চলবে। টিকা পেতে হলে আগে নিবন্ধন করতে হবে। যথাযথ তাপমাত্রায় টিকা সংরক্ষণ নিশ্চিত করাও জরুরি বলে জানিয়েছেন বিশেষজ্ঞরা। গত ২৭শে জানুয়ারি ঢাকার কুর্মিটোলা হাসপাতালের সিনিয়র নার্স রুনু ভেরোনিকা কস্তাকে এক ডোজ টিকা দেয়ার মাধ্যমে এই টিকা কর্মসূচি শুরু হয়। ওইদিন মোট ২৬ জনকে টিকা দিয়ে হয়েছিল। পরদিন পাঁচ শতাধিক ফ্রন্টলাইনারকে এই টিকা দেয়া হয়। ওই দুই দিনে যে ৫৬৭ জন টিকা নিয়েছিলেন তাদের কারও মধ্যে গুরুতর কোন উপসর্গ দেখা না দেয়ায় এবার দেশব্যাপী শুরু হতে যাচ্ছে এই টিকা কার্যক্রম। সুরক্ষা অ্যাপে নিবন্ধন যেভাবে www.surokkha.gov.bd - এই ওয়েব পোর্টালে প্রয়োজনীয় তথ্য দিয়ে টিকার জন্য নিবন্ধন করতে হবে। নিবন্ধন সম্পন্ন হলে মোবাইলে SMS এর মাধ্যমে ভ্যাকসিনের তারিখ ও কেন্দ্র জানিয়ে দেয়া হবে। অথবা ভোটার আইডি কার্ড নিয়ে কেন্দ্রে গেলে নিবন্ধন করা যাবে। নিবন্ধনের ভিত্তিতে কেউ টিকা দেয়ার পর তাকে একটি কার্ডে পরবর্তী ডোজের সময় ও তারিখ লিখে দেয়া হবে। প্রথমটি নেয়ার চার থেকে ১২ সপ্তাহের মধ্যে দ্বিতীয় ডোজ নিতে হবে। নাহলে প্রথম ডোজ অপচয় হয়ে যাবে। তবে স্বাস্থ্য অধিদফতর বলছে দেরি না করে প্রথম ডোজের চার সপ্তাহের মধ্যেই দ্বিতীয় ডোজ নিতে। বাংলাদেশে প্রথম কোভিড-১৯ এর টিকা দেন কুর্মিটোলা জেনারেল হাসপাতালের সিনিয়র স্টাফ নার্স রুনু ভেরোনিকা কস্তা (কালো কোট পরা) গত মাসেই ভারতের সেরাম ইন্সটিটিউটে উৎপাদিত ব্রিটেনের অক্সফোর্ড-অ্যাস্ট্রাজেনেকার টিকার ৭০ লাখ ডোজের চালান বাংলাদেশে এসে পৌঁছায়। এরমধ্যে ৫০ লাখ ডোজ বাংলাদেশের কেনা, বাকি ২০ লাখ উপহার হিসেবে পাওয়া। ফেব্রুয়ারি মাসে ৩৫ লাখ ডোজ টিকা দেওয়ার সিদ্ধান্ত নেয়া হয় যেন প্রথম চালানের টিকা যারা নেবেন, তাদের সবার দুই ডোজ সম্পন্ন করা যায়। তবে প্রতি মাসে ভারত থেকে ৫০ লাখ করে জুন মাসের মধ্যে আরও আড়াই কোটি ডোজ টিকা পাওয়ার কথা রয়েছে।",বাংলাদেশে আজ (রবিবার) থেকে শুরু হতে যাচ্ছে করোনাভাইরাসের গণ-টিকাদান কর্মসূচী। এর অংশ হিসেবে বাংলাদেশের সহস্রাধিক হাসপাতালে টিকা দেয়া হবে ডাক্তার-নার্সসহ সম্মুখসারির কর্মী এবং ৫৫ বছরের বেশি বয়সের নাগরিকদের।,বাংলাদেশে করোনাভাইরাসের টিকাদান কর্মসূচী আজ থেকে শুরু হচ্ছে।,0.2777777777777778,0.058823529411764705,0.22222222222222224,0.77509046,8,28
"এ আর রহমানের কন্যা খাতিজা রহমান (বামে) এবং তসলিমা নাসরিন (ডানে) খাতিজা রহমানের বোরকা পরা নিয়ে গত সপ্তাহে এই সর্বশেষ দফা বাকযুদ্ধের সূচনা করেছেন অবশ্য তসলিমা নাসরিন। তবে এবার এই আক্রমণের মুখে খাতিজা আর নিশ্চুপ থাকেননি, নিজেই শক্ত ভাষায় তসলিমা নাসরিনের আক্রমণের জবাব দিয়েছেন। খাতিজার বোরকা এবং নেকাবে আবৃত মুখের ছবি টুইট করে তসলিমা লিখেছিলেন, ""এ আর রহমানের সঙ্গীত আমি খুবই পছন্দ করি। কিন্তু যখনই আমি তার কন্যাকে দেখি, আমার দমবন্ধ হয়ে আসে। একটি সংস্কৃতিবান পরিবারের শিক্ষিত নারীও যে এরকম মগজ ধোলাইর শিকার হতে পারে, সেটি খুবই পীড়াদায়ক।"" তসলিমা নাসরিনের এই টুইট সাংঘাতিকভাবে ক্ষুব্ধ করে খাতিজা রহমানকে। তিনি এর উত্তরে ইনস্টাগ্রামে একের পর পোস্টে শক্ত ভাষায় তসলিমার আক্রমণের পাল্টা জবাব দিয়েছেন। একটি পোস্টে তিনি মন্তব্য করেন, ""তসলিমার যদি এতই দমবন্ধ লাগে তার উচিৎ বাইরে গিয়ে তাজা বাতাসে শ্বাস নেয়া।"" বোরকা নিয়ে বিতর্ক বাবা এ আর রহমানের সঙ্গে খাতিজা এবং তার বোন খাতিজা রহমানের বোরকা পড়া নিয়ে ভারতে এটাই প্রথম বিতর্ক নয়। গত বছরও সোশ্যাল মিডিয়ায় এ নিয়ে বিতর্কের ঝড় বয়ে গিয়েছিল। সেবার এই বিতর্কে খাতিজা রহমানকে যখন তীব্রভাবে আক্রমণ করা হচ্ছিল সোশ্যাল মিডিয়ায়, তখন তার সমর্থনে এগিয়ে এসেছিলেন বাবা এ আর রহমান। কন্যা খাতিজার বোরকা পড়াকে সমর্থন করে তিনি তখন একটি ছবি টুইট করে লিখেছিলেন, 'পোশাক বেছে নেয়ার স্বাধীনতা' সবার আছে। তার টুইট করা সেই ছবিটিতে ছিলেন এ আর রহমানের স্ত্রী, দুই মেয়ে এবং ভারতের বিশিষ্ট শিল্পপতি মুকেশ আম্বানির স্ত্রী নীতা আম্বানি। ছবিতে সবার মুখ দেখা গেলেও খাতিজার মুখ ছিল পুরো বোরকা এবং নেকাবে ঢাকা। গেল বছর খাতিজা নিশ্চুপ থাকলেও এবার তিনি তার নীরবতা ভেঙ্গেছেন তসলিমা নাসরিনের ব্যক্তিগত আক্রমণের জবাবে। 'নীরবতাকে অজ্ঞতা বলে ভেবো না' গত বছর খাতিজার যে ছবিটি নিয়ে বিতর্ক হয়েছিল। ইনস্টাগ্রামে খাতিজা রহমান আগুনের শিখার একটি ছবিটি পোস্ট করেন, তার নীচে লেখেন কারসন কোলহফ বলে একজনের উদ্ধৃতি: ""আমার নীরবতাকে অজ্ঞতা বলে ভুল করো না, আমার নিস্তব্ধতাকে ধরে নিওে না সম্মতি কিংবা আমার উদারতাকে দুর্বলতা বলে।"" এরপরে তিনি লিখেছেন, ""যাদের দম বন্ধ হয়ে আসছে বলে মনে হচ্ছে, তারা বাইরে গিয়ে তাজা বাতাসে শ্বাস নিন।"" এরপর খাতিজা আরেকটি পোস্ট দেন তসলিমা নাসরিনের টুইটের স্ক্রীনশটসহ। এবার তিনি লিখেন, ""এক বছর পার হয়নি, এর মধ্যে আবার এই বিষয় নিয়ে কথা চলছে। দেশে এখন কত কী ঘটছে, অথচ লোকের সব চিন্তা যেন এক টুকরো কাপড় নিয়ে যেটি একজন নারী পরতে চায়। আমি আসলেই চমকে যাচ্ছি।"" অন্যান্য খবর: কোয়ারেন্টিন করা জাহাজ থেকে দেশে ফিরছেন মার্কিনীরা হংকংয়ে অস্ত্রশস্ত্র নিয়ে টয়লেট টিস্যু ডাকাতি যে গার্মেন্টস কারখানায় তিন বেলা নামাজ বাধ্যতামূলক তিনি আরও লিখেছেন, ""যতবার এই বিষয়টি নিয়ে কথা হয়, আমার মনের ভেতর আগুন জ্বলতে থাকে এবং আমার অনেক কিছু বলতে ইচ্ছে করে। গত এক বছরে আমি অন্য এক আমাকে আবিস্কার করেছি, যাকে আমি আগে কখনো দেখিনি। আমি দুর্বল হবো না কিংবা যে জীবন আমি বেছে নিয়েছি সেটি নিয়ে আমার কোন অনুতাপ নেই। আমি যা করছি তা নিয়ে আমি সুখী এবং গর্বিত। আমি যা, সেভাবেই যারা আমাকে মেনে নিয়েছেন তাদের ধন্যবাদ।"" আরেক পোস্টে খাতিজা সরাসরি তসলিমা নাসরিনকে সম্বোধন করে লিখেছেন, ""প্রিয় তসলিমা নাসরিন, আমার পোশাক দেখে যে তোমার দমবন্ধ হয়ে আসে, সেজন্যে আমি দুঃখিত। আমার কিন্তু দমবন্ধ হয় না বরং আমি যা বিশ্বাস করি তার জন্য আমি গর্বিত এবং নিজেকে আমার আরও বলীয়ান মনে হয়। আমার পরামর্শ হচ্ছে, সত্যিকারের 'নারীবাদ' কি জিনিসে তা দয়া করে গুগলে সার্চ করে দেখ। নারীবাদ মানে অন্য নারীকে আক্রমণ করা নয়, তাদের বাবাকে বিতর্কে টেনে আনা নয়।"" তসলিমা নাসরিন যে অনুমতি ছাড়া তার ছবি পোস্ট করেছেন সেজন্যেও খোঁচা দিয়ে তিনি লিখেছেন, ""আমার তো মনে পড়ছে না আমার ছবি তোমার কাছে পাঠিয়েছিলাম বলে।"" তসলিমা নাসরিনের প্রত্যুত্তর বিতর্কিত নারীবাদী লেখিকা তসলিমা নাসরিন: ""খাতিজাকে দেখে দমবন্ধ লাগে"" তবে খাতিজার এসব কথার পর তসলিমা নাসরিনও চুপ করে নেই, তিনিও একের পর এক টুইট করে পাল্টা আক্রমণ অব্যাহত রেখেছেন। তসলিমার নারীবাদ নিয়ে খাতিজার কটাক্ষের জবাবে তিনি লিখেন, ""প্রিয় খাতিজা, যদি গুগল করো, তাহলে জানতে পারবে গত চার দশক ধরে মেয়েদের সমান অধিকারের জন্য আমার লড়াই।"" সেখানে নিজের বক্তৃতার ভিডিও লিংকও দিয়েছেন তিনি। আরেকটি টুইটে তসলিমা লিখেছেন, ""যদি ইসলাম অনুসরণ করতে চাও, পুরোপুরি করো। ইসলামে সঙ্গীত, গান গাওয়া, নাচ এগুলো নিষিদ্ধ। ইসলামে মানুষের ছবি আঁকা নিষিদ্ধ। ছবি আঁকা, ছবি তোলা বন্ধ করে দাও, একদম সহজ।"" আরেক টুইটে তিনি লিখেছেন, 'বোরকা নিষিদ্ধ করো, মেয়েদের শ্বাস নিতে দাও।'",ভারতের খ্যাতিমান সঙ্গীত পরিচালক এ আর রহমানের কন্যা খাতিজা রহমান এবং বাংলাদেশের বিতর্কিত নারীবাদী লেখিকা তসলিমা নাসরিনের মধ্যে গত কদিন ধরে এক উত্তপ্ত বাকযুদ্ধ চলছে সোশ্যাল মিডিয়ায়।,খাতিজা রহমানের বোরকা পড়া নিয়ে ভারতের সাবেক প্রধানমন্ত্রী তসলিমা নাসরিনের সঙ্গে নতুন করে বাকযুদ্ধ শুরু হয়েছে।,0.27906976744186046,0.04878048780487805,0.18604651162790697,0.763417,16,27
"উত্তর কোরিয়ার একটি সমুদ্র সৈকতের ছবি। তাদের মধ্যে হওয়া করমর্দন থেকে শুরু করে তাদের যৌথ সমঝোতায় স্বাক্ষর - সবকিছু থেকেই বিশ্লেষকরা দেখার চেষ্টার করছেন এই আলোচনায় আসলে কতোটা কী অর্জিত হয়েছে। যুক্তরাষ্ট্রের সাথে উত্তর কোরিয়ার সম্পর্কের ভবিষ্যতের ক্ষেত্রেও বা এই সমঝোতার তাৎপর্য কী? কিন্তু সেদিনের কিছু বিষয় ও ঘটনা ছিল, যা নিয়ে লোকজন প্রচুর কথাবার্তা বলছেন। ঠিক কী ঘটেছিল তখন? ১. সমুদ্র সৈকত প্রেসিডেন্ট হওয়ার আগে ডোনাল্ড ট্রাম্প পরিচিত ছিলেন একজন প্রপার্টি ব্যবসায়ী হিসেবে। তারপরেও এটি বিস্ময়কর যে কেন তিনি উত্তর কোরিয়ার অপরিচিত সমুদ্র উপকূলের কথা উল্লেখ করেছেন। মি. কিমের সাথে বৈঠকের পর তিনি বলেছেন, ""তাদের (উত্তর কোরিয়া) দারুণ কিছু সমুদ্র সৈকত আছে। তারা যখন সমুদ্রে তাদের কামান থেকে বিস্ফোরণ ঘটায়, তখন আপনারা সেসব দেখতে পান। সেখানে কি দারুণ সব বাড়িঘর বা কন্ডো হতে পারে না?"" যুক্তরাষ্ট্রের সরকার তার নাগরিকদেরকে উত্তর কোরিয়ায় না যাওয়ার পরামর্শ দিয়ে আসছে। এবং বলেছে, যেসব নাগরিক উত্তর কোরিয়ায় যাওয়ার সিদ্ধান্ত নেবেন তারা যেন যাওয়ার আগে উইলের খসড়া করে যান। ২. পোজ বা ভঙ্গি দুই নেতা যখন একসাথে দুপুরের খাবার খেতে যান, মি. ট্রাম্প তখন খাবারের টেবিলের সামনে দাঁড়িয়ে সাংবাদিকদের সকৌতুকে জিজ্ঞেস করেন:""ভালো ছবি পাচ্ছেন, সবাই? যাতে আমাদেরকে সুন্দর, হ্যান্ডসাম এবং চিকন দেখায়?"" তবে তার এই কথার অর্থ মনে হয় অনুবাদের কারণে হারিয়ে গিয়েছিল। কারণ মি. কিমের চোখেমুখে তখন কোন প্রতিক্রিয়া দেখা যায়নি। প্রেসিডেন্ট ট্রাম্প ফটোসাংবাদিকদের কাছে জানতে চাচ্ছেন তাদেরকে সুন্দর দেখাচ্ছে কিনা। আরো পড়তে পারেন: প্রিয়াঙ্কার পর এবার এক মুসলিম লেখককে আক্রমণ সৌদি নারীরা এখনও যে ৫টি কাজ করতে পারে না চাঁদ দেখার বিষয়টি চূড়ান্ত হয় কীভাবে? প্রবাসী আয়ে করারোপ: সরকার মনে করছে চক্রান্ত ৩. ভিডিও প্রেসিডেন্ট ট্রাম্পের সংবাদ সম্মেলন শুরু হওয়ার আগে সাংবাদিকদেরকে চার মিনিটের একটি ভিডিও দেখানো হয়। এটি খুবই অস্বাভাবিক একটি ঘটনা। ভিডিওটি ছিল কোরীয় এবং ইংরেজি ভাষায়। সংবাদ সম্মেলনে মি. ট্রাম্প বলেছেন যে এই ভিডিওটি তিনি কিম জং-আনকে দেখিয়েছেন। ভিডিওটিতে এমন কিছু দৃশ্য আর মিউজিক যোগ করা হয়েছে যাতে উত্তেজনার সৃষ্টি হতে পারে। এর ধারাভাষ্য দিচ্ছেন যিনি, নাটকীয় কণ্ঠে তিনি জিজ্ঞেস করছেন: ""এই নেতা কি তার দেশকে এগিয়ে নেওয়ার জন্যে কাজ করবেন ... তিনি কি শান্তির সাথে হাত মিলিয়ে সমৃদ্ধি উপভোগ করবেন, যে সমৃদ্ধি তিনি আগে কখনো দেখেননি?"" সাংবাদিকদের যে ভিডিওটি দেখানো হয় তার একটি স্থির চিত্র। ৪. দ্য বিস্ট আলোচনার পর মি. ট্রাম্প সিদ্ধান্ত নিলেন যে তিনি উত্তর কোরিয়ার নেতাকে তার কালো রঙের লিমুজিন গাড়িটি দেখাবেন। গাড়িটি পরিচিত 'দ্য বিস্ট' নামে। ক্যামেরা তখন দুই নেতাকে অনুসরণ করলো। তারা হেঁটে গেলেন গাড়ির দিকে। মি. কিম খুব অল্প সময়ের জন্যে গাড়ির ভেতরটা দেখলেন। প্রেসিডেন্ট ট্রাম্প মি. কিমকে তার গাড়িটি দেখালেন। ৫. কলম সমঝোতায় সই করার জন্যে টেবিলের উপর যে কলমটি রাখা ছিল সেটি ছিল কালো রঙের। তার গায়ে ছিল প্রেসিডেন্ট ট্রাম্পের স্বাক্ষর, সোনালী রঙের। উত্তর কোরিয়ার একজন কর্মকর্তা কলমটি পরীক্ষা করে দেখছেন। কিন্তু এই কলমে সই করেননি মি. কিম। একেবারে শেষ মুহূর্তে মি. কিমের প্রভাবশালী বোন কিম ইউ-জং তার ভাই-এর দিকে একটি বলপয়েন্ট কলম এগিয়ে ধরেন, যা দিয়ে তিনি চুক্তিতে সই করেছেন। পুরো সফরেই উত্তর কোরিয়ার নেতার নিরাপত্তার বিষয়টিকে খুব গুরুত্ব দেওয়া হয়েছে। তবে কলমটি কি রাজনৈতিক না-কি নিরাপত্তার কারণে বদলানো হয়েছে, তা এখনও পরিস্কার নয়। সংবাদ মাধ্যমে এও খবর বেরিয়েছে যে মি. কিম তার সাথে করে একটি ভ্রাম্যমাণ টয়লেট সিঙ্গাপুরে নিয়ে গিয়েছিলেন। কেন? বলা হচ্ছে, যাতে মি. কিমের মলমূত্র থেকে কেউ তার সম্পর্কে জৈব-তথ্য বের করে ফেলতে না পরে। অবশ্য এই খবরটি বিবিসি যাচাই করে দেখতে পারেনি।",মার্কিন প্রেসিডেন্ট ডোনাল্ড ট্রাম্পের সাথে উত্তর কোরিয়ার নেতা কিম জং-আনের বৈঠককে বলা হচ্ছে ঐতিহাসিক ঘটনা। সিঙ্গাপুরে এই প্রথম দুটো দেশের নেতারা বৈঠক করলেন।,যুক্তরাষ্ট্রের প্রেসিডেন্ট ডোনাল্ড ট্রাম্প এবং উত্তর কোরিয়ার নেতা কিম জং-আন একসাথে বৈঠক করেছেন।,0.3888888888888889,0.23529411764705885,0.3888888888888889,0.8177623,13,23
"বাংলাদেশে বিনা দোষে বছরের পর বছর কারাদণ্ড ভোগ করার নজির রয়েছে বেশ কয়েকটি পরে সেই ব্যক্তি উচ্চ আদালতে আবেদন করলে দুর্নীতি দমন কমিশন তাদের ভুল হয়েছে বলে স্বীকার করে। দুর্নীতি দমন কমিশনের তদন্ত নিয়ে ঐ ব্যক্তির অভিযোগ প্রমাণিত না হলে তার ১৫ বছরের কারাদণ্ড হতে পারতো। তবে ঐ ব্যক্তিকে শেষ পর্যন্ত কারাভোগ করতে না হলেও অনেকেই এরকম ক্ষেত্রে ভাগ্য তেমন সুপসন্ন হয়নি। সাম্প্রতিক সময়ে এরকম একটি আলোচিত মামলা ছিল জাহালমের ঘটনাটি, যিনি দুর্নীতি দমন কমিশনের ভুল তদন্ত এবং এক ব্যাংক কর্মকর্তার ভুল সাক্ষ্যের কারণে তিন বছর কারাদণ্ড ভোগ করেন। পরে মানবাধিকার কমিশনের তদন্তে বেরিয়ে আসে যে জাহালম নিরপরাধ। পরবর্তীতে আদালতের নির্দেশে সব মামলা থেকে অব্যাহতি পাওয়ার পর গত বছরের ফেব্রুয়ারি মাসে মুক্তি পান জাহালম। কোনো অপরাধ না করেও জীবনের একটা লম্বা সময় কেটেছে কারাগারে - সিনেমার কাহিনীর মত শোনালেও এরকম ঘটনা কিন্তু মাঝেমধ্যেই ঘটে থাকে আমাদের আশেপাশে। তদন্তে অনিচ্ছাকৃত বা ইচ্ছাকৃত ভুল, মিথ্যা সাক্ষ্যদান বা বিচারিক প্রক্রিয়ায় বিলম্ব হওয়া - এরকম নানা কারণে আদালত অনেকসময় ভুল রায় দিয়ে থাকেন, যার ফল ভোগ করতে হয় নিরপরাধ কোন ব্যক্তিকে। বাংলাদেশে সাম্প্রতিক সময়ে বিনা অপরাধে কারাভোগ করার কয়েকটি আলোচিত ঘটনা তুলে ধরা হলো এই প্রতিবেদনে। বিনা অপরাধে ১৩ বছর কারাভোগ, অত:পর মৃত্যু দু'হাজার তিন সালে সাতক্ষীরায় দু'জন পুলিশ কর্মকর্তা হত্যা মামলায় অভিযুক্তদের মধ্যে ছিলেন ওবায়দুর রহমান, যিনি আবেদ আলী হিসেবে বেশি পরিচিত। ২০০৬ সালে আদালত ঐ মামলায় আবেদ আলীসহ আরো দু'জনকে মৃত্যুদণ্ড দেন। এরপর ২০১১ সালে হাইকোর্ট নিম্ন আদালতের রায় বাতিল করে এবং আবেদ আলীকে খালাস দেয়। কিন্তু উচ্চ আদালত খালাস দিলেও রাষ্ট্র পক্ষ সুপ্রিম কোর্টে আবেদন করেন এবং পরবর্তী চার বছর ধরে শুনানি চলে মামলার। দু'হাজার আঠারো সালের এপ্রিলে আদালত আপিল বিভাগের রায় বহাল রেখে সিদ্ধান্ত দেন। কিন্তু আদালতের সিদ্ধান্তের পরও মুক্তি পাওয়ার সৌভাগ্য হয়নি আবেদ আলীর। সেই বছরের অক্টোবর মাসের যে দিন আবেদ আলীকে কারাগার থেকে খালাস করার রায়ের কপি কারাগারে গিয়ে পৌঁছায়, ঐ দিন তার কিছুক্ষণ আগে মারা যান আবেদ আলী। তিনি যে নির্দোষ, মৃত্যুর আগে সেই স্বীকৃতিটা পেলেও মুক্ত অবস্থায় একদিনও তিনি পরিবারের সাথে সময় কাটাতে পারেননি। বাংলাদেশে বিনা দোষে কারাদণ্ড ভোগ করার ঘটনা খুব বেশি না ঘটলেও মাঝেমধ্যেই এরকম ঘটনা শোনা যায় আরও পড়তে পারেন: কৈশোর, তারুণ্য, যৌবন জেলে কেটেছে বাবুল মিয়ার উনিশশো বেরানব্বই সালে বাসে ডাকাতির অভিযোগে ব্রাহ্মণবাড়িয়ার বাবুল মিয়া যখন গ্রেফতার হন, তার বয়স তখন ১৮ বছর। এরপর ২০১৭ সালে তিনি যখন বেকসুর প্রমাণিত হন এবং তাকে খালাস দেয়া হয়, সেসময় তার বয়স ৪৩। অর্থাৎ, নিজের জীবনের কৈশোরের একাংশ, তারুণ্য এবং যৌবনের একটা বড় অংশ কাটিয়েছেন জেলে। মজার ব্যাপার হলো, যে মামলায় ২৫ বছর কারাভোগ করেছেন বাবুল মিয়া, সেই মামলায় দোষী প্রমাণিত হলেও তার সর্বোচ্চ শাস্তি হত ১০ বছর। বিচারিক প্রক্রিয়ার দীর্ঘসূত্রিতার কারণেই মূলত এই দীর্ঘসময় কারাগারে থাকতে হয় বাবুল মিয়াকে। বিভিন্ন গণমাধ্যমে প্রকাশিত খবরে উঠে আসে যে, ১৯৯৩ থেকে ২০১৭ সাল পর্যন্ত ২৪ বছরে বিচার চলাকালীন সময়ে মামলার সাক্ষীদের অধিকাংশই সাক্ষ্য দিতে আসেননি। মামলার বাদী এবং তদন্ত কর্মকর্তাও কখনো আদালতে উপস্থিত হননি বলেও উঠে আসে প্রকাশিত খবরে। গণমাধ্যমে প্রকাশিত খবর অনুযায়ী, জেল থেকে বের হয়ে বাবুল মিয়া সাংবাদিকদের সামনে একটি প্রশ্ন রেখেছিলেন। স্বাভাবিকভাবেই সেই প্রশ্নের উত্তর দেয়ার সামর্থ্য ছিল না কারো। প্রশ্নটি ছিল: ""আমার যৌবনের ২৫ বছর ফিরিয়ে দেবে কে?"" বাংলাদেশে সাম্প্রতিক সময়ে বিনা অপরাধে কারাভোগ করার কয়েকটি ঘটনা বেশ আলোচনায় এসেছে স্ত্রী-কন্যা হত্যার মিথ্যা অভিযোগে ২০ বছর জেলে নিজের স্ত্রী ও দেড় বছরের কন্যা হত্যার অভিযোগে ২০০০ সালে আদালত মৃত্যুদণ্ড দেয় বাগেরহাটের শেখ জাহিদকে। ঐ বছর শেখ জাহিদ এই রায়ের বিরুদ্ধে অ্যাপিল করেন, যেটির শুনানি শেষে ২০০৪ সালে হাইকোর্ট মৃত্যুদণ্ডের আদেশ জারি রাখেন। হাইকোর্টের ঐ রায়ের বিপরীতে আসামী জাহিদ আবারো আবেদন করেন, যেই আবেদনের সুরাহা হয় ২০২০ সালের অগাস্টে। আদালত শেখ জাহিদকে নির্দোষ ঘোষণা করে রায় দেন। মৃত্যুদণ্ডপ্রাপ্ত আসামী হওয়ায় কারাবাসের পুরোটা সময়ই ফাঁসির আসামীর জন্য নির্ধারিত 'কনডেমড সেল'-এ দিনযাপন করতে হয় শেখ জাহিদকে। ৩০ বছর বয়সে শাস্তির মেয়াদ শুরু করা ঐ ব্যক্তি যখন খুলনা কারাগার থেকে মুক্তি পান, তখন তার বয়স ৫০ বছর। আসামীর বাবার নামের সাথে মিল, ৫ বছর কারাগারে গত সপ্তাহে কাশিমপুর কারাগার থেকে আরমান নামের এক ব্যক্তিকে খালাস করা হয়, যিনি ২০১৬ সাল থেকে কারাগারে ছিলেন। দু‌হাজার পাঁচ সালে বিস্ফোরক আইনে করা একটি মামলায় একজন আসামীর বাবার নাম আর মিরপুরের বাসিন্দা আরমানের বাবার নাম একই। ঐ মামলায় একজন আসামীকে ২০১২ সালে ১০ বছরের কারাদণ্ড দেয় আদালত। ঐ আসামী সে সময় পলাতক ছিলেন। গণমাধ্যমে প্রকাশিত খবরগুলো অনুযায়ী, শুধুমাত্র বাবার নাম এক থাকার কারণে ২০১৬ সালে মিরপুর থেকে আরমানকে গ্রেফতার করে কারাগারে পাঠায় পুলিশ। পরে এই বিষয়ে আরমানের পরিবারের পক্ষ থেকে আদালতে রিট করা হয় এবং চূড়ান্ত শুনানি শেষে আদালত আরমানকে খালাস করার রায় দেন। এই ঘটনায় আরমানকে আর্থিক ক্ষতিপূরণ দেয়ার এবং আরমানকে আটকের ঘটনার দায় নিরূপণে নতুন করে তদন্তের সিদ্ধান্ত দেন আদালত। বহুল আলোচিত জাহালমের কারাভোগ দু'হাজার ষোল সালের ফেব্রুয়ারি মাসে যখন জাহালমকে গ্রেফতার করা হয়, তখন তিনি নরসিংদীতে এক পাটকলে কাজ করছিলেন। এরপর ঠিক তিন বছর পূর্ণ হবার দু'দিন আগে হাইকোর্টের নির্দেশে মুক্তি পেয়ে বাড়িতে ফেরেন তিনি। মানবাধিকার কমিশনের তদন্তে প্রমাণিত হয় যে তিনি নির্দোষ হয়েও জেল খাটছিলেন। একটি ব্যাংক থেকে ১৮ কোটি টাকা আত্মসাতের অভিযোগ ছিল আবু সালেক নামে এক ব্যক্তির বিরুদ্ধে। ঐ ব্যাংকের এক কর্মকর্তা জাহালমকেই আবু সালেক বলে চিহ্নিত করে সাক্ষ্য দিলে জাহালমকে দোষী সাব্যস্ত করে আদালত। কার দোষে জাহালমের কারাভোগ করতে হলো - তা নির্ণয় করতে পরবর্তীতে তদন্ত কমিটি গঠন করে দুর্নীতি দমন কমিশন। সেই তদন্তের ফলাফল আজও দিনের আরো দেখেনি। বিবিসি বাংলায় অন্যান্য খবর:",বাংলাদেশের সম্প্রতি দুর্নীতি দমন কমিশনের করা এক মামলার তদন্তে মূল আসামীর নাম ও বাবার নামের সাথে মিল থাকায় অভিযুক্ত করা হয় আরেক ব্যক্তিকে।,দুর্নীতি দমন কমিশনের ভুল তদন্তের কারণে এক ব্যক্তি ১৫ বছরের কারাদণ্ড ভোগ করেন।,0.2222222222222222,0.11764705882352942,0.2222222222222222,0.7693696,13,23
"ঢাকা বিশ্ববিদ্যালয়ের সমবেত আন্দোলনকারীরা ঢাকা বিশ্ববিদ্যালয়ের রাজু ভাস্কর্য চত্বরে এক সংবাদ সম্মেলনে কোটা বিরোধী আন্দোলনকারীদের একজন নেতা হাসান আল মামুন কোটা বাতিলের ঘোষণা দেয়ায় প্রধানমন্ত্রীকে ধন্যবাদ জানান এবং একই সাথে তারা সরকারের সিদ্ধান্ত দ্রুত গেজেট আকারে প্রকাশের দাবি জানান। প্রধানমন্ত্রীকে মাদার অফ এডুকেশন আখ্যায়িত করে তারা শিক্ষার্থীদের বিরুদ্ধে দায়ের করা মামলা প্রত্যাহার ও ঢাকা বিশ্ববিদ্যালয়ের উপাচার্য ভবনে হামলাকারীদে শাস্তি দাবি করেন। একই সাথে তারা আন্দোলনকারীদের মধ্যে যারা আটক হয়েছেন তাদের মুক্তি ও আহতদের চিকিৎসার ব্যয়ভার বহনের জন্যও কর্তৃপক্ষের কাছে আহবান জানান। ক্যাম্পাস থেকে বিবিসির কাদির কল্লোল জানান সংবাদ সম্মেলনের পর শিক্ষার্থীরা ঢাকা বিশ্ববিদ্যালয় এলাকায় আনন্দ মিছিল বের করে। এর আগে কয়েকদিনের ধারাবাহিক আন্দোলনের পর বুধবার জাতীয় সংসদে প্রশ্নোত্তর পর্বে অংশ নিয়ে প্রধানমন্ত্রী এক প্রশ্নের জবাবে কোটা পদ্ধতির বাতিলের ঘোষণা দেন। এর মধ্যে রাতে ঢাকা বিশ্ববিদ্যালয়ে সাম্প্রতিক বিক্ষোভ, সংঘর্ষ ও উপাচার্যের বাসভবনে হামলার ঘটনায় চারটি মামলার কথা জানায় পুলিশ। আন্দোলনকারীরা অবশ্য জানান তারা বৃহস্পতিবার তাদের সিদ্ধান্ত জানাবেন। যদিও আন্দোলনকারীরা চাইছিলো চাকুরীতে কোটার পরিমাণ কমিয়ে দশ শতাংশে আনা হোক কিন্তু প্রধানমন্ত্রী সব ধরনের কোটাই বাতিলের ঘোষণা দিয়েছেন। রাজনৈতিক বিশ্লেষক ও সিনিয়র সাংবাদিক মোজাম্মেল হোসেন মঞ্জুর মতে প্রধানমন্ত্রীর ঘোষণা সমাজের বিভিন্ন শ্রেণীর মধ্যে বিস্ময়ের সৃষ্টি করেছে। ""একই সাথে আন্দোলনকারীরা বিস্মিত এবং কিছু বিভ্রান্তির মধ্যেও পড়েছে""। আরো পড়ুন: ছবিতে কোটা সংস্কার আন্দোলন কোটা পদ্ধতি বাতিল: প্রধানমন্ত্রী শেখ হাসিনা কোটা সংস্কার: আন্দোলনের নেপথ্যে কী ঘটছে প্রধানমন্ত্রীর বক্তব্য বিশ্লেষণ করে মিস্টার হোসেন বলেন একদিকে সকল নাগরিকদের মধ্যে সমতা আবার অনগ্রসরদের জন্য ব্যবস্থা করার কথা বলা হয়েছে প্রধানমন্ত্রীর তরফ থেকে। ""সেক্ষেত্রে প্রধানমন্ত্রী ক্ষুদ্র নৃ-গোষ্ঠী ও প্রতিবন্ধীদের জন্য ভিন্ন ব্যবস্থার কথা বলেছেন। এখন দেখার বিষয় হবে সরকার কিভাবে সেটি বাস্তবায়ন করে""। কিন্তু প্রধানমন্ত্রী কোন রাজনৈতিক ঝুঁকি নিলেন কি-না এমন প্রশ্নের জবাবে তিনি বলেন, ""ঝুঁকি একটা বাড়লো সেটি হলো- মুক্তিযোদ্ধা কোটা নিয়ে- কারণ আন্দোলনের দাবি ছিলো এ কোটা কমানো কিন্তু মুক্তিযোদ্ধাদের নানা সংগঠনের পক্ষ থেকেও পাল্টা দাবি আছে""। মোজাম্মেল হোসেন বলেন আন্দোলনকারীদের বিরুদ্ধে যারা অবস্থান নিয়েছিলো সেই ছাত্রলীগ আনন্দ মিছিল করেছে অর্থাৎ ক্যাম্পাসটা আবার ছাত্রলীগের জমায়েতে নিয়ে আসা- প্রধানমন্ত্রীর ঘোষণায় এ তাৎক্ষনিক কাজটা হয়েছে। তবে বুধবার সন্ধ্যায় প্রধানমন্ত্রীর ঘোষণার পরপরই ক্যাম্পাসে আন্দোলনকারীদের একজন জসিম উদ্দিন বিবিসিকে বলেন, ""আমরা কোটা বাতিলের জন্য আন্দোলন করিনি, আমরা করেছি কোটা সংস্কারের জন্য""। আরেকজন নারী শিক্ষার্থী বলেন, ""কোটা বিলুপ্তির দাবি আমরা কখনোই করিনি""। ঢাকা বিশ্ববিদ্যালয়ের শিক্ষক ও রাজনৈতিক বিশ্লেষক অধ্যাপক এম এম আকাশ বিবিসিকে বলেন প্রধানমন্ত্রী পরিস্থিতির গুরুত্ব অনুধাবন করে শল্য চিকিৎসার পথ বেছে নিয়েছেন। ""প্রধানমন্ত্রী পরিস্থিতির গুরুত্ব অনুধাবন করে যে রাজনৈতিক পদক্ষেপ নিয়েছেন সেটি সংকটকে আরও অবনতির দিকে যাওয়া থেকে ঠেকালো""।",বাংলাদেশের প্রধানমন্ত্রী শেখ হাসিনা সরকারি চাকুরীতে সব ধরনের কোটা বাতিলের ঘোষণা দেয়ার পর আজ আন্দোলনকারীদের তরফ থেকে কোটা সংস্কার আন্দোলন সরকার গেজেট প্রকাশ না হওয়া পর্যন্ত স্থগিত ঘোষণা করা হয়েছে।,বাংলাদেশে ঢাকা বিশ্ববিদ্যালয়ে কোটা পদ্ধতির বিরুদ্ধে আন্দোলনের পর প্রধানমন্ত্রী শেখ হাসিনা সরকারের সিদ্ধান্তের কঠোর সমালোচনা করেছেন।,0.21739130434782608,0.09090909090909091,0.13043478260869568,0.77314514,16,30
"জাতীয় পার্টির লোগো তারা বলেছেন, সরকারের নীতিনির্ধারকদের সাথে আলোচনা করেই তারা বিরোধীদলে বসছেন। বিদায়ী সংসদে দলটি একই সাথে সরকারে এবং বিরোধীদল থাকায় এনিয়ে অনেক সমালোচনা ছিল। বিশ্লেষকদের অনেকে বলেছেন, বিভিন্ন সময় দলটির সিদ্ধান্ত বার বার পরিবর্তন হওয়ায় বিশ্বাসযোগ্যতা নিয়েও প্রশ্ন রয়েছে। জাতীয় পার্টির কেউ মন্ত্রী হবেন না: এরশাদ রাঙ্গা জাপা মহাসচিব: কেন সরানো হলো হাওলাদারকে? সংসদে যাওয়ার সিদ্ধান্ত নিয়েছে গণফোরাম বিএনপি কি বলেছে যুক্তরাষ্ট্রের রাষ্ট্রদূতকে তবে এবার সরকারের স্বার্থেই জাতীয় পার্টির বিরোধীদলে থাকার সিদ্ধান্ত টেকসই হতে পারে বলে তারা মনে করেন। জাতীয় পার্টির চেয়ারম্যান জেনারেল এরশাদ শনিবার তার দলের মহাসচিব মসিউর রহমান রাঙ্গাকে সংসদে বিরোধী দলের চীফ হুইপ হিসেবে মনোনীত করেছেন। দলটির পক্ষ থেকে এ সম্পর্কিত চিঠি সংসদের স্পিকারের কাছে পাঠানো হয়েছে। এর আগে গতকাল জেনারেল এরশাদ ঘোষণা করেছেন, তিনি নিজে বিরোধী দলীয় নেতা এবং জিএম কাদের বিরোধী দলীয় উপনেতা হিসেবে দায়িত্ব পালন করবেন। এই চিঠিও গেছে স্পিকারের কাছে। বিদায়ী সংসদে জেনারেল এরশাদের স্ত্রী এবং জাতীয় পার্টির নেত্রী রওশন এরশাদ বিরোধী দলীয় নেতার দায়িত্ব পালন করেন। গণমাধ্যমে পাঠানো এরশাদের বিবৃতি একইসাথে জেনারেল এরশাদ নিজে প্রধানমন্ত্রীর বিশেষ দূত হিসেবে এবং জাতীয় পার্টির তিনজন নেতা আওয়ামী লীগের নেতৃত্বাধীন সরকারের মন্ত্রীসভায় আছেন। এখন নতুন সরকারে যোগ না দিয়ে সংসদে নির্ভেজাল বিরোধী দলের দায়িত্ব পালনের কথা বলছে দলটি। মসিউর রহমান রাঙ্গা বলেছেন, তারা বিরোধী দলে থাকবেন, সেটা সরকারও চাইছে। ""গতবার আমাদের তিনজন মন্ত্রী থাকার কারণে অনেকে অনেক কথা বলেছেন যে, একই সংসদে মন্ত্রিত্বে এবং বিরোধীদলে থাকা, এটা খারাপ দেখায়। এটা সাংবিধানিকভাবে সাংঘর্ষিক। সে কারণে মাননীয় চেয়ারম্যান হুসেইন মুহাম্মদ এরশাদ চিন্তা করেছেন যে, আমাদের মন্ত্রীসভায় যাওয়ার দরকার নেই। আমরা বিরোধীদল মানে নির্ভেজাল বিরোধীদল যাকে বলে, সেই ভূমিকাটাই পালন করতে চাই দেশের মানুষের জন্য।"" ""সরকারও চাচ্ছে যে, একটা নির্ভেজাল মানে সরকারে না থেকে একটা বিরোধীদল থাকুক।"" এবারের নির্বাচনসহ বিভিন্ন সময় জাতীয় পার্টি তাদের সিদ্ধান্তে স্থির থাকতে পারেনি। এমনকি দলটির শীর্ষ নেতা নিজে একটা সিদ্ধান্ত ঘোষণা করার অল্প সময়ের মধ্যে তিনি সেই সিদ্ধান্ত পরিবর্তন করেছেন, এমন অনেক নজির আছে। অনেক সময়ই দলটির বিশ্বাসযোগ্যতাও প্রশ্নের মুখে পড়েছে। এছাড়া জেনারেল এরশাদ বা জাতীয় পার্টির নেতৃত্ব নিজেদের ইচ্ছায় বা অনিচ্ছায় সিদ্ধান্ত নিতে পারেন কিনা, সেই প্রশ্নও অনেকে তোলেন। সিনিয়র সাংবাদিক রিয়াজউদ্দিন আহমেদ বলেছেন,যেহেতু বিএনপিসহ জাতীয় ঐক্যফ্রন্ট মাত্র সাতটি আসন পেয়ে ফলাফলই প্রত্যাখ্যান করেছে, ফলে সরকার এবার সংসদকে বিরোধীদলবিহীন দেখাতে চায় না। আর সেকারণে জাতীয় পার্টির বিরোধীদল থাকার সিদ্ধান্ত টেকসই বা স্থায়ী হওয়ার সম্ভাবনা রয়েছে। নির্বাচনের আগে এবারও জাতীয় পার্টিকে নিয়ে টানা-হেঁচড়া চলছে বলে মনে করেন অনেকে তিনি বলেন, ""সরকার বা সরকারি দলের জন্য একটা শক্তিশালী বিরোধীদল প্রয়োজন। এখন এই বিরোধীদল শক্তিশালী হওয়ার কোন কারণ নাই। কিন্তু এরশাদ যেহেতু প্রাক্তন রাষ্ট্রপতি এবং অনেকবারের এমপি, উনার ইমেজটা নিয়ে ২২জনকে দিয়ে একটা বিরোধীদল করলে মোটামুটি মুখ রক্ষার একটা সংসদ হবে যাতে বিরোধী দলও থাকবে। তা না হলে তো একদলীয় একটা সংসদ হবে। সেকারণে আমার ধারণা যে, জাতীয় পার্টির এই সিদ্ধান্তটা তাদের একার নাও হতে পারে। এটা মহাজোটের যৌথ সিদ্ধান্তও হতে পারে। এজন্য তাদের এই সিদ্ধান্ত টিকে যেতে পারে।"" জাতীয় পার্টির মহাসচিব মসিউর রহমান রাঙ্গা অবশ্য বলেছেন, তারা আওয়ামী লীগের নেতৃত্বাধীন মহাজোট থেকে নির্বাচন করে ২২টি আসন পেয়েছেন। কিন্তু আওয়ামী লীগ বা সরকারের নীতিনির্ধারকদের সাথে আলোচনার ভিত্তিতেই জাতীয় পার্টি এবার প্রধান বিরোধী দলের দায়িত্ব পালনের এই সিদ্ধান্ত নিয়েছে বলে মি: রাঙ্গা উল্লেখ করেছেন। ""সরকারে যারা নীতিনির্ধারণ করেন, তারাও বলেছেন যে, আপনারা বিরোধীদলে থাকলে আপনাদের জন্য ভাল হয়। আমাদের জন্যও ভাল হয়। কারণ মন্ত্রীসভায় বিরোধী দল থেকে লোক নিলে তাদেরও অনেক প্রশ্নের মুখে পড়তে হয়।"" অন্যদিকে এবারও জাতীয় পার্টির সিনিয়র অনেক নেতার মাঝে মন্ত্রী হওয়ার সুপ্ত বাসনা আছে বলে তাদেরই অনেকে মনে করেন। এরপরও সরকারে যোগ না দেওয়ার ব্যাপারে জাতীয় পার্টির সিদ্ধান্ত এবার পরিবর্তনের সম্ভাবনা নেই বলে দলটির নীতিনির্ধারকরা দাবি করছেন।",বাংলাদেশের নতুন সংসদে জেনারেল এরশাদের নেতৃত্বাধীন জাতীয় পার্টির বিরোধীদল হিসেবে দায়িত্ব পালনের এবারের সিদ্ধান্ত পরিবর্তন হবে না বলে দলটির নেতারা দাবি করেছেন।,বাংলাদেশে জাতীয় পার্টির চেয়ারম্যান জেনারেল এরশাদ সংসদে বিরোধী দলের চীফ হুইপ হিসেবে নিয়োগ পেয়েছেন।,0.2777777777777778,0.058823529411764705,0.16666666666666663,0.77180636,14,22
"এক লক্ষেরও বেশি নারীর ছবি সংগ্রহ করে ডিজিটালি তাদের গায়ের কাপড় খুলে নেয়াহয়েছে। আর্টিফিশিয়াল ইন্টেলিজেন্স (এআই) ব্যবহার করে এসব ছবি থেকে নারী দেহের পোশাক সরিয়ে ফেলা হচ্ছে এবং মেসেজিং অ্যাপ টেলিগ্রামের মাধ্যমে এসব নগ্ন ছবি ছড়িয়ে দেয়া হচ্ছে বলে রিপোর্টে উল্লেখ করা হয়েছে। ইন্টেলিজেন্স কোম্পানি সেনসিটির তৈরি এই রিপোর্টটি আরো জানাচ্ছে যে এসব বিবস্ত্র নারীর অনেকেই অল্পবয়সী। কিন্তু যারা এসব করছে তারা প্রায়ই একে শুধুমাত্র 'বিনোদন' হিসেবে বর্ণনা করে থাকে। বিবিসি এধরনের একটি সফটওয়্যার পরীক্ষা করে দেখেছে। তবে তার ফলাফল আশানুরূপ হয়নি। কিন্তু সেনসিটি দাবি করছে, 'ডিপফেক বট' নামে প্রযুক্তি ব্যবহার করে নারীদের নগ্ন বানানোর কাজ চলছে। ডিপফেক বট প্রযুক্তি দিয়ে যেভাবে নারীকে নগ্ন বানানো হয়। ডিপফেক হলো কম্পিউটারে তৈরি এক ধরনের ছবি বা ভিডিও যা দেখলে ধরা যাবেন না সেটি নকল। এই প্রযুক্তি ব্যবহার করে প্রায়ই সেলেব্রিটিদের নিয়ে ভুয়া পর্নোগ্রাফিক ভিডিও ক্লিপ তৈরি করা হয়। তবে সেনসিটির প্রধান নির্বাহী জর্জিও পাত্রিনি বলছেন, সেলেব্রিটিদের ছেড়ে সাধারণ মানুষের ছবি ব্যবহার করে ভুয়া ভিডিও কিংবা ছবি তৈরি করার ঝোঁক এখন বাড়ছে। ""সোশাল মিডিয়া অ্যাকাউন্টে কারো একটি ছবি থাকলেই তাকে নিয়ে এ ধরনের ছবি তৈরি করা সম্ভব,"" বলছেন তিনি। টেলিগ্রাম ডিপফেক বট মেসেজিং অ্যাপ টেলিগ্রামের প্রাইভেট মেসেজিং চ্যানেলে একটি শক্তিশালী এআই বট (রোবট প্রোগ্রাম) ব্যবহার করা হয়। এর ব্যবহারকারীরা এই বটকে কোন নারীর ছবি পাঠাতে পারে। এবং এআই প্রযুক্তি ব্যবহার করে বটটি কয়েক মিনিটের মধ্যে ছবিতে ঐ নারীর দেহ থেকে কাপড় সরিয়ে ফেলতে পারে। এর জন্য টেলিগ্রামের গ্রাহককে কোন অর্থও দিতে হবে না। বিবিসি কয়েকজনের অনুমতি নিয়ে তাদের ছবির ওপর পরীক্ষা চালিয়েছে। কিন্তু কোন পরীক্ষার ছবিই বাস্তবসম্মত দেখায় নি। এধরনের একটি অ্যাপ গত বছর বন্ধ করে দেয়া হয়েছিল। কিন্তু এখন মনে করা হচ্ছে ঐ সফটওয়্যারের একটি ক্র্যাকড ভার্সন এখন আবার ব্যবহার করা হচ্ছে। যে এই সেবাটি দিচ্ছে তার অ্যাডমিন, যিনি নাম ব্যবহার করেন শুধু 'পি', তিনি বলছেন, ""এসব আমি কেয়ার করি না। এটা হচ্ছে শুধুই বিনোদন, এবং এতে কারও কোন ক্ষতি করা হচ্ছে না। ""এটা দিয়ে কেউ কাউকে ব্ল্যাকমেইল করতে পারবে না। কারণ এসব ছবির মান বাস্তবসম্মত না।"" রুশ ভাষায় ডিপফেক বট-এর বিজ্ঞাপন। আরও পড়তে পারেন: নকল কণ্ঠস্বর ব্যবহার করে 'অর্থ চুরি' জাকারবার্গের ফেক ভিডিও তুলে নিবে না ফেসবুক তিনি আরো জানান, তাদের টিম যে ধরনের ছবি শেয়ার করা হচ্ছে তার ওপর নজর রাখে। ""যখন আমরা দেখতে পাই যে শিশুদের ছবি ব্যবহার করা হচ্ছে তখন আমরা ব্যবহারকারীকে চিরদিনের জন্য ব্লক করে দেই।"" তিনি বলছেন, তবে কেউ যদি এসব ছবি অন্যদের সাথে ব্যবহার করতে চায় সেটা নির্ভর করছে কে ছবিটি তৈরি করেছে তার ওপর। এই ধরনের ছবির তুলনামূলক ক্ষতি সম্পর্কে মন্তব্য করতে গিয়ে তিনি বলেন, ""যুদ্ধ, রোগবালাইসহ এমন অনেক কিছু আছে যা বিশ্বের জন্য ক্ষতিকর।"" এই বিষয়ে টেলিগ্রামের সাথে যোগাযোগ করা হলেও তারা কোন মন্তব্য করতে রাজি হয়নি। 'শিশু যৌন নির্যাতন' সেনসিটি তার রিপোর্টে বলছে, ২০১৯ সালের জুলাই থেকে ২০২০ সালের একই মাস পর্যন্ত প্রায় ১,০৪,৮৫২ নারীর ছবির অপব্যবহার করে ডিজিটাল কায়দায় তাদের বিবস্ত্র করা হয়েছে। এসব ছবি সোশাল মিডিয়াতে খোলাখুলিভাবে ব্যবহারও করা হয়েছে। প্রযুক্তি জায়ান্ট গুগুলও ডিপফেক-এর বিরুদ্ধে মাঠে নেমেছে। সংস্থাটির তদন্তে কিছু কিছু ছবি অপ্রাপ্ত বয়স্কদের। ""এর মানে হলো কোন কোন ইউজার এই বট ব্যবহার করে শুধুমাত্র শিশুদের যৌন নির্যাতনের ছবি ও ভিডিও তৈরি করছে।"" সেনসিটি বলছে, রুশ সোশাল মিডিয়া সাইট ভিকে-তে এই বটের প্রচুর বিজ্ঞাপন ব্যবহার করা হয়েছে। এই প্ল্যাটফর্মের ওপর এক জরিপে দেখা যাচ্ছে, বেশিরভাগ ইউজার রাশিয়া এবং সাবেক সোভিয়েত প্রজাতন্ত্রের দেশগুলির বাসিন্দা। তবে ভিকে বলছে, ""তাদের প্ল্যাটফর্মে এধরনের কন্টেন্ট তারা বরদাশত করে না এবং এসব যারা ছড়ায় তারা তাদেরকে ব্লক করে।"" এ বছরের গোঁড়ার দিকে টেলিগ্রামকে রাশিয়ায় সরকারিভাবে নিষিদ্ধ করা হয়েছে। এই রিপোর্টের লেখকরা বলছেন, তারা তাদের সব তথ্য টেলিগ্রাম, ভিকে এবং আইনশৃঙ্খলা রক্ষাকারী বাহিনীগুলোকে পাঠানো হয়েছিল। কিন্তু তাদের পক্ষ থেকে কোন জবাব আসেনি। নিনা শিক 'ডিপফেক অ্যান্ড ইনফোক্যালিপ্স'‌ নামে একটি বইয়ের রচয়িতা। তিনি বলছেন, ডিপফেক কন্টেন্টের নির্মাতারা ছড়িয়ে আছে সারা বিশ্ব জুড়ে। সেকারণে ""কোন ধরনের আইনগত সুরক্ষা তাদের ধরত পারে না। ""এজন্যেই ডিপফেক প্রযুক্তি দিয়ে তৈরি পর্নোগ্রাফিক ভিডিওর সংখ্যা প্রতি ছয় মাস পর পর দ্বিগুণ হচ্ছে,""‍ তিনি বলেন। ""আমাদের বর্তমান আইন ব্যবস্থা এই সমস্যা সমাধানে যথেষ্ট নয়। প্রযুক্তির দ্রুত পরিবর্তনের ফলে আমাদের সমাজ ব্যবস্থাও এত দ্রুত বদলে যাচ্ছে যে কল্পনা করা যায় না। এসব প্রযুক্তিকে কীভাবে নিয়ন্ত্রণ করা যাবে আমাদের সমাজ সে সম্পর্কে এখনও মনস্থির করে উঠতে পারেনি। ""এসব ভুয়া পর্নের যারা শিকার হয়েছেন, তাদের জীবনের ওপর এর প্রভাব একেবারেই বিধ্বংসী। তারা এতটাই অমর্যাদা আর অসম্মানের মুখোমুখি হন যে তাদের জীবন একেবারে ওলটপালট হয়ে যায়।"" গত বছর যুক্তরাষ্ট্রের ভার্জিনিয়া অঙ্গরাজ্যই প্রথম কোন রাজ্য যেখানে ডিপফেক প্রযুক্তি নিষিদ্ধ করা হয়েছে। ব্রিটেনের সরকারও এখন এসংক্রান্ত আইন পরিবর্তনের কথা চিন্তাভাবনা করছে।",সারা বিশ্বের সোশাল মিডিয়া থেকে এক লক্ষেরও বেশি নারীর ছবি সংগ্রহ করে সেগুলো দিয়ে ভুয়া নগ্ন ছবি তৈরি করা হচ্ছে এবং অনলাইনে তা শেয়ার করা হচ্ছে বলে এক রিপোর্টে জানা যাচ্ছে।,এক রিপোর্টে উঠে এসেছে যে এক লক্ষেরও বেশি নারীর ছবি সংগ্রহ করে ডিজিটালি তাদের গায়ের কাপড় খুলে নেয়াহয়েছে।,0.3673469387755102,0.2978723404255319,0.2857142857142857,0.8003347,18,31
"ফুলবাড়ী সীমান্তে একজন যাত্রীকে পরীক্ষা করা হচ্ছে সেখানে জরুরি সেবায় নিয়োজিত ব্যক্তিরা ছাড়া সবাইকে বাড়িতে থাকার আদেশ দিতে হবে। আন্তঃজেলা গণপরিবহন বন্ধ করা থেকে শুরু করে কঠোর নজরদারি, টহলের পরিমাণ বাড়ানো এবং তাৎক্ষণিক ব্যবস্থা গ্রহণ করার জন্য স্থানীয় প্রশাসনকে ক্ষমতা দেয়ারও পরামর্শ দেয়া হয়েছে। মঙ্গলবার রাতে কোভিড-১৯ সংক্রান্ত জাতীয় কারিগরি পরামর্শক কমিটির একটি বিজ্ঞপ্তিতে এই তথ্য জানানো হয়েছে। গত ৩০ ও ৩১শে মে পরামর্শক কমিটির সভায় এসব পরামর্শ দেয়া হয়েছে। ওই সভায় অংশ নিয়েছিলেন মন্ত্রিপরিষদ বিভাগের সচিব খন্দকার আনোয়ারুল ইসলাম, স্বাস্থ্য সেবা বিভাগের সচিব লোকমান হোসেন মিয়া এবং স্বাস্থ্য অধিদপ্তরের মহাপরিচালক ডা. আবুল বাসার মোহম্মদ খুরশীদ আলম। সভায় আলোচনায় উঠে এসেছে যে, সীমান্তবর্তী জেলা, বিশেষ করে চাঁপাইনবাবগঞ্জ, নাটোর, রাজশাহী, নওগাঁ, সাতক্ষীরা, যশোর, খুলনা ও বাগেরহাটে কোভিড-১৯ পরিস্থিতির সবচেয়ে অবনতি ঘটেছে। সেখানে সংক্রমণের উচ্চহার দেখা গেছে। স্বাস্থ্য বিশেষজ্ঞরা বলছেন, কমিউনিটি পর্যায়ে ভারতীয় ভ্যারিয়েন্টের উপস্থিতি পাওয়া যাওয়ায় বড় আকারে সংক্রমণ হলে চিকিৎসা ব্যবস্থার জন্য বড় রকমের চ্যালেঞ্জ তৈরি হতে পারে। যেমন অনেক উন্নত দেশে দেখা গেছে। পাশের দেশ ভারত এখন এইরকম চ্যালেঞ্জের ভেতর দিয়ে যাচ্ছে। সার্বিক অবস্থা বিবেচনায় কারিগরি পরামর্শক কমিটি যেসব সুপারিশ করেছে, তার মধ্যে রয়েছে, চাঁপাইনবাবগঞ্জে হঠাৎই করোনা ভাইরাসের সংক্রমণ বেড়ে যাওয়ায় সাতদিনের লকডাউন দিয়েছিল স্থানীয় কর্তৃপক্ষ। জেলা পর্যায়ে কোভিড-১৯ প্রতিরোধের বিধিনিষেধ পালনে স্বাস্থ্য বিভাগের সাথে জনপ্রশাসন ও পুলিশের সমন্বয় বাড়াতে হবে। প্রশাসনের পক্ষ থেকে বিধিনিষেধ নিশ্চিত করতে কঠোর মনিটরিং জোরদার করতে হবে, প্রয়োজনে সেজন্য আইনও সংশোধন করা যেতে পারে। সংক্রমণ নিয়ন্ত্রণে না আসা পর্যন্ত বিধিনিষেধ অব্যাহত রাখারও পরামর্শ দিয়েছে জাতীয় কারিগরি পরামর্শক কমিটি। এই বিষয়ে স্বাস্থ্য অধিদপ্তরের অতিরিক্ত মহাপরিচালক ডা. নাসিমা সুলতানা বিবিসি বাংলাকে বলছেন, কারিগরি পরামর্শক কমিটির অনেক সুপারিশ এর মধ্যেই বাস্তবায়ন শুরু হয়েছে। ''নির্দেশনা দেয়াই রয়েছে যে, স্থানীয় পর্যায়ে পরিস্থিতি দেখে স্থানীয় প্রশাসন নিজেরাই সিদ্ধান্ত নিতে পারবেন। তাদেরকে সেই ক্ষমতা ও দায়িত্ব দেয়া হয়েছে। কমিটি তো এলাকাভিত্তিক ব্যবস্থা নিতে বলেছে, যেখানে যেরকম করোনা পরিস্থিতি, সেরকম দেখে ওখানকার স্থানীয় প্রশাসন ব্যবস্থা নেবেন, এই স্বাধীনতা তাদের দেয়া হয়েছে।'' ''করোনা নিয়ন্ত্রণে যা যা কার্যক্রম, স্থানীয় পর্যায়ের কর্তৃপক্ষ সব কাজই করতে পারবেন,'' তিনি বলছেন। স্বাস্থ্যমন্ত্রী আশঙ্কা প্রকাশ করে বলেছেন, সীমান্তবর্তী জেলাগুলোতে সংক্রমণ এবং মৃত্যু বাড়ছে। ফলে কঠোর বিধিনিষেধ জারি করতে বিলম্ব হলে সংকট বাড়বে। তবে সীমান্তবর্তী জেলাগুলোতে লকডাউনের কঠোর বিধিনিষেধ জারি করার প্রশ্নে সরকারের পক্ষে মন্ত্রিপরিষদ সচিব সাংবাদিকদের বলেছেন, এ ব্যাপারে সিদ্ধান্ত নিতে স্থানীয় প্রশাসনকে আগেই নির্দেশনা দেয়া আছে। সীমান্তবর্তী জেলাগুলোতে সংক্রমণ বৃদ্ধির কারণে হাসপাতালগুলোতে চাপ বাড়ছে। বুধবার নওগাঁর দুইটি এলাকায় সর্বাত্মক লকডাউন ও খুলনার তিনটি এলাকায় স্থানীয়ভাবে কঠোর বিধিনিষেধ আরোপ করে কর্তৃপক্ষ। এর আগে চাঁপাইনবাবগঞ্জ জেলায় ঘোষণা করা লকডাউন আরও একসপ্তাহ বাড়ানো হয়েছে। আগামী ছয়ই জুন পর্যন্ত সারাদেশে চলাচলে বিধিনিষেধ থাকলেও, কার্যত সব ধরনের যানবাহন, বিমান, লঞ্চ, ট্রেন চলছে, শপিংমল, ব্যবসা প্রতিষ্ঠান খোলা রয়েছে। বুধবার পর্যন্ত বাংলাদেশে মোট কোভিড-১৯ রোগী শনাক্ত হয়েছেন ৮ লাখ ২ হাজার ৩০৫ জন। এ পর্যন্ত বাংলাদেশে করোনাভাইরাসে মৃত্যু হয়েছে ১২ হাজার ৬৬০ জনের। তবে আক্রান্ত হওয়ার পরেও সুস্থ হয়ে উঠেছেন ৭ লাখ ৪২ হাজার ১৫১ জন। বিবিসি বাংলার অন্যান্য খবর: বিমান চলাচল নিষিদ্ধের তালিকায় রদবদল, যেসব দেশে যাওয়া-আসা যাবে না নানা ধরনের ফাঙ্গাস সংক্রমণে নাকাল ভারতের কোভিড রোগীরা মহামারির বছরেও স্বাস্থ্যখাতে বরাদ্দের বেশিরভাগ অর্থ খরচ হলোনা কেন? মের্কেল এবং বেশকিছু ইউরোপীয় নেতার পেছনে মার্কিন গুপ্তচর",বাংলাদেশের কোভিড-১৯ প্রতিরোধে সীমান্তবর্তী জেলা ও উচ্চ সংক্রমিত এলাকায় অঞ্চল ভিত্তিক সম্পূর্ণ লকডাউন দেয়ার পরামর্শ দিয়েছে কারিগরি পরামর্শক কমিটি।,বাংলাদেশে সীমান্তবর্তী জেলাগুলোতে করোনাভাইরাসের সংক্রমণের উচ্চহার দেখা যাওয়ার পর সেখানে সব ধরণের বিধিনিষেধ আরোপ করা হয়েছে।,0.05714285714285714,0.0,0.05714285714285714,0.72270584,16,19
"ভারত থেকে নদীতে ভেসে আসা হাতিটি এক মাসের বেশি সময় ধরে বাংলাদেশে অবস্থান করছে। এদিকে হাতি উদ্ধারে ভারত থেকে আস তিন সদস্যের প্রতিনিধি দল জামালপুর পৌঁছেছেন। স্থানীয় একজন সাংবাদিক আজিজুর রহমান চৌধুরি জানিয়েছেন, ভারতীয় দলের সাথে কাজ করতে বাংলাদেশের বন্যপ্রাণী ও অপরাধ দমন ইউনিটের ১৭ সদস্যের একটি দল ট্রাঙ্কুলাইজিং গান, ওষুধ, ট্রলারসহ বিভিন্ন সরঞ্জাম নিয়ে সেখানে রয়েছে। বিশাল দেহের প্রাণীটি গত কয়েক সপ্তাহ ধরে বাংলাদেশের উত্তরাঞ্চলের বিভিন্ন চর এলাকায় ঘুরে বেড়াচ্ছে। বাংলাদেশের বন্যপ্রাণী ও অপরাধ দমন ইউনিটের সাইদ হোসেন বিবিসি বাংলাকে বলেন, “হাতিটি দীর্ঘ এক মাসে কখনো খাবার পেয়েছে, কখনো পায়নি। পরিমাণ মত খাবার না পওয়ায় কিছুটা দুর্বল হয়ে পড়েছে হাতিটি”। শুরুতে হাতিটিকে চেতনা-নাশক প্রয়োগ করে সরিয়ে নেয়ার কথা ভাবা হচ্ছিল। কিন্তু পাঁচ টনেরও বেশি ওজনের হাতিটিকে অজ্ঞান করলে সেখান থেকে কিভাবে সরিয়ে নেয়া হবে সেটিও এখন চিন্তা করা হচ্ছে। হাতিটি উদ্ধারের জন্য বাংলাদেশে এসেছে ভারতের একটি প্রতিনিধি দল। মিস্টার হোসেন জানান, ভারতীয় দলের সাথে আলাপ করে হাতি সরানোর চূড়ান্ত পরিকল্পনা ঠিক করা হবে। পানি থেকে শুকনো এলাকায় নিয়ে গিয়ে হাতিটিকে খাবার খাইয়ে অজ্ঞান করার পর ট্রাক কিংবা ক্রেন দিয়ে হাতিটিকে তুলে নিয়ে যেতে চাইছেন তারা। এরপর হাতিটি ভারতে নেয়া হবে নাকি বাংলাদেশে রাখা হবে তার ওপর ভিত্তি করে পরবর্তী ব্যবস্তা নেয়া হবে। বাংলাদেশের বন বিভাগের কর্মকর্তারা জানান, ব্রহ্মপুত্র ও যমুনা নদী সাঁতরে হাতিটি এসে গাইবান্ধার একটি চরে ওঠে। এরপর যমুনার তীরবর্তী এক চর থেকে আরেক চরে ঘুরে বেড়াতে শুরু করে হাতিটি। এরপর জামালপুরের চাঞ্চল্য ঘুরে সে পৌঁছে যায় বগুড়ায় চরে। পরে আবারও জামালপুরের গিয়ে সর্বশেষ হাতিটি সরিষাবাড়ি এলাকায় রয়েছে বলে জানা যায়। এদিকে হাতিটি যেখানেই যাচ্ছে সেদিকেই ভিড় করছেন উৎসুক লোকজন। গণমাধ্যমের কর্মীরাও নিয়মিত হাতির গতিবিধির দিকে নজর রাখছেন। যখনই হাতিটি যেখানে গেছে সেখানে ছুটে গেছেন সাংবাদিক ও আলোকচিত্রীরা। ভারত থেকে বাংলাদেশে হাতি আসার ঘটনা এটিই প্রথম নয়। এর আগেও আরও দু’বার এরকম হাতি আসার ঘটনা ঘটেছে। কিন্তু এভাবে দীর্ঘদিন ধরে একটি বুনো হাতি আটকে থাকার ঘটনা আগে দেখা যায়নি, বলছেন বন কর্মকর্তারা।",জামালপুর সদর থেকে ৪০ কিলোমিটার দূরে সরিষাবাড়ি উপজেলার সোনারকান্দা এলাকার বন্যার পানিতে ডুবে থাকা একটি পাটক্ষেতের মধ্যে হাতিটি দাঁড়িয়ে আছে। আর সেখানে ভীড় করেছে কয়েক হাজার লোক ।,ভারত থেকে ব্রহ্মপুত্র ও যমুনা নদী সাঁতরে ভেসে আসার এক মাসের বেশি সময় ধরে বাংলাদেশে অবস্থান করছে হাতিটি।,0.043478260869565216,0.0,0.043478260869565216,0.68052036,18,28
"গরু সামলাতে গিয়ে বিপাকে বোয়ালিয়া থানার পুলিশ। থানার প্রধান ফটকের কাছে খোলা আকাশের নিচে প্রায় ৪ সপ্তাহ ধরে বাঁধা রয়েছে গরু তিনটি। যার দুটি বাদামী রঙা এবং একটি কালো। খোঁজ নিয়ে জানা যায়, এই দুটো গরুর মালিক থানার কেউ নয়। বরং থানায় গরু চুরি মামলার খপ্পরে পড়া দুই আসামীর কাছ থেকে পাওয়া। সম্প্রতি গরু চুরির অভিযোগে তাদের আদালতের নির্দেশে কারাগারে পাঠানো হয়। আসামীদের কারাগারে পাঠানো হলেও তাদের এই চোরাই গরু নিয়ে বিপাকে পড়েছে বোয়ালিয়া মডেল থানার পুলিশরা। এ অবস্থায় থানার বাইরেই তাদের পরিচর্যার ব্যবস্থা করা হয়েছে। বাধ্য হয়ে নিজের পকেটের টাকা খরচ করে এই অবলা তিন প্রাণীকে খাবার কিনে দিতে বাধ্য হচ্ছেন মামলার তদন্ত কর্মকর্তা নগরীর উপশহর পুলিশ তদন্ত কেন্দ্রের ইনচার্জ এসআই মাহফুজুল ইসলাম। নানা ব্যবস্থা নেয়ার পরও সক্রিয় গরু পাচারকারীরা। আরো পড়ুন: থানায় গরু জমা রাখলেন ভারতীয় মুসলিম নেতা গরু পাচারকারীদের হত্যার হুমকিতে পশ্চিমবঙ্গের মন্ত্রী গো-সেবার জন্য ভারতে গরু মহিষের হোস্টেল হচ্ছে বোয়ালিয়া থানায় খোঁজ নিয়ে জানা যায়, গত ২৭ এপ্রিল সকালে গোরহাঙ্গা থেকে নওগাঁগামী রাস্তায় ওই তিনটি গরুকে ট্রাক থেকে নামাতে দেখে পুলিশের সন্দেহ হয়। এসময় তারা গরুর মালিকানার বৈধ কাগজপত্র দেখতে চান। তখন ধরা পড়ার ভয়ে তিন-চারজন ট্রাক থেকে নেমে দৌড়ে পালিয়ে যায়। পরে পুলিশ ধাওয়া দিয়ে তাদের মধ্যে থেকে দুজনকে আটক করতে সক্ষম হন। সেই ফাঁকে রাস্তায় গরু রেখে ট্রাক নিয়ে কৌশলে পালিয়ে যায় চালকও। এরপর আটক দুই সন্দেহভাজন গরু চোরকে জিজ্ঞাসাবাদ করে পুলিশ। কিন্তু তারা কোন কাগজপত্র দেখাতে না পারায় উপপরিদর্শক (এসআই) গোলাম মোস্তফা তাদের বিরুদ্ধে গরু চুরির অভিযোগ এনে থানায় মামলা করেন। এরপর আসামিদের আদালতের মাধ্যমে কারাগারে পাঠানো হয়। তবে গরুগুলোর প্রকৃত মালিক পাওয়া না যাওয়ায় এবং এক্ষেত্রে গরুগুলোর দায়িত্ব কারা নেবে সে বিষয়ে আদালতের পক্ষ থেকে এখন পর্যন্ত কোনো সিদ্ধান্ত না আসায় গরুগুলোকে নিয়মানুযায়ী থানাতেই রাখতে হচ্ছে। এখন যারাই থানায় আসেন দেখতে পান গরুগুলো আঙিনা জুড়ে ছড়িয়ে রাখা সামান্য খড়কুটো খাওয়ার চেষ্টা করছে। এ বিষয়ে বোয়ালিয়া মডেল থানার এসআই মাহফুজুল ইসলাম কাছে খবর নিয়ে জানা গেছে গরুগুলো গত ২৬ দিন ধরে থানার বাইরেই বাঁধা অবস্থায় আছে। এবং এগুলোকে প্রতিদিন খড়, ভুশি ও ভাতের মাড় খাওয়ানো হয়। যার জন্য প্রতিদিন খরচ পড়ে প্রায় ৭শ থেকে ৮শ টাকা। তিনি নিজেই এই খরচ দিয়ে থাকেন। তবে এই খাবার ওই তিনটি গরুর দৈনিক চাহিদার জন্য পর্যাপ্ত নয় বলে অভিযোগ উঠেছে। এসআই মাহফুজুল এই অভিযোগ অস্বীকার করে বলেন, তিনি নিয়মিত গরুগুলোর পরিচর্যা করেন। এছাড়া বৃষ্টি বাদলের সময় গরুগুলো কোথায় থাকে এ বিষয়ে জানতে চাওয়া হলে এসআই মাহফুজুল বলেন, ঝড়-বৃষ্টি শুরু হলে গরুগুলোকে পাশের একটি ছাউনিতে নিয়ে যাওয়া হয়।","রাজশাহী মহানগরীর বোয়ালিয়া মডেল থানায় গেলে চোখে পড়বে থানার আঙিনায় একটি গাভী, একটি ষাড় ও একটি বাছুরকে বেঁধে রাখা হয়েছে।",বাংলাদেশের রাজধানী ঢাকার বোয়ালিয়া মডেল থানার প্রধান ফটকের কাছে প্রায় চার সপ্তাহ ধরে গরুর সামলাতে গিয়ে বিপাকে পড়েছে পুলিশ।,0.15384615384615385,0.05405405405405406,0.15384615384615385,0.7377616,19,20
"খালেদা জিয়া এবং তা তৈরি হয়েছে সুপ্রিম কোর্টের শনিবারের এক সিদ্ধান্তে। এর আগে বৃহস্পতিবার হাইকোর্টের একক একটি বেঞ্চ দুটি দুর্নীতির মামলায় সাবিরা সুলতানা নামে একজন বিএনপি নেত্রীকে নিম্ন আদালতের দেয়া মোট ছ'বছরের কারাদন্ডের সাজা স্থগিত করেছিলেন। খালেদা জিয়ার আইনজীবীদের মতে, হাইকোর্টের রায়ে সাজা স্থগিত হবার পর দন্ডিত ব্যক্তি নির্বাচনে অংশ নিয়ে নির্বাচিতও হয়েছেন, মন্ত্রী হয়েছেন - এমন দৃষ্টান্ত আছে। তাই বৃহস্পতিবারের রায়ের ফলে 'খালেদা জিয়াসহ অন্যান্য সাজাপ্রাপ্ত রাজনীতিকরা হয়তো নির্বাচন করতে পারবেন' এমন সম্ভাবনা তৈরি হয় । কিন্তু শনিবারই সরকারের পক্ষ থেকে এর বিরুদ্ধে আপিল করা হয়। এর পরিপ্রেক্ষিতে সুপ্রীম কোর্টের চেম্বার আদালত বৃহস্পতিবারের আদেশটি স্থগিত করে পূর্ণ আদালতে পাঠিয়ে দিয়েছেন। ফলে কারো দু'বছরের বেশি কারাদন্ড হলে তিনি নির্বাচন করতে পারবেন না - সেই পূর্বতন আদেশটিই বহাল থাকলো। আজকের আদেশের পর এটর্নি জেনারেল মাহবুবে আলম বিবিসিকে বলেন, খালেদা জিয়ার মতো দন্ডপ্রাপ্তদের নির্বাচন করার আর কোনো সুযোগ নেই বলে তিনি মনে করেন তিনি বলেন, ""দন্ডপ্রাপ্তরা নির্বাচন করতে পারবে না এ মর্মে এর আগে দুটি বেঞ্চ যে রায় দিয়েছিলেন - ফুল কোর্ট তা বহাল রেখেছেন। কিন্তু শনিবার একটি সিঙ্গল বেঞ্চ বিপরীতমুখী স্টে অর্ডার দেবার পর এর বিরুদ্ধে আমরা চেম্বারে গিয়েছিলাম। চেম্বার তা স্টে করে আবার ফুল কোর্টে দিয়েছেন। সংবিধানের ৬৬ অনুচ্ছেদে যা আছে - তাকে অগ্রাহ্য করে কোন কোর্ট সাজাপ্রাপ্ত ব্যক্তিকে নির্বাচন করার সুযোগ দিতে পারে না।"" এর মানে কি এই যে খালেদা জিয়া আর নির্বাচন করতে পারবেন না? বিবিসি বাংলার এ প্রশ্নের উত্তরে এটর্নি জেনারেল বলেন,""আমার অভিমত তাই। বিএনপি অফিসের সামনে মনোনয়নপ্রত্যাশীদের ভিড় ""রোববার বেলা এগারোটার মধ্যেই চূড়ান্ত সিদ্ধান্ত দিতে হবে - কারণ কালই মনোনয়নপত্র বাছাই শেষ হয়ে যাবে। এরপর তো আর কেউ নতুন ভাবে নির্বাচনে অংশ নিতে পারবে না। আর আগামীকাল তারা ভিন্নতর আদেশ দেবেন এটা তো মনে হয় না। কারণ এ্যাপীলেট ডিভিশনকে তো ইউনিফর্ম অর্ডার দিতে হবে"" - বলেন তিনি। আগামী কাল রোববারই নির্বাচন কমিশন মনোনয়নপত্র বাছাই শেষ করবে। সাবিরা সুলতানার আইনজীবী এবং বিএনপি আইনজীবী পরিষদের সহ-সভাপতি আমিনুল ইসলাম অবশ্য বলছেন, সুপ্রিম কোর্টের রোববারে সিদ্ধান্তের পরই শুধু বলা যাবে খালেদা জিয়াসহ আরো অনেকের ভাগ্যে কি ঘটবে। মি. ইসলাম বলেন, ""আজকে চেম্বার বিচারপতির কাছে দুই পক্ষের শুনানী হয়েছে। আগামীকাল সকাল নয়টায় এ বিষয়টা শুনানীর জন্য আসবে। আমরা আশা করছি যে ১০টার মধ্যে বিষয়টা শুনানী হয়ে যাবে। শুনারীর পর ফুল কোর্ট যদি হাইকোর্ট ডিভিশনের আদেশটা যদি বহাল রাখেন তাহলে সাবেরা সুলতানা সহ এরকম যারা আছেন সকলেই তার বেনেফিট পাবেন। আর যদি তা না হয় - তাহলে তো তাদের আর নির্বাচনে প্রার্থী হবার সুযোগ থাকবে না।"" এর পর কি খালেদা জিয়া বা তার মতো দন্ডপ্রাপ্ত কারো পক্ষে নির্বাচন করার আর কোন সুযোগ থাকবে? আমিনুল ইসলাম একেবারে সম্পূর্ণ আশা ছেড়ে দিচ্ছেন না। তার কথা: ""এটা নির্ভর করে কি ফর্মে আদেশটা হয়। তারা সিপি সহ আসার জন্য বলতে পারেন, রেগুলার এ্যাপ্লিকেশন নিয়ে আসার জন্য বলতে পারেন, নো অর্ডার করতে পারে ... নো অর্ডার করলে আপাতত আমাদের কিছু করার নেই । ইন দ্য মিনটাইম স্ক্রুটিনিতে তারা যদি বাদ পড়ে যায়, তাহলে তারা হয়তো আপীলেআসতে পারে, অথবা রীটআবেদন করতে পারে। এজাতীয় নানা প্রসিডিউর আছে।"" বিবিসি বাংলায় আরো পড়ুন: যে রায়ের পর নড়েচেড়ে বসেছে বাংলাদেশ সরকার কোন ভরসায় নির্বাচন করতে চাইছেন খালেদা জিয়া? বায়লাদেশে নির্বাচন অনুষ্ঠিত হতে যাচ্ছে ৩০শে ডিসেম্বর কয়েকদিন আগে বিএনপির পাঁচজন দণ্ডপ্রাপ্ত ব্যক্তি নির্বাচনে অংশ নেওয়ার লক্ষ্যে তাদের সাজা ও দণ্ড স্থগিত করার জন্যে হাইকোর্টে আবেদন করেছিলেন। তখন হাইকোর্টের আরেকটি বেঞ্চ তাদের আবেদন খারিজ করে রায় দিয়েছিল যে কারো দু'বছরের বেশি দণ্ড বা সাজা হলে তিনি নির্বাচনে অংশ নিতে পারবেন না। এটর্নি জেনারেল মাহবুবে আলম বলছেন, ""সংবিধানের ৬৬ অনুচ্ছেদে স্পষ্টভাবে বলা আছে নৈতিক স্খলনের কারণে কেউ যদি দুই বছর কিম্বা তারও বেশি সাজাপ্রাপ্ত হন তিনি নির্বাচন করতে পারবেন না।"" খালেদা জিয়া এখন দুর্নীতির মামলায় সাজাপ্রাপ্ত হয়ে কারাগারে রয়েছেন। বিএনপির নেতারা আশা করছিলেন যে তাদের নেত্রী নির্বাচনে অংশ নিতে পারবেন এবং সেজন্যে তাকে পাঁচটি আসনে মনোনয়নও দেওয়া হয়।",আগামী ৩০শে ডিসেম্বরের নির্বাচনে বিএনপির কারাভোগরত চেয়ারপারসন খালেদা জিয়া 'অংশ নিতে পারবেন' - এমন একটা সম্ভাবনা তৈরি হবার ২৪ ঘন্টা পরই আবারো তা নিয়ে গুরুতর অনিশ্চয়তা তৈরি হয়েছে।,দুর্নীতির মামলায় সাজাপ্রাপ্ত বিএনপি চেয়ারপার্সন খালেদা জিয়া নির্বাচন করতে পারবেন না - এমন সম্ভাবনা তৈরি হয়েছে সুপ্রিম কোর্টের চেম্বার আদালত।,0.25,0.13043478260869565,0.25,0.78497314,20,28
"ভিডিও গেমসের জন্য চীনের বিশ্বের বৃহত্তম বাজার মাইওপিয়া হলে মানুষের চোখের দৃষ্টি ক্রমে ক্ষীণ হতে থাকে। সমস্যা এত প্রকট হয়ে উঠেছে যে অভিভাবকদের পাশাপাশি সরকারকেও এখন সেটিকে দৃষ্টি দিতে হচ্ছে। কিন্তু যে সমাধান কর্তৃপক্ষ ভাবছে, তা বেশ অভিনব। কর্তৃপক্ষ ভাবছে অল্প বয়েসী ছেলেমেয়েদের ভিডিও গেমস খেলার রাশ টেনে ধরতে হবে। মানে হলো বয়সের ভিত্তিতে কে কতক্ষণ ভিডিও গেমস খেলতে পারবে তা নিয়ন্ত্রণ করা হবে। সেই সঙ্গে রয়েছে কতগুলো গেমস ডাউনলোড করা যাবে, আর কতক্ষণ খেলা যাবে, তা নির্ধারণ করে দেবে কর্তৃপক্ষ। চীনে শিশুদের পড়াশোনায় রয়েছে বেশ চাপ ২০১৫ সালের এক রিপোর্ট অনুযায়ী একশো কোটির মানুষের দেশ চীনের অর্ধেক মানে ৫০ কোটির বেশি মানুষ চোখের সমস্যায় ভুগছে। কিন্তু বিশ্বে ভিডিও গেমসের সবচেয়ে বড় বাজারও চীন। এক্ষেত্রে গেমস উদ্ভাবন আর বাজারজাতকরণেও এগিয়ে আছে চীন। সরকার কি সিদ্ধান্ত নিয়েছে? চীনের প্রেসিডেন্ট শি জিন পিং এ সপ্তাহের শুরুতে বলেছেন, দেশটির মানুষের চোখের স্বাস্থ্যের দিকে ব্যাপক মনোযোগ দেয়া দরকার। এরপর বৃহস্পতিবার শিক্ষা মন্ত্রণালয় নতুন এক নীতি ঘোষণা করেছে। নীতিমালায় বলা হয়েছে, শিশুদের পড়াশোনার মাত্রাতিরিক্ত চাপ, মোবাইল ফোন এবং অন্যান্য ইলেক্ট্রনিক যন্ত্রের ব্যবহার বৃদ্ধি এবং ঘরের বাইরে খেলাধুলা ও ব্যয়ামের অভাবেই চোখের অসুখ বাড়ছে। যদিও মোবাইল ফোনের কারণে মাইওপিয়া বাড়ছে এমন কোন সমীক্ষা নেই চীনের কাছে। তবে, এর আগে মোবাইলকে মাইওপিয়ার সম্ভাব্য কারণের মধ্যে উল্লেখ করেছেন অনেক গবেষক। মাইওপিয়া হলে মানুষের চোখের দৃষ্টি ক্রমে ক্ষীণ হতে থাকে সাম্প্রতিক সময়ে ক্ষীণ দৃষ্টিশক্তির হার অনেক বেড়েছে, এবং বিশেষ করে পূর্ব এশিয়ার দেশগুলোতে। এ মাসের শুরুতে ব্লকবাষ্টার ভিডিও গেম মনস্টার হান্টার ওয়ার্ল্ড বানিয়েছে যে প্রতিষ্ঠান, টেনসেন্ট কর্তৃপক্ষ জানিয়েছে, বিক্রির পর অনেক ক্রেতাই গেমটি সম্পর্কে অভিযোগ জানিয়েছে। এর আগে গত বছর একই প্রতিষ্ঠানের রিলিজ করা আরেকটি গেম অনার্স অব কিংস নিয়েও অভিযোগ উঠেছিল যে এটি মাদকের মত মোহাবিষ্ট করে রাখে। গণমাধ্যমে তখন এর ব্যাপক সমালোচনা হয়েছিল। গত মার্চে স্থানীয় গেম নির্মাতাদের লাইসেন্স দেয়া বন্ধ করেছিল কর্তৃপক্ষ। চীনের বাজারে কি প্রভাব? নতুন সরকারি সিদ্ধান্ত আসার পর শুক্রবার চীনের পুঁজিবাজারে নিবন্ধিত গেমস কোম্পানির দর কমে গেছে। টেনসেন্টের দর কমেছে পাঁচ শতাংশের উপরে, যার ফলে প্রতিষ্ঠানটির কয়েকশো কোটি ডলারের ক্ষতির মুখে পড়তে হয়েছে। চীনের মোবাইল ভিডিও গেমসের বাজারের ৪২ শতাংশের বেশি অংশের মালিক টেনসেন্ট। এখন টিকে থাকার জন্য টেনসেন্টের মত বড় প্রতিষ্ঠানগুলো বিদেশী প্রতিষ্ঠানের সঙ্গে অংশীদারিত্বের কথা ভাবছে।",সম্প্রতি চীনের অল্প বয়েসী ছেলেমেয়েদের মধ্যে চোখের সমস্যা একটি সাধারণ সমস্যা। এর মধ্যে কাছের দৃশ্য দেখতে সমস্যা হওয়া থেকে শুরু করে রয়েছে মাইওপিয়া পর্যন্ত।,"চীনের কর্তৃপক্ষ বলছে, অল্প বয়েসী ছেলেমেয়েদের ভিডিও গেমস খেলার রাশ টেনে ধরতে হবে।",0.21621621621621623,0.11428571428571427,0.21621621621621623,0.71154743,13,24
"এক ছাত্রীকে হাত-পা বেধে ধর্ষণের অভিযোগ ওঠা কোচিং সেন্টার মালিক র‍্যাবের সঙ্গে গুলি বিনিময়ে নিহত হয়েছে। র‍্যাবের পক্ষ থেকে একটি ক্ষুদে বার্তায় জানানো হয়েছে, র‍্যাব-৭ এর একটি টহল দলের সঙ্গে গুলিবিনিময়ে রবিবার রাতে ওই ব্যক্তি নিহত হন। চট্টগ্রামের লোহাগাড়ার উত্তর আমিরাবাদের একটি বাসায় ওই ধর্ষণের ঘটনা ঘটে বলে পুলিশ জানিয়েছে। আরো পড়ুন: ধর্ষণে অভিযুক্ত ২জনের মৃত্যুর কারণ নিয়ে ধোঁয়াশা এক বছরে বাংলাদেশে ১ হাজারেরও বেশি ধর্ষণ স্বামীর হাতে ধর্ষণ: বাংলাদেশে এক নারীর অভিজ্ঞতা লোহাগাড়া থানার পুলিশ জানিয়েছে, আমিরাবাদের একটি কোচিং সেন্টারে একজন ছাত্রী পড়াশোনা করতেন। গত ১২ই এপ্রিল বাবা-মায়ের অনুপস্থিতিতে সেই ছাত্রীর বাসায় গিয়ে তাকে হাত-পা বেঁধে ধর্ষণ করেন কোচিং সেন্টারের পরিচালক ও শিক্ষক। পরে ছাত্রীর মা ওই শিক্ষকদের বিরুদ্ধে মামলা করেন। মামলার পরে কোচিং সেন্টারটি বন্ধ করে দিয়ে অভিযুক্ত ওই শিক্ষক পালিয়ে যান, বলছে পুলিশ। র‍্যাব দাবি করেছে, ঘটনাস্থল থেকে দুইটি অস্ত্র ও ২৪ রাউন্ড গুলি উদ্ধার করা হয়েছে। মানবাধিকার সংস্থাগুলোর হিসাবে, বাংলাদেশে প্রতিবছর এক হাজারের বেশি ধর্ষণের ঘটনা ঘটে এর আগেও আলোচিত কয়েকটি ধর্ষণ মামলার অভিযুক্তদের আইন-শৃঙ্খলা বাহিনীর সঙ্গে 'বন্দুকযুদ্ধে নিহত' হওয়ার ঘটনা ঘটেছে। এ বছরের জানুয়ারিতে চট্টগ্রামে মাদ্রাসা ছাত্রীকে অস্ত্রের মুখে গণ ধর্ষণের অভিযোগ থাকা একজন ব্যক্তি পুলিশের সঙ্গে কথিত 'বন্দুকযুদ্ধে' নিহত হন। মার্চ মাসে যশোরে শিশু ধর্ষণ মামলার একজন অভিযুক্ত একইভাবে নিহত হয়। জানুয়ারি মাসে সাভার ও ঝালকাঠিতে ধর্ষণের অভিযোগ ওঠা তিনজন ব্যক্তির গুলিবিদ্ধ মৃতদেহ পাওয়া যায়। তাদের গলায় ঝোলানো চিরকুটে লেখা ছিল, ''আমার নাম......মাদ্রাসা ছাত্রীকে ধর্ষণ করার কারণে আমার এই পরিণতি।'' এসব হত্যার জন্য 'হারকিউলিস' নাম দাবি করা হলেও, তার পরিচয় এখনো জানা যায়নি। ২০১৮ সালের এপ্রিলে সাতক্ষীরার শিশু ধর্ষণ মামলার একজন অভিযুক্ত পুলিশের সঙ্গে 'বন্দুকযুদ্ধে' নিহত হয়। বিবিসি বাংলার অন্যান্য খবর: ফখরুল ছাড়া বাকীদের শপথ ঠেকাতে পারবে বিএনপি? সকালের নাশতা বাদ দিয়ে কি মৃত্যু ডেকে আনছেন? ইহুদিবিদ্বেষী খোলা চিঠির পর সিনাগগে বন্দুক হামলা যে ব্যক্তিকে ছয় বছর বয়স থেকে আটকে রেখেছে চীন","বাংলাদেশের চট্টগ্রামে এক ছাত্রীকে হাত-পা বেঁধে ধর্ষণের অভিযোগ ওঠা কোচিং সেন্টার মালিক র‍্যাবের সঙ্গে গুলি বিনিময়ে নিহত হয়েছেন, বলছে আইন-শৃঙ্খলা রক্ষাকারী বাহিনী।",বাংলাদেশের চট্টগ্রামে একজন ছাত্রীকে হাত-পা বেধে ধর্ষণের অভিযোগ ওঠা কোচিং সেন্টারের মালিক নিহত হয়েছে।,0.5555555555555556,0.2941176470588235,0.5555555555555556,0.8756323,14,22
"খালেদা জিয়া, বিএনপি নেত্রী খালেদা জিয়ার ব্যক্তিগত চিকিৎসকদের দলটি আজ ঢাকা কেন্দ্রীয় কারাগার থেকে ফিরে বিবিসিকে জানান, গত পাঁচই জুন খালেদা জিয়া মাথা ঘুরে পড়ে গিয়েছিলেন এবং গত তিন সপ্তাহ যাবত তিনি জ্বরে ভুগছেন। তাকে জরুরী ভিত্তিতে একটি বেসরকারি হাসপাতালে নিয়ে চিকিৎসা দিতে বলেছেন তারা। এর আগে শুক্রবার বিএনপির সিনিয়র যুগ্ম মহাসচিব রুহুল কবির রিজভী এক সংবাদ সম্মেলনে অভিযোগ করেন, দলটির কারাবন্দী নেতা খালেদা জিয়া গত তিন সপ্তাহ যাবত জ্বরে ভুগছেন। এছাড়া দলের চেয়ারপার্সনের আত্মীয়দের বরাত দিয়ে মিঃ আহমেদ আরো জানান, গত পাঁচই জুন মাথা ঘুরে পড়ে গিয়েছিলেন খালেদা জিয়া। এমন প্রেক্ষাপটে, শনিবার বিকেল চারটায় খালেদা জিয়ার স্বাস্থ্য পরীক্ষার জন্য তার ব্যক্তিগত চিকিৎসকদের একটি দল কারাগারে যান। খালেদা জিয়ার ব্যক্তিগত চিকিৎসক এবং ঢাকা মেডিকেল কলেজ হাসপাতালের মেডিসিন বিভাগের অধ্যাপক এফএম সিদ্দিকী বলেন, ""এক ঘণ্টা ধরে আমরা তাকে পরীক্ষা নিরীক্ষা করেছি। তিনি আমাদের জানিয়েছেন, গত ৫ই জুন আনুমানিক বেলা ১টার দিকে তিনি হঠাৎ মাথা ঘুরে পড়ে যান। প্রায় সাত মিনিট অজ্ঞান হয়ে ছিলেন তিনি, তবে ওই সময়ের কথা তেমন 'রিকল' করতে পারেননি তিনি। আমাদের মনে হয়েছে তার হয়তো একটা মাইল্ড স্ট্রোক হয়েছিল।"" ""এটাকে বলা হয়, ট্রানজিয়েন্ট স্কিমিক অ্যাটাক বা টিআইএ। তার যা বয়স এবং বিভিন্ন দীর্ঘ মেয়াদী অসুখে ভুগছেন, তাতে এটা হওয়া অস্বাভাবিক নয়।"" খালেদা জিয়ার স্বাস্থ্য পরীক্ষা করে প্রাপ্ত পরিস্থিতির একটি চার পৃষ্ঠার একটি রিপোর্ট তারা কারা কর্তৃপক্ষকে দিয়েছেন বলে জানিয়েছেন তিনি। ""উনার নার্ভ কন্ট্রাকশন পরীক্ষা করা দরকার, উনার মেটাবলিক সিস্টেম পরীক্ষা দরকার। এছাড়া উনি মাঝেমাঝেই ব্যালেন্স রাখতে পারেন না, মনে হয় যে উনি পড়ে যাবেন। এজন্য খুব দ্রুত সব ধরণের পরীক্ষা-নিরীক্ষার সুবিধা আছে এমন হাসপাতালে উনাকে দ্রুত ভর্তি করার পরামর্শ দিয়েছি আমরা। "" আরও পড়ুন: ভারতে মেয়েদের কি চোখে দেখে উঠতি বয়সী ছেলেরা অভিযোগ: মাদক বিস্তারের দায় এড়াতেই 'বন্দুকযুদ্ধ' চারমাস আগে দুর্নীতির মামলায় সাজা হলে খালেদা জিয়াকে যখন কারাগারে প্রেরণ করা হয়, তখন থেকেই তার দলের পক্ষ থেকে খালেদা জিয়ার অসুস্থতার কথা বলা হয়েছে। এরপর এপ্রিল মাসের এক তারিখে ঢাকা মেডিকেল কলেজ হাসপাতালের চারজন চিকিৎসক খালেদা জিয়ার স্বাস্থ্য পরীক্ষা করতে কারাগারে যান। এরপর ৭ই এপ্রিল বঙ্গবন্ধু শেখ মুজিব মেডিকেল বিশ্ববিদ্যালয় হাসপাতালে নিয়ে পুনরায় তার স্বাস্থ্য পরীক্ষা করা হয়। সেসময় বলা হয়েছিল, তিনি সুস্থ আছেন। যদিও বিএনপির পক্ষ থেকে বরাবরই দাবী করা হচ্ছে, দলটির নেত্রী অসুস্থ। এ প্রেক্ষাপটে সরকার কি বলছে? খালেদা জিয়ার ব্যক্তিগত চিকিৎসক দলের সঙ্গে শনিবার কারাগারে গিয়েছিলেন ঢাকা জেলার সিভিল সার্জন ডা. এহসানুল কবীর। তিনি বলছেন, অজ্ঞান হয়ে যাবার কথা আগে তারা জানতেন না। ""আজ উনি যে অজ্ঞান হবার কথা বলেছেন, এটা উনি কারাগারের চিকিৎসকদের জানাননি, এখন আমরা এটি পরীক্ষা করে দেখব।"" ""এছাড়া উনার চিকিৎসক দলের সঙ্গে আমি ছিলাম। তাদের পরামর্শ কর্তৃপক্ষকে আমি জানিয়েছি। এখন কারা কর্তৃপক্ষ সিদ্ধান্ত নেবেন কি করবেন, কিভাবে করবেন।"" এদিকে, বিএনপি অভিযোগ করছে, খালেদা জিয়ার চিকিৎসায় সরকারের উদ্যোগ যথেষ্ট নয়। সেক্ষেত্রে দলের প্রধান আরো অসুস্থ হয়ে পড়লে তার দায় সরকারকে নিতে হবে বলে সতর্কতা দিয়েছিল দলটি। যদিও, সরকারের পক্ষ থেকে বরাবরই বলা হয়েছে খালেদা জিয়ার চিকিৎসার জন্য প্রয়োজনীয় সবকিছুই করা হবে। আর এজন্য জেলকোড অনুযায়ী ব্যবস্থা নেয়া হবে।","বাংলাদেশে কারাবন্দী বিএনপি নেত্রী খালেদা জিয়ার স্বাস্থ্য পরিস্থিতি নিয়ে উদ্বেগ জানিয়ে তার ব্যক্তিগত চিকিৎসকরা জানিয়েছেন, আজ (শনিবার) কারাগারে তার সঙ্গে কথা বলে তাদের মনে হয়েছে কয়েকদিন আগে তিনি হয়তো মাইল্ড স্ট্রোকের শিকার হয়েছিলেন।",বাংলাদেশে বিরোধীদল বিএনপির চেয়ারপার্সন খালেদা জিয়ার স্বাস্থ্য পরীক্ষার জন্য তার ব্যক্তিগত চিকিৎসকদের একটি দল কারাগারে গেছেন।,0.2857142857142857,0.12765957446808512,0.2857142857142857,0.7662548,16,33
"এই রিভেঞ্জ পর্নের বিরুদ্ধে লড়াইয়ে নেমেছেন এমন এক তারকা - যিনি একসময় ছিলেন ডিজনি তারকা, কিন্তু এখন নিজেই পর্ন ছবির একজন পরিচালক। বেলা থর্ন নামের এই পর্ন ডিরেক্টর এ সপ্তাহের শুরুতে ঘোষণা দিয়েছেন যে তিনি পর্নগ্রাফি শেয়ারিং সাইট পর্নহাবের সাথে কাজ করবেন এটিকে 'রিভেঞ্জ পর্ন' থেকে মুক্ত করার জন্য। বেলার মুখ অন্য নারীর দেহে জুড়ে দিয়ে এরকম হাজার হাজার পর্ন ছবি তৈরি করা হয়েছে। এসব কথা বলার সময় বেলা থর্ন কাঁদছিলেন এবং তার পোষা অস্ট্রেলিয়ান শেফার্ড কুকুরটি পায়ের কাছে ঘুরঘুর করে তার উদ্বেগ প্রকাশ করছিলো। আমরা কথা বলেছি গণিকা বলে কাউকে লজ্জা দেবার বিষয়ে, তা ছাড়া অবসাদ বা সামাজিক যোগাযোগ মাধ্যমে হেনস্থা করা নিয়েও কথা বলেছি। আর যে দেহ বেলার বলে চালিয়ে মিথ্যা ভিডিও তৈরি করা হয়েছে - সেটা নিয়েও আলোচনা করেছি। আমরা অন্টারিওতে তার ভাড়া বাড়ির ডেকে বসেছিলাম। খুবই শান্ত এলাকা। থর্ন তিন মাস ধরে এখানে আছেন শুটিংয়ের কাজে। এখান তিনি তরুণীর ভূমিকায় অভিনয় করছেন যিনি নিপীড়ক বাবাকে হত্যার জন্য শহরে ফিরে এসেছেন। এ বছরেই অর্থাৎ ২২ বছর বয়সে এসে নিজের প্রথম বই প্রকাশ করেছেন তিনি। নয় বছর বয়সে বেলা এক মোটরবাইক দুর্ঘটনায় তার বাবাকে হারান। শিশু মডেল হিসেবে বেড়ে ওঠে তার ক্যারিয়ার। পরে জায়গা করে নেন ডিজনি চ্যানেলে। ১০০ নারী বিবিসির প্রভাবশালী নারীর তালিকা নারী নেতৃত্বময় ভবিষ্যতের ভিশন দেখায়। এই জুনে বেলা কিছু টেক্সট মেসেজ পান এমন কিছু নাম্বার থেকে- যেগুলো তার পরিচিত নয়। ""একটি সাক্ষাতকার দিয়ে এসে আমি কাঁদছিলাম। বই নিয়ে কথা বলছিলাম। এবং এর মধ্যে ফোনের দিকে তাকিয়ে আমি দেখি আমার নিজেরই নগ্ন চিত্র""। নিজের সাবেক প্রেমিকের কাছে পাঠানো ছবিগুলোর দিকে তাকিয়ে বেলা অবাক হন। ম্যানেজারকে ডাকেন ও এজেন্টের কাছে পরামর্শ চান। কিন্তু এর মধ্যেই আবারো শব্দ করে ওঠে ফোন। আরও নগ্ন ছবি। এবার তার কিছু বিখ্যাত বন্ধুর। সময়টা ছিলো খুব সকাল এবং তখনো তিনি বিছানায়। নিজের বইয়ে বেলা ছোটবেলায় যৌন নিপীড়নের শিকার হওয়ার বর্ণনা দিয়েছেন। ছবিগুলো দেখে সেই একই অনুভূতি জেগে উঠলো তার মনে। ""এটি আবারো ঘটলো"" - বলেন তিনি। সুতরাং তিনি একটি সিদ্ধান্ত নিলেন। সামাজিক যোগাযোগ মাধ্যমে টুইটারে তার ৭০ লাখ ফলোয়ার এবং ২২ মিলিয়ন ইন্সটাগ্রামে ও ফেসবুকে প্রায় নব্বই লাখ। নিজের টপলেস ছবি প্রকাশ করে তিনি সাথে হ্যাকাররা তাকে যে হুমকি দিয়েছে তার স্ক্রীনশট দিলেন, আর তার সাথে নিজের বার্তা। বিতর্ক আমেরিকান চ্যাট শো দা ভিউয়ের হুপি গোল্ডবার্গ অবশ্য থর্নের সাথে একমত নন। ""তুমি যদি বিখ্যাত হও তখন তোমার বয়স কতো সেটা আমি বিবেচনায় নেবো না। তাই নিজের নগ্ন ছবি তুলোনা কখনো। একবার নিলে এটা হ্যাকারদের জন্য সহজলভ্য হয়ে পড়ে। আর ২০১৯ সালে এসে এটা যদি না বোঝো তাহলে আমি দু;খিত""। প্রতিশোধমূলক পর্ন থেকেও ব্যবসা করছে পর্নহাব ফেসবুক কেন ব্যবহারকারীদের নগ্ন ছবি চাইছে? পর্নোগ্রাফিক ওয়েবসাইট কি বন্ধ করা সম্ভব? তবে বেলা থর্ন ইন্সটাগ্রামে গোল্ডবার্গের এই মন্তব্যকে 'সিক অ্যান্ড ডিসগাস্টিং' আখ্যায়িত করেন। ""আমি পছন্দ করি এমন কারও কাছ থেকে এমন মন্তব্য আমাকে আঘাত দেয়""। তিনি বলেন আগে থেকেই ঝুঁকিতে থাকা কোন তরুণকে প্রকাশ্যে বিব্রত করলে সেটি তাকে আরও মানসিক সংকটের দিকে ঠেলে দেয়। ""একটি ছবি এভাবে প্রকাশ হলে এটি স্কুলে ছড়িয়ে পড়ে। এবং তাদের আত্মঘাতী মনে হতে পারে""। ইন্টারনেটে ভুয়া ছবি ও ভিডিও এসব ছবি যা তিনি নিজে প্রকাশ করেছেন সেগুলো ছিলো বেলা থর্নের সত্যিকার টপলেস ছবি। কিন্তু ভিডিওতে পরিষ্কার বেলাকে দেখা গেলেও সত্যিকার অর্থেই তিনি সেটি ছিলেন না। এগুলো কারসাজি করে বানানো হয়েছিলো সুপার-ইমপোজ করে। প্রাপ্তবয়স্কদের ছবি নির্মাণ করে পুরস্কার পেয়েছেন তিনি একটি ভিডিওতে থর্নের কান্নার শব্দ জুড়ে দেয়া হয়েছিলো, যেটি থর্নেরই একটি রেকডিং থেকে নেয়া হয়েছে। আবার একটি ভিডিওতে যেখানে একজন নারী স্বমেহন করছে, সেখানে বেলা থর্নের মুখ বসিয়ে দেয়া হয়েছে। ""এসব ভিডিও সব জায়গায় ছড়িয়ে পড়েছে এবং সবাই মনে করেছে এটি আসলেই আমি,"" বিবিসিকে বলছিলেন তিনি। সফটওয়্যার ডেভেলপাররা বিবিসিকে বলছে, এক বছর ধরেই একটি সিঙ্গেল ফটোগ্রাফ থেকে এমন ভুয়া (ডিপ ফেক) ভিডিও বানানোর প্রযুক্তি বাজারে আছে। আর এটাই বেলাকে উদ্বিগ্ন করে তুলেছে। ""এটা শুধু সেলিব্রিটিদের জন্য উদ্বেগের নয় বরং এটা কমবয়সীদের পর্নগ্রাফির ভিত্তি তৈরি করছে""। তিনি বলেন এসব ভিডিও প্রতিশোধ নেয়া, ব্লাকমেইল করা এমনকি চাঁদাবাজির জন্য তরুনী নারীদের বিরুদ্ধ ব্যবহৃত হতে পারে। পরিচালক হিসেবে আত্মপ্রকাশ এই পর্যায়ে এসে অ্যাওয়ার্ড জেতা প্রাপ্তবয়স্কদের ছবি 'হিম অ্যান্ড হার' যেটিতে পরিচালক হিসেবে বেলা থর্নের অভিষেক হয়েছে - সেটি নিয়ে আলোচনা শুরু হয়। তিনি বলেন তিনি ছবিটি বানিয়েছেন কারণ তিনি মনে করেন এই ইন্ডাস্ট্রিতে আরও নারী পরিচালক দরকার। এটি হওয়া দরকার নারীর যৌনতা নিয়ে থাকা গল্পগুলোর পরিবর্তনের জন্যই। এক পর্যায়ে তাকে জিজ্ঞেস করা হয় যে তিনি যেখানে ছবি মুক্তি দিয়েছেন - বিবিসির অনুসন্ধান দেখা গেছে সেই পর্নহাবই রিভেঞ্জ পর্ন ভিডিও থেকে মুনাফা করছে। জবাবে তিনি বলেন. এটা তার জানা ছিলোনা। পর্ণহাবের মালিক কোম্পানি অবশ্য বিবিসিকে বলেছে, তারা চান ব্যবহারকারীরা নিরাপদে কনটেন্ট ব্যবহার করবে। থর্নের এক বন্ধু পরে জানিয়েছেন, তিনি পর্নহাবের সাথে কথা বলেছেন্ । পরে তিনি তার প্রথম মুভির জন্য পর্নহাব অ্যাওয়ার্ড পান। তিনি প্রাপ্তবয়স্কদের ফিল্ম ইন্ডাস্ট্রিকে ধন্যবাদ জানিয়েছেন এবং প্রতিশোধমূলক পর্ন ভিডিওর বিরুদ্ধে বার্তাও দিয়েছেন তাতে। ""পর্নহাবের সাথে আমি কাজ করছি প্রত্যেকের নিরাপত্তা নিশ্চিত করার জন্য""। পর্নহাব প্রতিশোধমূলক পর্ন ব্যবসা করছে",কারো সম্মানহানি করার লক্ষ্যে একান্ত ব্যক্তিগত যৌনসম্পর্কের ভিডিও ইন্টারনেটে ছেড়ে দেয়াটা বেশ কিছুকাল থেকেই পৃথিবীতে এক গুরুতর সমস্যায় পরিণত হয়েছে - যাকে বলে 'রিভেঞ্জ' বা প্রতিশোধমূলক পর্ন ।,"বিবিসির প্রভাবশালী নারীর তালিকা প্রকাশ করেছে এমন একজন নারী - যিনি একসময় ছিলেন ডিজনি তারকা, কিন্তু এখন নিজেই পর্ন ছবির পরিচালক।",0.08163265306122448,0.0,0.08163265306122448,0.6359436,21,28
"জ্বালানি তেলের উৎপাদন এ যাবতকালের মধ্যে সবচেয়ে বেশি কমানো হয়েছে এ যাবৎকালে তেলের উৎপাদন কমানোর এটিই সর্বোচ্চ রেকর্ড। পয়লা মে থেকে এটি কার্যকর হবে। রোববারে এক ভিডিও কনফারেন্সে আলোচনার পর এ চুক্তি হয়। এর আগে বৃহস্পতিবার ভিডিও কনফারেন্সে আলোচনায় ওপেক প্লাস অর্থাৎ ওপেক ও সহযোগী দেশসমূহ এই চুক্তির পরিকল্পনার কথা জানায়, কিন্তু সে সময় মেক্সিকো এতে ভেটো দেয়। নতুন চুক্তির ব্যাপারে ওপেক এখনো ঘোষণা দেয়নি, কিন্তু সদস্য রাষ্ট্রগুলোর অনেকেই আলাদা আলাদা করে বিষয়টি নিশ্চিত করেছে। এখন কেবল এটুকু নিশ্চিত করা করা হয়েছে যে, ওপেক ও এর সহযোগী দেশগুলো তেলের উৎপাদন দিনে ৯৭ লক্ষ ব্যারেল কমিয়ে দেবে। কোয়ারেন্টিন ও আইসোলেশনের যে ব্যাখ্যা দেয়া হচ্ছে বাংলাদেশে নিজেকে যেভাবে নিরাপদ রাখবেন করোনাভাইরাস থেকে করোনাভাইরাস ঠেকাতে যে সাতটি বিষয় মনে রাখবেন টাকা-পয়সা কি ভাইরাস ছড়ানোর মাধ্যম? এদিকে, সোমবার এশিয়ার বাজারে তেলের মূল্য ব্যারেল প্রতি এক ডলার করে বেড়েছে। হালকা অপরিশোধিত তেলের মূল্য ব্যারেল প্রতি প্রায় ৩৩ মার্কিন ডলারে উঠেছে, আর সেই সঙ্গে মার্কিন বাজারে ব্যারেল প্রতি ২৪.১৫ ডলারে উঠেছে দাম। যুক্তরাষ্ট্রের প্রেসিডেন্ট ডোনাল্ড ট্রাম্প এবং কুয়েতের জ্বালানি মন্ত্রী ডা. খালেদ আলী মোহাম্মেদ আল-ফাদহেল টুইট করে চুক্তির ব্যাপারে জানিয়েছেন। অন্যদিকে সৌদি জ্বালানি মন্ত্রণালয় এবং রাশিয়ার রাষ্ট্রীয় সংবাদ সংস্থা তাস রোববার ভিন্ন ভিন্নভাবে চুক্তির খবর নিশ্চিত করেছে। ডা. আল-ফাদহেলে টুইটে বলা হয়েছে, ""আল্লাহর অসীম রহমতে শুক্রবার রাত থেকে চলা আলোচনার পরে, আমরা এখন এক ঐতিহাসিক চুক্তিতে সম্মত হয়েছি। আগামী মে মাসের প্রথম দিন থেকে ওপেক প্লাসভুক্ত দেশগুলো দৈনিক প্রায় এক কোটি ব্যারেল কম তেল উৎপাদন করবে।"" করোনাভাইরাস মহামারি আকারে দেখা দেবার ফলে সারা বিশ্বে ৩০০ কোটির বেশি মানুষ লকডাউনে থাকায় গত কয়েকমাসে জ্বালানি তেলের চাহিদা এক তৃতীয়াংশ হ্রাস পেয়েছে। এর আগে মার্চ মাসে তেলের দাম গত ১৮ বছরের মধ্যে সর্বনিম্ন অবস্থানে নামে। এর মূল কারণ ছিল সৌদি আরব এবং রাশিয়ার মত ভিন্নতার কারণে ওপেক প্লাসভুক্ত দেশগুলো উৎপাদন কমানোর ব্যাপারে একমত হতে পারছিল না। কিন্তু এপ্রিলের দুই তারিখে মার্কিন প্রেসিডেন্ট ট্রাম্প ইঙ্গিত দেন যে মত ভিন্নতার অবসান ঘটতে যাচ্ছে। এদিকে, ওপেক প্লাসভুক্ত দেশের এই চুক্তির বাইরেও যুক্তরাষ্ট্র, কানাডা, ব্রাজিল এবং নরওয়েও মে মাস থেকে তেলের উৎপাদন পাঁচ শতাংশ হ্রাস করবে। তবে চুক্তিতে বলা হয়েছে, জুলাই থেকে ডিসেম্বরের মধ্যে দৈনিক উৎপাদন কমানো হবে প্রতিদিন ৮০ লাখ ব্যারেল করে। ২০২১ সালের জানুয়ারি থেকে ২০২২ সালের এপ্রিল পর্যন্ত কমানো হবে ৬০ লাখ ব্যারেল করে।",করোনাভাইরাসের কারণে বিশ্ব জুড়ে লকডাউন পরিস্থিতির করণে জ্বালানি তেলের চাহিদা ও দাম কমে যাওয়ায় বিশ্বের তেল রপ্তানিকারক দেশগুলোর সংগঠন ওপেক এবং রাশিয়াসহ এর সহযোগী দেশসমূহ উৎপাদন ১০ শতাংশ কমিয়ে আনতে একমত হয়েছে।,যুক্তরাষ্ট্র এবং রাশিয়া জ্বালানি তেলের উৎপাদন এ যাবতকালের মধ্যে সবচেয়ে বেশি কমানোর চুক্তি করেছে।,0.17391304347826086,0.045454545454545456,0.13043478260869562,0.7442874,14,32
"প্রাথমিক বিদ্যালয়ের শিক্ষার্থীদের স্কুল ইউনিফর্ম কেনার জন্য টাকা দেয়ার প্রকল্প হাতে নিয়েছে সরকার। গতকাল কুড়িগ্রামের শিক্ষার মান বিকাশের বিষয়ে এক মতবিনিময় সভায় মিস্টার হোসেন জানান, শিক্ষাবর্ষের শুরুতে যেমন নতুন বই দেয়া হয় তেমনি আগামী বছরের শুরুর দিন প্রাথমিক বিদ্যালয় অর্থাৎ প্রথম শ্রেণী থেকে পঞ্চম শ্রেণী পর্যন্ত প্রত্যেক শিক্ষার্থীকে স্কুল ড্রেসের জন্য দুই হাজার করে টাকা দেয়া হবে। প্রাথমিক শিক্ষা অধিদফতরের তথ্য মতে বাংলাদেশে মোট সরকারি প্রাইমারি স্কুলের সংখ্যা ৬৩ হাজার ৬০১টি। যেখানে পড়াশোনা করছে দুই কোটি ১৯ লাখ ৩২ হাজার ৬৩৮জন শিক্ষার্থী। প্রশ্ন উঠেছে এই বিপুল পরিমাণ স্কুলে এতো বিপুল সংখ্যক শিক্ষার্থীদের কাছে এই ইউনিফর্মের অর্থ পৌঁছানো হবে কীভাবে? এছাড়া সেই অর্থ দিয়ে শিক্ষার্থীদের ইউনিফর্ম কেনা হচ্ছে কিনা সেটাও বা তারা কিভাবে নিশ্চিত করবেন? এ বিষয়ে প্রাথমিক শিক্ষা অধিদফতরের মহাপরিচালক এ এফ এম মঞ্জুর কাদির জানান, পুরো প্রকল্পটি এখনও খসড়া পর্যায়ে আছে। প্রত্যেক শিক্ষার্থীকে স্কুল ইউনিফর্ম বাবদ কি পরিমাণ অর্থ বরাদ্দ দেয়া হবে সেটা এখনও নির্ধারণ করা হয়নি। তবে আগামী বছর থেকে এই প্রকল্প যেন বাস্তবায়ন করা যায় সে বিষয়ে বৈঠক চলছে বলেও তিনি জানান। সবকিছু চূড়ান্ত হলে প্রকল্প পরিকল্পনাটি একনেকে পাঠানো হবে। সেখানে প্রকল্পটি পাস হলে আগামী বছর থেকে সরকারি প্রাথমিক বিদ্যালয়ের শিক্ষার্থীদের এই সুবিধা দেয়া সম্ভব হবে বলে আশা করেন মিঃ কাদির। ইউনিফর্মের জন্য প্রথম শ্রেণী থেকে পঞ্চম শ্রেণী পর্যন্ত প্রত্যেক শিক্ষার্থীকে দুই হাজার করে টাকা দেয়া হবে। তবে যে পরিমাণ অর্থই বরাদ্দ হোক না কেন সেটা শিক্ষার্থীর হাতে বা স্কুল কর্তৃপক্ষের কাছে দেয়া হবেনা। বরং শিক্ষার্থীর মায়ের কাছে মোবাইল ব্যাংকিংয়ের মাধ্যমে পাঠানো হবে। ""যদি আমরা স্কুল ড্রেসের জন্য অর্থ দেই এবং কতো টাকা দেব সেটা যদি নির্ধারিত হয় তাহলে আমরা সেই টাকাটা শিক্ষার্থীর মায়ের অ্যাকাউন্টে রুপালি ব্যাংকের মোবাইল ব্যাংকিং সেবার মাধ্যমে পাঠাবো। এই টাকা শিশুর কাছে, এমনকি শিশুর বাবার কাছেও দেয়া হবেনা। সরাসরি মা'কে দেয়া হবে। ঠিক যেভাবে প্রতিমাসে উপবৃত্তির টাকা দেয়া হয়, সেভাবে।"" ""উপবৃত্তি প্রকল্পের আওতায় আগেই শিক্ষার্থীদের মায়েদের মোবাইলের সিম দেয়া হয়েছে এবং অ্যাকাউন্ট করে দেয়া হয়েছে। তাই এই টাকা কিভাবে পাঠানো হবে সেটা নিয়ে নতুন করে কিছু ভাবার নেই।"" বলেন মিঃ কাদির। শিশুর যদি মা' না থাকে তাহলে এই অর্থ বাবাকে দেয়া হবে। যদি বাবা-মা কেউ না থাকেন, তাহলে শিশু যেই অভিভাবকের তত্ত্বাবধানে থাকবেন তার কাছে এই অর্থ দেয়া হবে। লুটপাট এবং অনিয়মের আশঙ্কা থাকায় এই প্রকল্পে কোন টেন্ডারের ব্যবস্থা নেই। সরকারের বরাদ্দকৃত অর্থ শিক্ষার্থীর ইউনিফর্ম বাবদ খরচ হবে কিনা এটা নিশ্চিত করার ব্যাপারে পরিষ্কার কিছু বলতে পারেননি মিঃ কাদির। এ ব্যাপারে প্রতিটি স্কুলের প্রধান শিক্ষক, উপজেলা শিক্ষা কর্মকর্তাদের মাধ্যমে শিক্ষার্থীর মায়েদের নির্দেশনা দেয়া থাকবে বলে তিনি জানান। এছাড়া স্কুল ইউনিফর্মটির নকশা কেমন হবে সেটা প্রাথমিক শিক্ষা অধিদফতর ঠিক করে দেয়া হবে। ""একজন মা, তার সন্তানের সবচেয়ে ভাল চান। এখন তিনিই যদি, সন্তানের স্কুল ড্রেস কেনার টাকা অন্য কোথাও খরচ করেন। তখন পরিস্থিতি বুঝে আমরা সিদ্ধান্ত নেব যে কি করা যায়। এটা নিয়ে আমরা বেশি চিন্তিত না।"" বলেন মিঃ কাদির। যেসব স্কুলের এতদিন কোন নির্ধারিত পোশাক ছিল না, তাদেরকেও নতুন স্কুল ড্রেসের জন্য টাকা দেয়া হবে। আরও পড়তে পারেন: স্কুল-মাদ্রাসায় ছাত্রীদের নিরাপত্তা: কী করা দরকার? রোহিঙ্গা শিক্ষার্থীদের পড়াশোনা করার সুযোগ কতটা? কাশ্মীর: স্কুল খুলেছে কিন্তু শিক্ষার্থীরা কোথায়? যেসব স্কুলের এতদিন কোন নির্ধারিত পোশাক ছিল না তাদেরকেও এই প্রকল্পের আওতায় নতুন স্কুল ড্রেসের জন্য টাকা দেয়া হবে। মূলত স্কুলের প্রতিটি শিক্ষার্থীর মধ্যে সমতা আনতে এবং বৈষম্য দূর করতে সেইসঙ্গে স্কুলের প্রতি শিক্ষার্থীদের আগ্রহ বাড়াতেই সরকার এই উদ্যোগ হাতে নেয়া হয়েছে বলে তিনি জানান। ""আমরা চাই শিশুরা যাতে আনন্দের সাথে স্কুলে লেখাপড়া করতে আসে। একটা নতুন ড্রেস তাদেরকে সেই আনন্দটা দেবে। সব বাচ্চারা একইরকম ড্রেস পরবে। গরিবের বাচ্চা আর ধনীর বাচ্চার মধ্যে কোন ব্যবধান না থাকবেনা।"" জাতীয় শিক্ষা নীতি ২০১০ এর প্রাইমারি শিক্ষা অধ্যায়ের ১৭ নম্বর ধারায় বলা হয়েছে যে এখনও প্রাথমিকের ৫০% শিক্ষার্থী পঞ্চম শ্রেণীতে উত্তীর্ণ হওয়ার আগেই ঝরে পড়ে। নতুন স্কুলের পোশাক শিশুদের মনে পরিবর্তন এনে এই ঝরে পড়ার হার অনেকটাই কমিয়ে আনবে বলে আশা করেন মিঃ কাদির। এদিকে সরকারের এই উদ্যোগকে স্বাগত জানিয়েছেন গণস্বাক্ষরতা অভিযানের পরিচালক ও তত্ত্বাবধায়ক সরকারের সাবেক উপদেষ্টা রাশেদা কে চৌধুরী। তার মতে, প্রান্তিক অঞ্চলের চরম দারিদ্র-পীড়িত শিশুদের স্কুলমুখী করার জন্য এটি একটি ভাল উদ্যোগ। কারণ পিছিয়ে পড়া ওই অঞ্চলগুলোয় শিশুদের স্কুলে যাওয়া না যাওয়ার পেছনে অন্যতম কারণ পোশাক না থাকা। বিশেষ করে মেয়েদের জন্য এটা বড় সমস্যা। এক্ষেত্রে, রাষ্ট্রীয় অর্থায়নে এই বৃহত্তর পরিকল্পনা বাস্তবায়নে অর্থের সুষম বিতরণ এবং বরাদ্দকৃত অর্থ ঠিকভাবে কাজে লাগানো হচ্ছে কিনা তা নিশ্চিত করতে সরকারকে নিয়মিত পর্যবেক্ষণ করতে হবে বলে তিনি উল্লেখ করেন। তবে যে শর্তে টাকাটি দেয়া হচ্ছে সেটার সঠিক ব্যবহার আদৌ কিভাবে নিশ্চিত করা হবে সেটা নিয়ে সন্দেহ প্রকাশ করেছেন তিনি। ""এই টাকা শর্তসাপেক্ষে টাকা দেয়া হবে, যাকে বলে কন্ডিশনাল ক্যাশ ট্রান্সফার। যেখানে কন্ডিশন আছে যে ইউনিফর্ম কিনবে। এই টাকা যেন অন্য কোন খাতে খরচ না হয় সেটা নিশ্চিত করতে হবে। কিন্তু গ্রামের একটা গরিব পরিবারের ক্ষেত্রে সেটা কিভাবে নিশ্চিত করবেন? এজন্য পুরো বিষয়টা মনিটর করতে হবে। যেন কোন দালাল এর সুযোগ না নেয়।"" বলেন মিসেস চৌধুরী। প্রত্যেক বছরের শুরুতে শিক্ষার্থীদের হাতে নতুন বই তুলে দেয়া হয়। এছাড়া তৃতীয় কোন পক্ষ যেন সরকারি এই প্রকল্পের সুবিধা নিতে না পারে সে ব্যাপারে আগেভাগেই ব্যবস্থা নেয়ার পরামর্শ দেন তিনি। ""যখন সরকার টাকা দেবে, বলে দেবে যে স্কুলে ইউনিফর্ম পরে আসতে হবে তখন দেখা যাবে স্কুল ড্রেসের ব্যবসা, টেইলারিং ব্যবসা গড়ে উঠছে। যারা এই প্রকল্পের নামে ফায়দা লুটতে চাইবে। এটা নজরে রাখা দরকার।""- বলেন মিসেস চৌধুরী। তবে প্রাথমিক স্কুলে এই ইউনিফর্মের টাকা বরাদ্দের চাইতে দুপুরের জন্য গরম খাবারের ব্যবস্থা করা বেশি প্রয়োজন বলে তিনি উল্লেখ করেন।",বাংলাদেশের প্রাথমিক বিদ্যালয়ের শিক্ষার্থীদের সামনের বছর থেকে স্কুল ইউনিফর্ম কেনার জন্য দুই হাজার টাকা করে দেয়া হবে বলে জানিয়েছেন প্রাথমিক ও গণশিক্ষা প্রতিমন্ত্রী মোঃ জাকির হোসেন।,বাংলাদেশে প্রাথমিক বিদ্যালয়ের শিক্ষার্থীদের স্কুল ড্রেস কেনার জন্য টাকা দেয়ার প্রকল্প হাতে নিয়েছে সরকার বলে জানিয়েছেন শিক্ষামন্ত্রী আনিসুল হক হোসেন।,0.4347826086956522,0.1818181818181818,0.4347826086956522,0.8463541,20,26
"ঢাকার ক্যাসিনোতে র‍্যাবের অভিযান চলছে। চাঁদাবাজি, টেন্ডারবাজিসহ নানা অপরাধের সঙ্গে জড়িত থাকার অভিযোগে দলীয় নেতাদের বিরুদ্ধে ব্যবস্থা নেওয়া হচ্ছে। এই অভিযানকে ইতিবাচক হিসেবে দেখা হচ্ছে, তবে এটি শেষ পর্যন্ত কতটা সফল হবে সেই প্রশ্নও উঠেছে। রাজধানীর হাজারীবাগে আওয়ামী লীগ নেতা এবং মাংস ব্যবসায়ী সমিতির মহাসচিব রবিউল আলম পশুর হাটে চাঁদাবাজি বন্ধের দাবিতে সোচ্চার। বাংলাদেশে গরুর মাংসের দাম বেড়ে প্রায় দ্বিগুণ হওয়ার পেছনে চাঁদাবাজি অন্যতম কারণ বলে মনে করেন মি. আলম এবং তার সংগঠন। পশুর হাটে চাঁদাবাজি বন্ধের দাবিতে ধর্মঘট করে টানা কয়েকদিন মাংস বিক্রি পর্যন্তও বন্ধ রেখেছিলেন তারা। টিআইবির নির্বাহী পরিচালক ইফতেখারুজ্জামান। আরো পড়তে পারেন: শেখ হাসিনা কেন হঠাৎ 'দুর্নীতির বিরুদ্ধে' সজাগ হলেন ক্যাসিনো-পার্লারে অভিযান: বড় দুর্নীতি আড়ালের চেষ্টা? দায় কি শুধু ছাত্রলীগ যুবলীগের নেতাদের? রবিউল আলমের দাবি: শুধু চাঁদাবাজি বন্ধ করলেই মাংসের দাম কেজিতে ৭০ থেকে ৭৫ টাকা কমবে এবং আরো কিছু পদক্ষেপ নিলে আবারো ৩শ টাকায় গরুর মাংস বিক্রি করা সম্ভব। ""শুধু ক্যাসিনো বন্ধ করলেই দেশে আইন প্রতিষ্ঠা হবে না। কারণ চাঁদা বা সন্ত্রাসের জন্মদাতা গরুর হাট। এদেরকে নজরদারির আওতায় আনতে হবে। অন্তত মাসে একবার তদন্ত করুক,"" বলেন তিনি। সরকারি দলের রাজনীতির সঙ্গে জড়িত রবিউল আলমের অভিযোগ দেশের পশুর হাটগুলো নিয়ন্ত্রণ হয় ক্ষমতাসীনদের ছত্রছায়ায়। তিনি মনে করেন দলের ভাবমূর্তি এবং দেশের সাধারণ মানুষের স্বার্থে মাংসের দাম কমাতে পশুর হাটকে চাঁদাবাজমুক্ত করা দরকার। পশুর হাট ছাড়াও নানা ক্ষেত্রে চাঁদাবাজি ছাড়াও সন্ত্রাস, দুর্নীতি, ভূমি দখল, টেন্ডারবাজি, শেয়ার বাজার কারসাজি, অর্থ-পাচার, মাদক, ঋণ-খেলাপির মতো অনিয়মের অভিযোগ আছে ক্ষমতাসীন দলের নেতা-কর্মীদের বিরুদ্ধে। বর্তমানে এসব প্রভাবশালী নেতাদের টার্গেট করে আইনশৃঙ্খলা রক্ষাকারী বাহিনী যেভাবে অভিযান চালাচ্ছে - সচরাচর এমনটি দেখা যায় না। সাধারণত সরকার পরিবর্তন হলেই এরকম অভিযান চোখে পড়ে। বিএনপি নেতা মওদুদ আহমদ। ক্ষমতাসীন দলের নেতারাও আচমকা এ অভিযান সম্পর্কে আন্দাজ করতে পারেননি। সরকার প্রধান এবং আওয়ামী লীগ সভানেত্রী শেখ হাসিনার একক সিদ্ধান্ত ও পরিকল্পনায় চলছে এ অভিযান যাকে ক্ষমতাসীনরা 'শুদ্ধি অভিযান' বলেও আখ্যায়িত করছে। কিন্তু সরকারের এ অভিযান কতটা সফল হবে তা নিয়ে সন্দেহ পোষণ করছে বিরোধী দল বিএনপি। দলটির নেতা মওদুদ আহমদ বিবিসিকে বলেন, সব আমলেই চাঁদাবাজি, টেন্ডারবাজি থাকে তবে সেটি তার ভাষায় এতটা নিয়ন্ত্রণহীন কখনোই ছিল না। মি. আহমদ বলছেন, নিয়ন্ত্রণহীন ও জবাবদিহিতামুক্ত সরকারের পক্ষে দুর্নীতি এবং অনিয়মের বিরুদ্ধে অভিযান চালিয়ে সফল হওয়া সম্ভব নয়। ""এটা কিসের শুদ্ধি অভিযান? এটা তো লোক-দেখানো। আজকে সুষ্ঠু গণতন্ত্র না থাকার কারণে, জবাবদিহিমূলক সরকার না থাকার কারণে এগুলোর বিচার হবে না। কারণ হলো যে সরকারের মদদপুষ্ট খুব প্রভাবশালীরা এর সঙ্গে জড়িত। আজকে ছাত্রলীগের প্রেসিডেন্ট সেক্রেটারি কি জেলে আছে? তাদেরকে কি গ্রেফতার করা হয়েছে?"" এখনও পর্যন্ত যেসব অভিযান চালানো হয়েছে তাতে ঢাকার বিভিন্ন ক্লাবে অবৈধ জুয়া, মাদক এবং ক্যাসিনো খুঁজে পাওয়া যায়। ক্যাসিনো ব্যবসার সাথে জড়িতদের বাড়ি থেকে কোটি কোটি টাকা, শত শত ভরি স্বর্ণ, অবৈধ অস্ত্র ও মাদক উদ্ধার হতেও দেখা যাচ্ছে। আওয়ামী লীগের নেতা আব্দুর রাজ্জাক। আরো পড়তে পারেন: 'বালিশ দুর্নীতি দিনে-দুপুরে ডাকাতি': কৃষিমন্ত্রী ক্যাসিনো বাণিজ্য কি পুলিশের নজরের বাইরে ছিল 'শুদ্ধি অভিযান': কীভাবে দেখছে আওয়ামী লীগ কর্মীরা? ট্রান্সপারেন্সি ইন্টারন্যাশনাল বাংলাদেশ টিআইবির নির্বাহী পরিচালকের প্রশ্ন - ক্যাসিনোর যন্ত্রপাতি কিভাবে আসলো, আর যাদেরকে ধরা হচ্ছে তাদের পৃষ্ঠপোষক কারা? ইফতেখারুজ্জামান বলছেন, ""যাদেরকে চিহ্নিত করা হয়েছে আপাতদৃষ্টিতে এটি যথার্থ, কিন্তু এটা কিন্তু টিপ অব দ্য আইসবার্গ বা হিমশৈলের চূড়া মাত্র। এসব কিন্তু ছাত্র বা যুব সংগঠনটির মধ্যে সীমাবদ্ধ নয়। বিভিন্ন পর্যায়ে যারা প্রত্যক্ষ ও পরোক্ষভাবে জড়িত তাদেরকেও ধরতে হবে। দেখতে হবে এরা কতটা জবাবদিহিতার আওতায় আসে।"" প্রশাসনের নাকের ডগায় অবৈধ ক্যাসিনো ব্যবসা চলছিল কিভাবে সেটি যেমন প্রশ্ন, তেমনি একজন ব্যক্তি প্রভাব খাটিয়ে গণপূর্ত বিভাগের বেশিরভাগ কাজ কিভাবে পেল তা নিয়েও আলোচনা হচ্ছে। অনেকেই মনে করেন, ব্যাপক দুর্নীতির কারণেই এগুলো সম্ভব হয়েছে। টিআইবির ইফতেখারুজ্জামান বলছেন, ""আমাদের রাষ্ট্র-কাঠামো দুর্নীতির কাছে ক্যাপচার হয়ে গেছে, দখল হয়ে গেছে।"" দুর্নীতি দমন কমিশন বলছে, ক্যাসিনো ব্যবসাসহ বর্তমান অভিযানে যাদের ধরা হচ্ছে এবং যাদের যোগসাজসের কথা শোনা যাচ্ছে তাদের ব্যাপারে এখনো তথ্য সংগ্রহের কাজ চলছে। সুনির্দিষ্ট অভিযোগের ভিত্তিতে সবার বিরুদ্ধে ব্যবস্থা নেয়া হবে বলে কমিশন জানিয়েছে। দুর্নীতি দমন কমিশনের প্রধান ইকবাল মাহমুদ। এ অভিযান সফল হতে আরো গভীরে যেতে হবে বলে মনে করেন কমিশন চেয়ারম্যান ইকবাল মাহমুদ। দুর্নীতি দমনে কমিশনের ভূমিকা নিয়ে প্রশ্ন তোলা হলে তিনি বলেন, কমিশনের মূল কাজই হলো দুর্নীতি প্রতিরোধ। দুর্নীতিমুক্ত সমাজ প্রতিষ্ঠায় আরো সময় লাগবে বলেও তিনি বলছেন। ""যে দুর্নীতি সমাজের সর্বস্তরে ব্যাপকহারে ছড়ানো সেই জঞ্জাল কি এক কমিশনের পক্ষে সরানো সম্ভব? নো।"" প্রধানমন্ত্রী ও আওয়ামী লীগ সভানেত্রীর সরাসরি নির্দেশনায় চলমান অভিযানকে এযাবৎ কালের মধ্যে দুর্নীতিবিরোধী সবচেয়ে কঠোর অভিযান হিসেবে দেখা হচ্ছে। ক্ষমতাসীন দলের পক্ষে বলা হচ্ছে চলমান অভিযানের পরিধি আরো বাড়বে এবং এবার কাউকে ছাড় দেয়া হবে না। আওয়ামী লীগের সভাপতিমণ্ডলীর সদস্য ড. মো. আব্দুর রাজ্জাক বলেন, ""আমরা চাচ্ছি যে এর ধারাবাহিকতা অব্যাহত থাক। আমরা সত্যিকার অর্থে গুড গর্ভন্যান্স যেটা আমরা বলেছি আমাদের ঘোষণাপত্রে, আমরা এটা মিন করি, এটাই আমরা জাতির কাছে প্রমাণ করতে চাচ্ছি।"" ""দলের সভানেত্রী ভেবেছেন, যারা অপকর্ম করছে সে যেই হোক, যারা বিপথগামী, তাদেরকে কঠোর হস্তে দমন করতে হবে।"" তবে এ অভিযান শেষ পর্যন্ত কতদূর যায় এবং পরিণতি কী দাঁড়ায় সেদিকেই দৃষ্টি সাধারণ মানুষ ও পর্যবেক্ষকদের। মাংস ব্যবসায়ী সমিতির মহাসচিব রবিউল আলম বলছেন, পশুর হাটে চাঁদাবাজি বন্ধ করে গরুর মাংসের দাম কমাতে পারলেই কেবল তিনি বলবেন এ অভিযান সফল। আরো পড়তে পারেন: ক্ষমতাসীনদের সাথে সমঝোতা ছাড়া কি ব্যবসা করা সম্ভব? বাজারে রোবট কুকুর 'স্পট': কী করতে পারে 'প্রকাশ্যে মলত্যাগ' করায় পিটিয়ে শিশু হত্যা",বাংলাদেশে তৃতীয় মেয়াদে ক্ষমতায় এসে আওয়ামী লীগ নজিরবিহীন এক অভিযান শুরু করেছে দুর্নীতির বিরুদ্ধে।,বাংলাদেশের রাজধানী ঢাকার ক্যাসিনোতে আওয়ামী লীগের নেতাদের বিরুদ্ধে অভিযান শুরু হয়েছে।,0.23999999999999996,0.08695652173913043,0.23999999999999996,0.7696442,11,14
"ভারতের উডিষা উপকূলে আঘাত করেছে ঘূর্ণিঝড় তিতলি, অন্যদিকে আরব সাগরে রয়েছে ঘূর্ণিঝড় লুবান ভারতের উডিষ্যা রাজ্যে বৃহস্পতিবার ভোরে আঘাত করেছে ঘূর্ণিঝড় তিতলি। ভারতের ঠিক অন্যপাশের উপকূলে, আরব সাগরের তীরে আঘাত করতে যাচ্ছে ঘূর্ণিঝড় বা সাইক্লোন লুবান। প্রায় ৪০ বছর পর ভারতের একই অংশে একই সঙ্গে দুইটি সাইক্লোন আঘাত করতে যাচ্ছে। তবে বাংলাদেশের আবহাওয়াবিদরা বলছেন, বৃষ্টিপাত হলেও বাংলাদেশে ঘূর্ণিঝড় তিতলির আসার সম্ভাবনা অনেক কম। সমুদ্র বন্দরগুলোকে ৪ নম্বর স্থানীয় হুঁশিয়ারি সঙ্কেত নামিয়ে ৩ নম্বর স্থানীয় সতর্ক সংকেত দেখাতে বলা হয়েছে। আর আর নদীবন্দরগুলোকে দেখাতে বলা হয়েছে ২ নম্বর নৌ হুঁশিয়ারি সংকেত। অনেকটা একই সময়ে যুক্তরাষ্ট্রে আছড়ে পড়তে শুরু করেছে হ্যারিকেন মাইকেল। সবমিলিয়ে এ বছরের দশ মাসেই বিশ্বের দেশগুলোয় ছোট বড় মিলিয়ে ৫০টির বেশি ঝড়ের তৈরি হয়েছে। আরো পড়ুন 'যখন ওর লাশ পাইছি মেয়েরে জড়ায়ে ধরেই ছিল' স্মৃতিতে সাইক্লোন সিডর, ১০ বছর পর এর আগে যুক্তরাষ্ট্রে হ্যারিকেন ফ্লোরেন্স, হার্ভে, পুয়ের্তো রিকোয় মারিয়া, ফিলিপাইনে সুপার টাইফুন ম্যাঙ্গখুট, হাওয়াই দ্বীপে ঝড় লেন, যুক্তরাষ্ট্রে ঝড় আলবার্তো,সলোমন দ্বীপে লিলুয়া সাইক্লোন, ফিজিতে সাইক্লোন জোসি ছাড়াও অনেকগুলো ভূমিকম্প, বনের আগুন, ভূমি ধসে এবং বন্যার ঘটনা ঘটেছে। ধারণা করা হচ্ছে, এ বছরের বাকি সময়ে প্রশান্ত মহাসাগরীয় দেশগুলোতেই সাত থেকে ১১টি সাইক্লোনের তৈরি হতে পারে, যার মধ্যে তিন থেকে চারটি হবে বড় ধরণের। কিন্তু কেন এত বেশি ঝড়ের তৈরি হচ্ছে? ফ্লোরিডার পানামা সিটিতে হ্যারিকেন মাইকেলে অনেক বাড়িঘর বিধ্বস্ত হয়েছে একই সময়ে এতো বেশি ঝড়ের জন্য বিশ্বের উষ্ণতা বৃদ্ধি এবং জলবায়ু পরিবর্তনকে দায়ী করছেন বিজ্ঞানীরা। আবহাওয়াবিদ আবদুল মান্নান বলছেন, গত বছরের তুলনায় এ বছর ঝড় বেশি হচ্ছে। এমনকি একই সময়ে বিশ্বে একাধিক ঝড়েরও তৈরি হচ্ছে। বিশ্বের উষ্ণতা বৃদ্ধি এবং এল নিনোর নিরপেক্ষতার কারণে সাগরের পরিবেশগুলোও অতিরিক্ত উত্তপ্ত হয়ে উঠছে। যেমন ভারত মহাসাগরে স্বাভাবিকের তুলনায় তাপমাত্রা একদুই ডিগ্রি বেশি উষ্ণ ছিল। এসব কারণে এখানে দ্রুত ঝড়গুলো দ্রুত তৈরি হচ্ছে। তার অনেকগুলো পরবর্তীতে বড় হয়ে যাচ্ছে, অনেকগুলো আর বাড়ছে না। বিবিসি বাংলার অন্যান্য খবর ডিজিটাল নিরাপত্তা আইনে প্রথম মামলা সৌদি সাংবাদিক নিখোঁজ: কী জানা যাচ্ছে? টি-২০ ক্রিকেট: টার্গেট যখন মাত্র ৬ রান 'হিন্দুদের বন্ধু', তবু লিঞ্চিস্তানে আক্রান্ত মিও মুসলিমরা তিনি বলছেন, যতদিন পর্যন্ত এসব সাগরের উষ্ণতা যথেষ্ট মাত্রায় নীচে নেমে না আসবে,ততদিন এসব ঝড়ের দেখা পাওয়া যাবে। ''সাইক্লোনের পরিবেশ তৈরির একটি বড় কারণ সাগরের ওপরের তাপমাত্রা ২৬.৫ বা ২৭ ডিগ্রি সেলসিয়াসের বেশি থাকা। এখন বিশ্বের অনেক এলাকার সমুদ্রেই এমনটা দেখা যাচ্ছে। '' তবে বিজ্ঞানীরা ধারণা করছেন, নভেম্বর মাস থেকে প্রশান্ত মহাসাগরে দুর্বল এল নিনোর তৈরি হতে পারে। এল নিনো তৈরির জন্য তারা ৭৫ শতাংশ সম্ভাবনা দেখতে পাচ্ছেন। মি. মান্নান বলছেন, এল নিনো তৈরি হলে বিশ্বের অন্যান্য এলাকায় সাগরের উষ্ণতা কমে যাবে। তখন এসব সাগরে ঝড়ের প্রবণতাও কমবে। তবে সেটি বিশ্বের উষ্ণতা বৃদ্ধিকে আবার প্রভাবিত করবে। ''গত বছর ঝড় কম হয়েছে। এবার আবার বেশি হচ্ছে। এভাবে আবার একটি মৌসুম আসবে, যখন দেখা যাবে ঝড়ের প্রবণতা অনেক কমে যাবে।।"" ""বিশেষ করে এল নিনো (পেরুর উপকূলে সমুদ্রের উপরের পানি গরম হয়ে যাওয়া, যা সেখানে মেঘ সৃষ্টি আর প্রচুর বৃষ্টিপাত ঘটায়, দুই বা সাত বছর পরপর তৈরি হয়) তৈরি হলে সেটি বিশ্বের অন্যান্য এলাকায় একযোগে ঝড়ের প্রবণতা অনেক কমে যাবে,'' তিনি বলছেন। কিভাবে ঝড় তৈরি হয়? বিজ্ঞানীরা বলছেন, গত বছরের তুলনায় ২০১৮ সালে ঘূর্ণিঝড়ের মতো বড় ঝড় বেশি হচ্ছে সমুদ্রের উষ্ণ পানির কারণে বায়ু উত্তপ্ত হঠাৎ করে এসব ঝড়ের তৈরি হয়। তখন তুলনামূলক উষ্ণ বাতাস হালকা হয়ে যাওয়ার কারণে ওপরে উঠে যায়, আর ওপরের বাসা ঠাণ্ডা বাতাস নীচে নেমে আসে। এসে নীচের বায়ুমণ্ডলের বায়ুর চাপ কমে যায়। তখন আশেপাশের এলাকার বাতাসে তারতম্য তৈরি হয়। সেখানকার বাতাসের চাপ সমান করতে আশেপাশের এলাকা থেকে প্রবল বেগে বাতাস ছুটে আসে। আর এ কারণেই তৈরি হয় ঘূর্ণিঝড়ের। এরফলে প্রবল বাতাস ও স্রোতের তৈরি হয়। যখন এসব এই বাতাসের ভেসে ঝড়টি ভূমিতে চলে আসে, তখন বন্যা, ভূমিধ্বস বা জলোচ্ছ্বাসের তৈরি করে। সাইক্লোন, হ্যারিকেন আর টাইফুনের মধ্যে পার্থক্য কী? টাইফুনের সঙ্গে অনেক সময় জলোচ্ছ্বাস হতে পারে এর সবগুলো ঝড়। তবে বিশ্বের বিভিন্ন অঞ্চলে এগুলোকে বিভিন্ন নামে ডাকা হয়। যেমন আটলান্টিক, ক্যারিবিয়ান সাগর, মধ্য ও উত্তরপূর্ব মহাসাগরে এসব ঝড়ের নাম হ্যারিকেন। উত্তর পশ্চিম প্রশান্ত মহাসাগরে সেই ঝড়ের নাম টাইফুন। বঙ্গোপসাগর, আরব সাগরে এসব ঝড়কে ডাকা হয় সাইক্লোন নামে। যদি কোন নিম্নচাপ ঘণ্টায় ৬২ কিলোমিটার গতিবেগ অর্জন করে, তখন সেটি আঞ্চলিক ঝড় বলে মনে করা হয় এবং তখন সেটির নাম দেয়া হয়। কিন্তু সেটি যদি ঘণ্টায় ১১৯ কিলোমিটার (৭৪ মাইল) গতিবেগ অর্জন করে, তখন সেটি হ্যারিকেন, টাইফুন বা সাইক্লোন বলে ডাকা হয়। এগুলোর পাঁচটি মাত্রা হয়েছে। ঘণ্টায় ২৪৯ কিলোমিটার গতিবেগ অর্জন করলে সেটির সর্বোচ্চ ৫ মাত্রার ঝড় বলে মনে করা হয়। তবে অস্ট্রেলিয়া ঝড়ের মাত্রা নির্ধারণে ভিন্ন পদ্ধতি অনুসরণ করে। ঝড়ের নামকরণ কিভাবে হয়? বাংলাদেশে ২০০৭ সালের ঘূর্ণিঝড় সিডরে লণ্ডভণ্ড একটি গ্রাম বিশ্ব আবহাওয়া সংস্থা আঞ্চলিক কমিটি একেকটি ঝড়ের নামকরণ করে। যেমন ভারত মহাসাগরের ঝড়গুলোর নামকরণ করে এই সংস্থার আটটি দেশ। দেশগুলো হচ্ছে: বাংলাদেশ, ভারত, পাকিস্তান, মায়ানমার, মালদ্বীপ, শ্রীলঙ্কা, থাইল্যান্ড এবং ওমান। এসব দেশের প্রস্তাব অনুসারে একটি তালিকা থেকে একটির পর একটি ঝড়ের নামকরণ করা হয়। যেমন তিতলির নামকরণ করেছে পাকিস্তান। এর পরের ঝড়টির নাম হবে গাজা, থাইল্যান্ডের প্রস্তাব অনুসারে। বিবিসি বাংলার অন্যান্য খবর গ্রেনেড হামলার রায়: কোন দিকে যাবে রাজনীতি? হ্যারডসে কোটি ডলার খরচ করা এই নারী কে? চীনের মুসলিম বন্দী শিবিরগুলো এখন 'বৈধ' জন্মদিনে মৃত্যুদণ্ডে দণ্ডিত হলেন লুৎফুজ্জামান বাবর",পৃথিবীর দুই অংশের মানুষ এখন তিনটি বড় ধরণের ঝড়ের মোকাবেলা করছে।,প্রশান্ত মহাসাগরীয় দেশগুলোতে আছড়ে পড়তে শুরু করেছে হ্যারিকেন মাইকেল। এবছরের বাকি সময়ে বিশ্বের দেশগুলোয় ছোট বড় মিলিয়ে ৫০টির বেশি ঝড়ের তৈরি হয়েছে।,0.12121212121212123,0.0,0.12121212121212123,0.7020691,22,11
"আন্তর্জাতিক সংস্থাগুলোর আপত্তি সত্ত্বেও ডিসেম্বরের প্রথম সপ্তাহে ১৬৪২ জন রোহিঙ্গাকে ভাসানচরে স্থানান্তর করা হয়েছে দলটির মহাসচিব মির্জা ফখরুল ইসলাম আলমগীর আজ (সোমবার) ঢাকায় এক সংবাদ সম্মেলন করে ভাসানচরে রোহিঙ্গাদের স্থানান্তরের সরকারি পদক্ষেপের কড়া সমালোচনা করেছেন। রোহিঙ্গা সংকটের শুরুর দিকে বিএনপি নানা বক্তব্য দিলেও পরে লম্বা সময় ধরে নীরব থেকেছে। কিন্তু রোহিঙ্গাদের একটি অংশকে ভাসানচরে স্থানান্তরের পর আবার এ নিয়ে বিএনপি মুখ খুলেছে। দলটির মহাসচিব মি. আলমগীর বলেছেন, সরকারের এমন পদক্ষেপের কারণে রোহিঙ্গাদের মিয়ানমারে ফেরত পাঠানোর ক্ষেত্রে নতুন প্রতিবন্ধকতা সৃষ্টি করবে। তবে পররাষ্ট্রমন্ত্রী এ কে আব্দুল মোমেন বিএনপির অভিযোগকে কল্পনাপ্রসূত বলে বর্ণনা করেছেন। রোহিঙ্গাদের ভাসানচরে স্থানান্তরের সরকারি পদক্ষেপের বিরুদ্ধে অবস্থান নিয়েছে বিএনপি। আরও পড়তে পারেন: বিএনপির মহাসচিব মির্জা ফখরুল ইসলাম আলমগীর বলেছেন, সরকারের এমন পদক্ষেপের কারণে রোহিঙ্গাদের মিয়ানমারে ফেরত পাঠানোর ক্ষেত্রে নতুন প্রতিবন্ধকতা সৃষ্টি করবে। বিএনপি মনে করছে, রোহিঙ্গাদের মিয়ানমারে ফেরত পাঠানোর চেষ্টায় সরকার কূটনৈতিক এবং রাজনৈতিক দিক থেকে ব্যর্থ হয়ে এমন পদক্ষেপ নিয়েছে। বিএনপির নীতি নির্ধারণী ফোরাম জাতীয় স্থায়ী কমিটির বৈঠকের আলোচনার ভিত্তিতে সোমবার সংবাদ সম্মেলন করে তারা তাদের অবস্থান তুলে ধরেছে। দলটির মহাসচিব মির্জা ফখরুল ইসলাম আলমগীর বলেছেন, জাতিসংঘসহ আন্তর্জাতিক সংস্থাগুলোর আপত্তি সত্ত্বেও রোহিঙ্গাদের ভাসানচরে স্থানান্তরের পদক্ষেপ নতুন সংকট সৃষ্টি করবে বলে তারা মনে করেন। ""আন্তর্জাতিক সম্প্রদায়কে দিয়ে রোহিঙ্গা ইস্যুতে মিয়ানমারের ওপর যে চাপ সৃষ্টি করা দরকার, সরকার তাতে ব্যর্থ হয়েছে। যেমন রাশিয়া এনিয়ে আলোচনাই করতে দেয়নি, চীন নিরাপত্তা পরিষদে কোন রেজুলেশন নিতে দেয়নি। ভারত এখন পর্যন্ত তাদের কোন ভূমিকা পালন করছে না। তাছাড়া ভাসানচরে কিছু রোহিঙ্গাকে যে স্থানান্তর করা হয়েছে, এ কারণে রোহিঙ্গাদের মিয়ানমারে ফেরত পাঠানোর বিষয়টা আরও দুর্বল হয়ে গেছে,"" মি: আলমগীর মন্তব্য করেছেন। বিএনপি মনে করছে, সরকারের এমন পদক্ষেপের কারণে একদিকে মিয়ানমার সুযোগ পাবে এবং অন্যদিকে রোহিঙ্গা ইস্যুতে আন্তর্জাতিক সম্প্রদায়ের সাথে বাংলাদেশের দূরত্ব সৃষ্টি হতে পারে। দু'দিন আগে বিএনপির জাতীয় স্থায়ী কমিটির বৈঠকে রোহিঙ্গা সংকট নিয়েই মূলত আলোচনা হযেছে। পররাষ্ট্রমন্ত্রী এ কে আব্দুল মোমেন বিএনপির অভিযোগকে কল্পনাপ্রসূত বলে বর্ণনা করেছেন। কিন্তু দলটি এখন এই ইস্যুকে কেন সামনে আনছে-সেই প্রশ্নে দলটির একাধিক কেন্দ্রীয় নেতা নাম প্রকাশ না করার শর্তে বলেছেন, এখন বিভিন্ন ক্ষেত্রে সরকারের ব্যর্থতাকে তুলে ধরার পরিকল্পনা তাদের দল নিয়েছে। এর অংশ হিসাবে এখন রোহিঙ্গা সংকট নিয়ে বক্তব্য তুলে ধরা হয়েছে। বিএনপির অন্য সূত্রগুলো বলেছেন, দেশে নির্বাচন ব্যবস্থা ভেঙে পড়েছে এবং তাদের ভাষায় সরকারের কর্তৃত্ববাদী অবস্থান নিয়ে তারা কথা বললেও এতদিন আন্তর্জাতিক সম্প্রদায় নজরে নেয়নি। তারা মনে করেন, এখন হিউম্যান রাইটস ওয়াচসহ সাতটি আন্তর্জাতিক মানবাধিকার সংস্থা বাংলাদেশে কর্তৃত্ববাদী শাসনের বিরুদ্ধে দাঁড়ানোর জন্য আন্তর্জাতিক সম্প্রদায়ের প্রতি আহবান জানিয়েছেন। এই পরিস্থিতিকে বিএনপি আন্তর্জাতিক সম্প্রদায়ের দৃষ্টি আকর্ষণের একটা সুযোগ হিসাবে দেখছে। অন্যদিকে, রোহিঙ্গা সংকট যেহেতু আন্তর্জাতিক সম্প্রদায়ের নজর রয়েছে, সেই ইস্যুতে আন্তর্জাতিক সম্প্রদায়ের আপত্তির পরও সরকার রোহিঙ্গাদের ভাসানচরে স্থানান্তরের পদক্ষেপ নিয়েছে। এই সুযোগ নিয়ে বিএনপি আন্তর্জাতিক সম্প্রদায়ের দৃষ্টি আকর্ষণের কৌশল নিয়েছে বলে দলটির সূত্রগুলো জানিয়েছে। রাজনৈতিক বিশ্লেষক অধ্যাপক দিলারা চৌধুরী মনে করেন, সরকারের ব্যর্থতাগুলো মানুষের সামনে তুলে ধরার টার্গেট থেকে বিএনপি এখন রোহিঙ্গা সংকট নিয়ে বক্তব্য দিয়েছে। ""২০১৭ সালে যখন রোহিঙ্গা সংকট নতুন করে শুরু হয়, তখন বিএনপি সেমিনার বা রাউণ্ডটেবিল করে তাদের বক্তব্য তুলে ধরেছে। ফলে বিএনপি আগেও রোহিঙ্গা ইস্যুতে কথা বলেছে। এখন আমার মনে হয়, সরকারের সামনে অনেকগুলো ইস্যু এসেছে, যেগুলো নিয়ে জনগণের মদ্যে অস্বস্তি তৈরি হযেছে। সেটাকে সামনে রেখে বাংলাদেশের জনগণের উদ্দেশেই সরকারের ব্যর্থতা তুলে ধরেছে বিএনপি।"" তবে বিএনপি নেতা মি: আলমগীর বলেছেন, রোহিঙ্গা সমস্যা বাংলাদেশের জন্য স্থায়ী সমস্যা যেন না হয়, সেজন্য তারা এখন বক্তব্য তুলে ধরেছেন। ""রোহিঙ্গা ইস্যুকে এই জন্য সামনে আনা জরুরি হয়ে পড়েছে, যেহেতু এটাকে এখন অব্যাহত সমস্যা মনে করছি। সেটা যদি অ্যাড্রেস করা না হয় এবং সরকারের পক্ষ থেকে যদি যথাযথ পদক্ষেপ না নেয়া হয়, তাহলে তো স্বাভাবিকভাবেই মানুষের মাঝে হতাশা দেখা দেবে। সেজন্যই আমরা বক্তব্য দিয়েছি।"" তবে পররাষ্ট্রমন্ত্রী এ কে আব্দুল মোমেন কূটনৈতিক ব্যর্থতার অভিযোগ মানতে রাজি নন। তিনি রোহিঙ্গা ইস্যুতে সরকারকে সহযোগিতার না করার পাল্টা অভিযোগ করেছেন বিএনপির বিরুদ্ধে। মি: মোমেন বলেছেন, ""ওনাদের অভিযোগ অলীক (কল্পনাপ্রসূত)। আমরা মিয়ানমারের ওপর বিভিন্ন রকম চাপ সৃষ্টি করেছি। আমরা মনে করি, আমাদের যে কূটনৈতিক তৎপরতা চলছে, এটা সঠিক পথেই আছে।"" বিবিসি বাংলার অন্যান্য খবর: কেনিয়ার কালোবাজারে সন্তান বিক্রি করতে বাধ্য হচ্ছেন যেসব মা স্ত্রী-সন্তানকে ফেরত পাবার মামলায় হেরে যাবার পর আদালত প্রাঙ্গণে যুবকের আত্মহত্যা লাতিন আমেরিকার রাজনীতি: ফাঁস হলো ব্রিটেনের যত গোপন তৎপরতা ভারতে জাতীয় সঙ্গীতের কিছু অংশ যে কারণে পাল্টাতে চান বিজেপি নেতা রোহিঙ্গাদের একটি অংশকে ভাসানচরে স্থানান্তরের পর আবার এ নিয়ে বিএনপি মুখ খুলেছে। বিএনপিকে উদ্দেশ্য করে পররাষ্ট্রমন্ত্রী আরও বলেছেন, ""তারা তো নালিশের দল। তাদের কাজ শুধু নালিশ করা। তারা এ ব্যাপারে আমাদের কোন সহায়তা করেন নাই। তাদের মুখে এগুলো মানায় না। বাংলাদেশ যে মানবতায় বিশ্বাস করে, সেখানে যেহেতু আশ্রয়প্রার্থী রোহিঙ্গারা বড় কষ্টে আছে। সম্প্রতি ওখানে বিভিন্ন ক্রিমিনাল অ্যক্টিভিটিও বেড়ে গেছে। এসব কারণে কিছু লোককে ভাসানচরে নিয়ে গেছি।"" ""তবে আমাদের একটিই লক্ষ্য। সেটি হচ্ছে, রোহিঙ্গারা তাদের নিজের দেশে গেলে সেখানেই উন্নত জীবন পেতে পারে। সেই প্রচেষ্টাই আমরা চালিয়ে যাচ্ছি।"" কক্সবাজারের টেকনাফ এবং উখিয়ায় ৩৪ শিবিরে ১১ লাখের বেশি রোহিঙ্গা অবস্থান করছে। এক লাখের মতো রোহিঙ্গার জন্য ভাসানচরে অবকাঠামো নির্মাণ করা হয়েছে। ডিসেম্বরের প্রথম সপ্তাহে ১৬৪২ জন রোহিঙ্গাকে সেখানে নেয়া হয়েছে। আন্তর্জাতিক সংস্থাগুলো এর বিরোধিতা করেছে। রোহিঙ্গা: ভাসানচরে না যেতে ক্যাম্পে ভয়ভীতি দেখাচ্ছে কিছু সশস্ত্র গোষ্ঠী",বাংলাদেশে বিরোধীদল বিএনপি রোহিঙ্গা সংকট সমাধানে আওয়ামী লীগ সরকারের বিরুদ্ধে কূটনৈতিক এবং রাজনৈতিক ব্যর্থতার অভিযোগ এনেছে।,বাংলাদেশে আশ্রয় নেয়া রোহিঙ্গাদের একটি অংশকে ভাসানচরে স্থানান্তরের সরকারি পদক্ষেপের বিরুদ্ধে অবস্থান নিয়েছে বিরোধী দল বিএনপি।,0.125,0.0,0.125,0.7571482,16,16
"যুক্তরাষ্ট্রের প্রেসিডেন্ট জো বাইডেন। রবিবার সিবিএস নিউজকে দেয়া একটি সাক্ষাৎকারে মি. বাইডেন এমন বক্তব্য রাখেন। অন্যদিকে ইরানের সর্বোচ্চ নেতা আয়াতুল্লাহ আলী খামেনি বলেছেন, আমেরিকা যদি আগে তাদের ওপর থেকে সমস্ত অর্থনৈতিক নিষেধাজ্ঞা প্রত্যাহার করে নেয়, তবেই তেহরান চুক্তিতে ফিরবে। ২০১৫ সালের চুক্তিতে ইরানের পরমাণু কর্মসূচি সীমাবদ্ধ করার চেষ্টা করা হয়েছিল। তার পরিবর্তে দেশটির ওপর থেকে নিষেধাজ্ঞা তুলে নেয়া হয়। সাবেক প্রেসিডেন্ট ডোনাল্ড ট্রাম্প অবশ্য ২০১৮ সালে এই চুক্তি থেকে যুক্তরাষ্ট্রকে সরিয়ে নিয়ে পুনরায় নিষেধাজ্ঞা চাপিয়ে দিয়েছিল, যার কারণে ইরান তাদের বেশ কয়েকটি প্রতিশ্রুতির ব্যত্যয় করে। ইরান সমৃদ্ধ ইউরেনিয়ামের মজুদ বাড়িয়ে চলছে এবং বলছে যে তাদের পারমাণবিক কর্মসূচি শান্তিপূর্ণ। এই সমৃদ্ধ ইউরেনিয়াম রিয়্যাক্টর জ্বালানী তৈরির কাজে ব্যবহৃত হতে পারে তবে এই একই জিনিষ পারমাণবিক বোমা তৈরিতেও ব্যবহার হয়। কেন পরমাণু চুক্তি ভেঙে গেল? ২০১৫ সালের যুক্তরাষ্ট্র, চীন, ফ্রান্স, জার্মানি, রাশিয়া এবং যুক্তরাজ্যের সাথে ইরানের একটি পরমাণু চুক্তি হয়েছিল। ওই চুক্তির শর্ত অনুযায়ী- তেহরান তার ইউরেনিয়াম সমৃদ্ধকরণ কমিয়ে আনার পাশাপাশি আন্তর্জাতিক পরিদর্শকদের পারমানবিক প্রকল্প এলাকায় প্রবেশ করতে দেবে বলে একমত হয়েছিল। এর বিনিময়ে তেহরানের উপর আরোপিত নিষেধাজ্ঞাগুলো প্রত্যাহার করা হয়। আরও পড়তে পারেন: ইয়েমেন যুদ্ধে সমর্থন প্রত্যাহার বাইডেনের, কিছু অস্ত্র বিক্রি বন্ধ অভ্যন্তরীন সন্ত্রাসী হামলার শঙ্কা বাড়ায় যুক্তরাষ্ট্রে সতর্কতা জারি প্রথম ফোনালাপে পুতিনের সাথে যে কথা হলো প্রেসিডেন্ট বাইডেনের তবে মি. ট্রাম্প ইরানকে নতুন একটি চুক্তিতে আসার জন্য আলোচনা করতে চাপ দেয় এবং এই চুক্তি থেকে যুক্তরাষ্ট্রকে সরিয়ে নিয়ে, মি. ট্রাম্প ইরানের ওপর অর্থনৈতিক নিষেধাজ্ঞা পুনর্বহাল করে। মি. ট্রাম্প তেহরানের পরমাণু কর্মসূচির ওপর অনির্দিষ্টকালের জন্য নজরদারি রাখতে চেয়েছিলেন এবং ব্যালিস্টিক ক্ষেপণাস্ত্রগুলোর উৎপাদনও থামিয়ে দিতে চেয়েছিলেন। কিন্তু ইরান তা প্রত্যাখ্যান করে। ২০১৯ সালের জুলাইয়ে, এটি সমৃদ্ধ ইউরেনিয়ামের শুদ্ধতার মাত্রা ৩.৬৭%-এর চেয়ে বাড়িয়ে চুক্তি লঙ্ঘন করেছে এবং এই বছরের জানুয়ারিতে ঘোষণা করেছে যে তারা ২০% পর্যন্ত বিশুদ্ধ ইউরেনিয়াম সমৃদ্ধকরণ অব্যাহত রেখেছে। অস্ত্র তৈরি করতে ৯০% বিশুদ্ধ ইউরেনিয়ামের প্রয়োজন। সাক্ষাৎকারের এক পর্যায়ে সাংবাদিক, বাইডেনকে প্রশ্ন করেছিলেন যে, তিনি তেহরানকে আলোচনার টেবিলে ফেরাতে অর্থনৈতিক নিষেধাজ্ঞাগুলো তুলে নেবেন কি না। মি. বাইডেন এক কথায় জবাব দিয়েছেন, ""না"" এদিকে, আলী খামেনি বলেছেন যে এই চুক্তির আওতায় ইরানকে সব শর্তে ফিরিয়ে আনতে হলে যুক্তরাষ্ট্রকে প্রথমে ""সমস্ত নিষেধাজ্ঞাগুলো তুলে নিতে হবে"", ইরানের রাষ্ট্রীয় টিভি রবিবার এ সংক্রান্ত খবর প্রচার করেছে। ""আমরা তাদের সবকিছু মূল্যায়ন করব, এবং আমরা যদি দেখি যে তারা এই বিষয়ে বিশ্বস্ততার সাথে কাজ করছে, তাহলে আমরা আমাদের প্রতিশ্রুতিতে ফিরে যাব,"" তিনি আরও বলেন, ""এটাই আমাদের চূড়ান্ত সিদ্ধান্ত, যা বদলাবে না এবং সমস্ত ইরানি কর্মকর্তারা এ বিষয়ে একমত পোষণ করেছেন।"" বাইডেন আর কী বললেন? প্রেসিডেন্ট বাইডেন সিবিএসের সাথে ওই সাক্ষাৎকারে চীনের সাথে যুক্তরাষ্ট্রের সম্পর্ক নিয়েও কথা বলেছেন। তিনি বলেছেন যে বেইজিংয়ের সাথে ওয়াশিংটনের সরাসরি দ্বন্দ্বের দিকে যাওয়ার কোন কারণ নেই, তবে বৈশ্বিক অর্থনীতিতে দুটি দেশই চূড়ান্ত প্রতিযোগিতায় লিপ্ত হবে। মি. বাইডেন বলেছেন যে তিনি গত মাসে প্রেসিডেন্ট হওয়ার পর থেকে চীনা প্রেসিডেন্ট শি জিনপিংয়ের সাথে তার কোন কথা হয়নি এবং তিনি বেইজিংয়ের প্রতি নিজের অবস্থান পরিবর্তন করেননি। ""তিনি খুব বুদ্ধিমান, তিনি খুব কঠোর,"" মি. বাইডেন, মি. শি সম্পর্কে বলেছেন, ""তাঁর অস্থিমজ্জার কোথাও গণতন্ত্রের প্রথমে অক্ষরটিও নেই।""",যুক্তরাষ্ট্রের প্রেসিডেন্ট জো বাইডেন বলেছেন যে ২০১৫ সালের পরমাণু চুক্তির শর্তগুলো না মানা পর্যন্ত তিনি ইরানের বিরুদ্ধে অর্থনৈতিক নিষেধাজ্ঞা তুলবেন না।,"যুক্তরাষ্ট্রের প্রেসিডেন্ট জো বাইডেন বলেছেন, ইরানের সাথে ২০১৫ সালের পরমাণু চুক্তি থেকে আমেরিকা সরে এসেছে।",0.4444444444444444,0.2941176470588235,0.3888888888888889,0.8568298,15,21
"বাংলাদেশ রাষ্ট্রীয়ভাবে এবছর থেকে ২৫শে মার্চকে গণহত্যা দিবস পালন করছে এছাড়া ২৫শে মার্চের পর থেকে ৯ মাসের যুদ্ধে প্রায় ৩০ লাখ বাঙালিকে হত্যা করা হয়েছে বলেও সরকারিভাবে দাবি করা হয়। একাত্তরে পাকিস্তানি সেনা ও বাঙালি সহযোগীদের দ্বারা এই ব্যাপক হত্যা ও নির্যাতনের বিষয়টিকে সামনে এনে বাংলাদেশ রাষ্ট্রীয়ভাবে এবছর থেকে ২৫শে মার্চকে গণহত্যা দিবস পালন করছে। দেশের জাতীয় সংসদে এবং মন্ত্রিসভায় এ সংক্রান্ত একটি প্রস্তাবও পাশ হয়েছে। বাংলাদেশ এখন এই দিবসটির একটি আন্তর্জাতিক স্বীকৃতিও আদায় করতে চাইছে। ঘাতক দালাল নির্মূল কমিটির প্রধান শাহরিয়ার কবির বলেন, দেরিতে হলেও এ সিদ্ধান্ত নেয়ায় আমরা সরকারকে ধন্যবাদ জানিয়েছি। তিনি বলেন, ""২০০৫ সাল থেকে নির্মূল কমিটি এ দিবসটা পালন করে আসছে। দীর্ঘকাল আমাদের দাবির প্রতি কোনো সরকারই কর্ণপাত করেননি।"" শাহরিয়ার কবির মি. কবির জানান, ২৫শে মার্চ আন্তর্জাতিক দিবস হিসেবে স্বীকৃতি পেতে তারাও চেষ্টা করেছিলেন, কিন্তু সরকারি উদ্যোগ না থাকায় সেটি সম্ভব হয়নি। ""আমরা আন্তর্জাতিক সম্প্রদায়ের কাছে আবেদন জানিয়েছিলাম, ইউনেস্কোকেও চিঠি দিয়েছিলাম। জবাব হিসেবে আর্মেনিয়া থেকে আমাদের কাছে জানতে চাওয়া হয়েছিল,বাংলাদেশে কি ২৫শে মার্চ গণহত্যা দিবস হিসেবে পালন করা হয়? আমরা জানিয়েছিলাম, হয় না। পরে জবাব এল যে, যেটা বাংলাদেশ জাতীয়ভাবে পালন করে না সেটা আন্তর্জাতিকভাবে কেন জাতিসংঘকে পালন করতে হবে? সে কারণে আর্মেনিয়ার প্রস্তাব অনুযায়ী ৯ই ডিসেম্বরে গণহত্যা দিবস হিসেবে পালন করার সিদ্ধান্ত হয় জাতিসংঘে,"" বলেন তিনি। একাত্তরের স্বাধীনতা যুদ্ধে হত্যা ও নির্যাতন নিয়ে দীর্ঘ সময় ধরে গবেষণা করেছেন ডা. এম এ হাসান। গণহত্যার আন্তর্জাতিক সংজ্ঞার আলোকে তিনি বলেন, বাংলাদেশে ১৯৭১ সালে যে হত্যা, নির্যাতন হয়েছে সেটি নিশ্চিতভাবেই জেনোসাইড বা গণহত্যা। তিনি ব্যক্তিগত উদ্যোগ নিয়ে ২০০৪ সালে ইউনেস্কোর কাছে ২৫শে মার্চকে গণহত্যা প্রতিরোধ দিবস হিসেবে স্বীকৃতি দেয়ার জন্য আবেদন করেছিলেন। সে চিঠির জবাবেও বলা হয়েছিল জাতিসংঘের সদস্য রাষ্ট্র আবেদন করলে সেটি বিবেচনা করা যায়। তিনি জানান, পরবর্তীকালে তৎকালীন সরকারও বিষয়টি নিয়ে কোনো উদ্যোগ নেয়নি। একই ধরনের একটি দিবস থাকায় ২৫শে মার্চের আন্তর্জাতিক স্বীকৃতি পেতে একটি বিশেষজ্ঞ সেল গঠন করে কাজ করা প্রয়োজন বলে মি. হাসান মনে করেন। এম এ হাসান, গবেষক ""বাংলাদেশের জনগণের ""আত্মপরিচয়ের সন্ধান দেবার জন্য এ দিনটিকে একটি ভিন্ন নামে হলেও আন্তর্জাতিকভাবে প্রতিষ্ঠা করা প্রয়োজন এবং সেটা সম্ভব। যাতে আন্তর্জাতিক অঙ্গনে একাত্তরে আমাদের দেশে যে গণহত্যা হয়েছিল, যেটা কোনো রেকর্ডে স্বীকৃত নয়, ইম্পেরিয়াল ওয়্যার মিউজিয়ামসহ পৃথিবীর বিভিন্ন আর্কাইভে যেটা নানা কারণে উপেক্ষিত, সে বৃত্ত থেকে আমরা বেরিয়ে আসতে পারি,"" বলেন তিনি। বাংলাদেশ সরকারের পক্ষ থেকে জানানো হচ্ছে, ২৫শে মার্চ দিবসটির আন্তর্জাতিক স্বীকৃতি আদায়ের জন্যে তারা এখন থেকে তৎপরতা শুরু করছে। যদিও দেখা যাচ্ছে দ্বিতীয় বিশ্বযুদ্ধে ইহুদি হত্যা, রোয়ান্ডা ও ক্যাম্বোডিয়ার মতো হাতেগোনা কয়েকটি ঘটনাকে জাতিসংঘ গণহত্যা হিসেবে স্বীকৃতি দিয়েছে। তাছাড়াও এ ব্যাপারে আন্তর্জাতিক রাজনীতি জড়িত রয়েছে। এ ব্যাপারে শাহরিয়ার কবির বলেন, ""পশ্চিম ইউরোপের বহু দেশ প্রত্যক্ষভাবে না হলেও পরোক্ষভাবে ৭১-এ গণহত্যাকারীদের সমর্থন দিয়েছে। আমেরিকা, চীন, তথাকথিত ইসলামি উম্মাহ এরা কিন্তু পাকিস্তানের পক্ষেই ছিল। তারা গণহত্যার ব্যাপারে সরকারিভাবে প্রতিবাদ করেনি যদিও সেসব দেশের গণমাধ্যম এবং জনগণ এর নিন্দা করেছে।"" মি. কবির জানান পররাষ্ট্র মন্ত্রণালয়ের সঙ্গে বৈঠক করে তারা বন্ধু দেশগুলোর সংসদে এ দিবসের স্বীকৃতিতে এক প্রস্তাব পাশ করার উদ্যোগ নিতে পরামর্শ দিয়েছেন। ""আমরা বলছি সেসব দেশের (৭১এ পাকিস্তানের পক্ষে) কাছে পরে যাওয়া যাবে, আগে বেশিরভাগ দেশের কাছ থেকে আমরা স্বীকৃতিটা নিয়ে নেই। তারপরে আমাদের বন্ধুদেরকে নিয়েই আমরা জাতিসংঘে যাব। তখন আমরা আশা করতে পারি যে অদূর ভবিষ্যতে জাতিসংঘেরও স্বীকৃতি পাওয়া যাবে। কারণ আন্তর্জাতিক গণমাধ্যমে এবং জাতিসংঘের বিভিন্ন দলিলপত্রেও বলা হয়েছে যে স্মরণকালের ইতিহাসে নৃশংসতম গণহত্যার একটি বাংলাদেশে ঘটেছিল ১৯৭১ সালে।"" মুক্তিযুদ্ধ বিষয়ক মন্ত্রী আ.ক.ম মোজাম্মেল হক বাংলাদেশে বিভিন্ন ব্যক্তি ও সংগঠন গণহত্যা দিবসের আন্তর্জাতিক স্বীকৃতির জন্য প্রচেষ্টা চালালেও সব সরকারই এ ব্যাপারে উদাসীনতা দেখিয়েছে। এ ব্যাপারে মুক্তিযুদ্ধ বিষয়ক মন্ত্রী আ.ক.ম মোজাম্মেল হক বলেন, ""একসাথে তো সব কাজ করা যায় না। যেমন যুদ্ধাপরাধীদের বিচার, বঙ্গবন্ধুর হত্যাকারীদের বিচার। আগে তো একটা জিনিস করার মতো অবস্থা সৃষ্টি করতে হয়, জনমত সৃষ্টি করতে হয়, পরে সিদ্ধান্ত নিলে সিদ্ধান্তটা বেশি কার্যকর হয়। তাই আমরা মনে করেছি আগে একটা জনমত সৃষ্টি হোক, জনসাধারণ উপলব্ধি করুক যে স্বাধীনতাবিরোধী শক্তি তৎপর হওয়ায় এ কাজটা আমাদের করা দরকার।""",১৯৭১ সালের ২৫শে মার্চ রাতে ঢাকায় পাকিস্তানি সেনাবাহিনীর অপারেশন সার্চ লাইট নামে পরিচালিত অভিযানে প্রায় ৫০ হাজার বাঙালিকে হত্যা করা হয়েছিল বলে দাবি করে বাংলাদেশ।,বাংলাদেশের স্বাধীনতা যুদ্ধের সময় ২৫শে মার্চকে জাতিসংঘের গণহত্যা দিবস হিসেবে পালন করার সিদ্ধান্ত নিয়েছে দেশটির ঘাতক দালাল নির্মূল কমিটি।,0.04545454545454545,0.0,0.04545454545454545,0.66766995,19,25
"বাংলাদেশের সুপ্রিম কোর্ট ভবন সুপ্রিমকোর্ট প্রশাসনের ঊর্ধ্বতন একজন কর্মকর্তা বিবিসিকে এ তথ্য জানিয়ে বলেছেন, তাদের বিরুদ্ধে অভিযোগের তদন্ত শুরু হয়েছে। এই তিনজন বিচারপতি হলেন, বিচারপতি কাজী রেজাউল হক, বিচারপতি এ কে এম জহুরুল হক এবং বিচারপতি সালমা মাসুদ চৌধুরী সুপ্রিমকোর্ট প্রশাসনের কর্মকর্তা বলেছেন, এখন এই তিনজন বিচারপতির বিরুদ্ধে অসদাচরণের অভিযোগের তদন্ত হচ্ছে। এই তদন্তের জন্যই তাদেরকে বিচার কাজ থেকে সাময়িকভাবে বিরত রাখা হয়েছে। এটর্নি জেনারেল মাহবুবে আলম সাংবাদিকদের বলেছেন, এটি রাষ্ট্রপতি এবং প্রধান বিচারপতির বিষয়। ফলে তিনি এখন এনিয়ে কোন মন্তব্য করতে চান না। আরো পড়ুন: ভিক্টোরিয়া যুগে ভারত কাঁপানো এক ‘সেক্স স্ক্যান্ডাল’ বখাটেপনার সঙ্গে চুলের ছাঁটের কী সম্পর্ক? অ্যামাজনের ধোঁয়া ঢেকে দিয়েছে বহুদূরের আরেক শহর",বাংলাদেশে হাইকোর্টের তিনজন বিচারপতির বিরুদ্ধে অসদাচরণের অভিযোগ ওঠায় তাদেরকে বিচার কার্যক্রম থেকে সাময়িকভাবে অব্যাহতি দেয়া হয়েছে।,বাংলাদেশের সুপ্রিম কোর্ট ভবনের তিনজন বিচারপতির বিরুদ্ধে অসদাচরণের অভিযোগের তদন্ত শুরু হয়েছে।,0.35714285714285715,0.23076923076923075,0.35714285714285715,0.8353333,12,16
"থুবেলিহলে নিজেকে অনুকরণীয় আদর্শ হিসেবে তুলে ধরতে চান। বিবিসির সংবাদদাতার কাছে সে জানায়, “এই শিক্ষার সুযোগ পাওয়ার একমাত্র যোগ্যতা হল আমার কুমারীত্ব ধরে রাখা। কারণ আমার বাবা-মায়ের পক্ষে লেখাপড়ার খরচ চালানো সম্ভব নয়”। আর একারণে মিস এলডোকে নিয়মিত ভার্জিনিটি বা কুমারীত্বের পরীক্ষা দিতে হয়। যদিও এতে কিছু মনে করছে না লেডলো। সে জানায়, কুমারীত্ব পরীক্ষা তার সংস্কৃতির অংশ। এটা তার ব্যক্তিগত গোপনীয়তার লঙ্ঘন বলে সে মনে করে না। বরং উল্টো প্রতিবার পরীক্ষার পর গর্ববোধ করে সে । দক্ষিণ আফ্রিকায় ছেলেমেয়েদের মিলনের বয়স ১৬ বছর। যদিও সেই বয়স দুবছর আগেই পেরিয়ে এসেছে মিস এলডো। তবও বিশ্ববিদ্যালয় পাঠ সমাপ্তির জন্য এখনো নিজের কুমারিত্ব ধরে রেখেছে সে। জুলু এলাকায ঐতিহ্যবাহী রিড ড্যান্সের জন্য কুমারীত্ব পরীক্ষার পর বাছাই করা হয় জুলুর সংস্কৃতিতে কুমারীত্ব পরীক্ষার রীতি সাধারণ একটি ব্যাপার। এই পরীক্ষায় উত্তীর্ণরাই জুলু রাজার রাজকীয় প্রাসাদের বার্ষিক নৃত্যোৎসবে অংশ নিতে পারেন। তবে এই বিষয়টিতে ভীষণ আপত্তি মানবাধিকার সংগঠনগুলোর। তাদের বক্তব্য এভাবে শিক্ষার সুযোগ প্রাপ্তির সাথে যৌনতাকে মিলিয়ে ফেলা ঠিক নয়। নারী নির্যাতন প্রতিরোধ বিষয়ক একটি সংগঠনের কর্মী পালেসা এমপাপা বলছেন, “এখানে উদ্বেগজনক দিকটি হচ্ছে, এর মাধ্যমে কেবল মেয়েদের দিকে মনোযোগ দেয়া হচ্ছে যেটি বৈষম্যমূলক। কিন্তু মূল সমস্যা কিশোরী মাতৃত্ব বা এইচআইভি সংক্রমণ যে বাড়ছে সেই সমস্যার দিকে গুরুত্ব দেয়া হচ্ছে না”। তিনি বলেন, শুধু মেয়েদের দোষারোপ করলেই চলবে না। তবে এই পদ্ধতির প্রবক্তা অর্থাৎ স্থানীয় মেয়র ডুডু মাযিবুকু এমন বক্তব্যের সাথে একেবারেই একমত নন। তিনি বলছেন, এই বৃত্তি কোনও পুরস্কার নয়, কিন্তু একটি মেয়ের জীবনের জন্য এটি একটি আজীবন বিনিয়োগের সমতুল্য।যারা অন্য পথ বেছে নিয়েছে তাদের আমরা নিন্দা করছি না। বরং তাদের জন্য অন্য বৃত্তি রয়েছে""।",আঠারো বছর বয়সী থুবেলিহলে লোডলো এই বৃত্তিটি অর্জন করলেও সে চিন্তিত কারণ কেবলমাত্র কুমারীত্ব রক্ষা করলেই এই অর্থ পাবে সে।,লেডলো এলডো দক্ষিণ আফ্রিকার রাজধানী থুবেলিহলের একজন তরুণ। কিন্তু এই রাজার রাজকীয় প্রাসাদের বার্ষিক নৃত্যোৎসবে তার কুমারীত্ব ধরে রাখা হয়।,0.10000000000000002,0.0,0.10000000000000002,0.7033425,20,20
"সরকারি চাকরির ক্ষেত্রে কোটা সংস্কারের দাবিতে বিক্ষোভরত ছাত্রছাত্রীরা সর্বশেষ ৩৮তম বিসিএস পরীক্ষায় মাত্র ২ হাজার ২৪টি পদের বিপরীতে পরীক্ষা দিয়েছে ২ লাখ ৪৩ হাজার চাকরিপ্রার্থী। বাংলাদেশ সরকারি কর্মকমিশনের ইতিহাসে সর্বোচ্চ সংখ্যক, প্রায় চার লাখ আবেদন পড়ে ওই বিসিএস পরীক্ষায় অংশ নেয়ার জন্য। সাধারণ শিক্ষায় বাংলা, ইংরেজি, ইতিহাস, সমাজ, রাষ্ট্র বিজ্ঞানের মতো বিষয়ে পাশ করা ছাড়াও এখন বিবিএ, আইবিএ, বুয়েট থেকে বেরিয়েও অনেকে সরকারি কর্মকমিশনের পরীক্ষায় অংশ নিচ্ছে। বিসিএস তীব্র প্রতিযোগিতায় টিকতে অনেকেই প্রস্তুতি নিচ্ছে বিশ্ববিদ্যালয় শিক্ষা জীবনের শুরু থেকেই। ঢাকা বিশ্ববিদ্যালয়ের সমাজবিজ্ঞান বিভাগের ছাত্র কাদের মন্ডল প্রথম বর্ষ শেষ করেই বিসিএস প্রস্তুতি নিতে শুরু করেছেন। তিনি বলেন, ""আমাদের মতো সামাজিক বিজ্ঞান বা কলা অনুষদে পড়া শিক্ষার্থীদের জন্য বিসিএসই পারফেক্ট এবং যুগোপযোগী। বিবিএ ছাত্রদের জন্য বেসরকারি ব্যাংক এবং কর্পোরেট অনেক চাকরির সুযোগ আছে কিন্তু আমাদের সেটা নেই।"" বাংলাদেশের অর্ধেকের বেশী চাকুরিজীবি কাজ করে ব্যক্তিমালাকানাধীন প্রতিষ্ঠানে বিসিএস পরীক্ষায় ভাল করলে তদবির ছাড়াও চাকরি হয় বলে শিক্ষার্থীরা মনে করছেন। সরকারি চাকুরির সুযোগ সুবিধা এবং নিরাপত্তা এখন অনেক বেশি বলেই সবার বিশ্বাস। নতুন যারা বিশ্ববিদ্যালয়ে ভর্তি হয়েছে তাদেরও লক্ষ্য জীবনের লক্ষ্য- বিসিএস দিয়ে সরকারি চাকরি করা। প্রথম বর্ষের ছাত্রী তানজিব ইসলাম বলেন, ""বেসরকারি চাকরির ক্ষেত্রে কিন্তু ততটা নিরাপত্তা নেই। যেকোনো সময় চাকরি থাকতেও পারে, নাও থাকতে পারে। এজন্য আমাদের ফার্স্ট টার্গেটই হলো বিসিএস।"" আরো পড়তে পারেন: মার্কিন সেনেটের ফ্লোরে দশ দিনের শিশু, ইতিহাস সৃষ্টি মায়ের ভারতে নিখোঁজের ৪০ বছর পর স্বজনের কাছে ফেরালো ইউটিউব ভিডিও 'বাংলাদেশের প্রতি শ্রদ্ধা না থাকলে সম্পর্ক খারাপ হবে' আরেক ছাত্র তোফায়েল হক বলেন, ""সরকারি চাকরিতে একটা সম্মান আছে। আবার বিবাহের ক্ষেত্রেও দেখা যায় সরকারি চাকরি থাকলে বেশি গুরুত্ব পায়।"" কিছুদিন আগেও ঢাকা বিশ্ববিদ্যালয়ের বাণিজ্য অনুষদের শিক্ষার্থীরা খুব একটা বিসিএস দিত না। কিন্ত এখন অনেকেই ঝুঁকছে সরকারি চাকুরির দিকে। বুয়েট এমনকি আইবিএ'র শিক্ষার্থীরাও এখন সরকারি চাকরির জন্য বিসিএস পরীক্ষা দিচ্ছে এবং সরকারি চাকরিতে যোগ দিচ্ছে। বাণিজ্য অনুষদের চতুর্থ বর্ষের ছাত্র জাকারিয়া বলেন, ""আমি একজন উদ্যোক্তা হবো। এজন্য বিনিয়োগ দরকার। কিন্তু সেটা হয়তো আমি সময়মতো পাব না। ব্যবসার পরিবেশও একটা ব্যাপার। এসব কারণে অনেকেই উদ্যোক্তা হতে চায় না। বিসিএসের দিকে মুভ করে।"" মার্কেটিং বিভাগের শেষ বর্ষের ছাত্র শোয়েব বলেন, ""আমাদের অনেক বড় ভাইরা বিভিন্ন জায়গায় চাকরি বাকরি করছে। তারা প্রায়ই বলেন যে, প্রাইভেটে এসে কী করবি! এরচেয়ে সরকারিতে চেষ্টা কর, একবার হয়ে গেলে লাইফ সেটেল।"" বাংলাদেশের অর্ধেকের বেশী চাকুরিজীবি কাজ করে ব্যক্তিমালাকানাধীন প্রতিষ্ঠানে বোঝা যাচ্ছে, বাংলাদেশে সিভিল সার্ভিসের চাকুরি এখন বেশ লোভনীয়। প্রতিযোগিতাও বেড়ে গেছে মারাত্মক। এখন বেসরকারি বিশ্ববিদ্যালয়ের শিক্ষার্থীরাও সরকারি চাকরির পেছনে ছুটছে। ড্যাফোডিল বিশ্ববিদ্যালয়ে বিবিএ'র ছাত্র জাহিদ হাসান বলেন, ""সবাইতো আর সরকারি বিশ্ববিদ্যালয়ে চান্স পায় না। বাধ্য হয়ে বেসরকারি বিশ্ববিদ্যালয়ে পড়তে হচ্ছে। এখানে পড়েও অনেকে চেষ্টা করে বিসিএস দিয়ে সরকারি চাকরি করার। এখনতো সরকারি চাকরিতে সুযোগ সুবিধা অনেক বেশি। এজন্যই সবাই প্রথম চেষ্টা করে বিসিএস দিতে।"" বাংলাদেশে বাস্তবতা হলো উচ্চশিক্ষিত বেকার প্রতিনিয়ত বাড়ছে। কর্মসংস্থানের যে চিত্র তাতে উচ্চশিক্ষিতদের মধ্যে মাত্র চার শতাংশের সরকারি চাকুরির সুযোগ রয়েছে। অর্থাৎ বড় অংশেরই কর্মসংস্থান হতে হবে বেসরকারি ব্যক্তিমালিকানা খাতে। বেশিরভাগেরই যে সরকারি চাকরি হবে না এটা নিশ্চিত। গবেষণা প্রতিষ্ঠান পলিসি রিসার্চ ইনস্টিটিউটে নির্বাহী পরিচালক ড. আহসান এইচ মনসুর বলেন, ""তিনটা জিনিস কাজ করে। একটা হলো প্রারম্ভিক বেতন আগে যেটা ভাল ছিল না এখন সেটা খুব ভাল। এখন শুরুতেই ৪০ হাজার টাকার ওপরে বেতন দেয়া হয়। সেই সাথে তাদের আরো অনেক রকম সুবিধা থাকে। বাইরে থাকলে বাড়ী ভাড়াটাড়া সব থাকে। তৃতীয়ত তাদের একটা ক্ষমতা থাকে। আর শেষ যেটা বলবো, ব্যক্তিখাতে গত দু'তিন বছর ধরে শিক্ষিত যুবকদের জন্য কর্মসংস্থান খুব কমে গেছে।"" প্রথম শ্রেণীর সরকারি চাকরির বিভিন্ন সুবিধাদি বিবিএ, এমবিএ করা বুয়েট বা আইবিএর শিক্ষার্থীদের নানা সুযোগ থাকা সত্বেও তারা সরকারি চাকরিতে আগ্রহী কেন এ প্রশ্নে মি. মনসুরের বিশ্লেষণ হলো বেসরকারি খাতে সুযোগ থাকা সত্ত্বেও অনেকে আসছেন লোভে পড়ে। ""তারা কাস্টমস ক্যাডার পছন্দ করে বা ইনকাম ট্যাক্স ক্যাডার পছন্দ করে। এটা শুধু লোভের জন্য, বেশিরভাগ ক্ষেত্রে। এটা দুঃখজনক। তাদের বিকল্প সুযোগ ছিল। একজন অসৎ অফিসার যতো অর্থ আয় করবে কোনো চাকরিতেই তার চাইতে বেশি বেতন দিতে পারবে না। কাস্টমসে একজন অসৎ অফিসার চাইলে বছরে কোটি আয় করতে পারবে। কোনো বেসরকারি প্রতিষ্ঠান বছরে এক কোটি টাকা দিতে পারবে না।"" চাকরিপ্রার্থীদের অনেকের সঙ্গেই কথা হলো যারা চারবার পাঁচবার বিসিএস পরীক্ষা দিয়েছেন। তারা বলছেন, দুর্নীতি বা অনিয়মই সবার লক্ষ্য নয়। তরুণ প্রজন্ম চায় দেশের জন্য, মানুষের জন্য কিছু করতে। আর সেটা করা যায় সরকারি চাকরিতে ঢুকেই। এদিকে সম্প্রতি কোটা সংস্কারের আন্দোলনের পর সরকারি চাকরিতে সব রকম কোটা বিলোপের ঘোষণা এসেছে। শিক্ষার্থীরা মনে করছেন এটি কার্যকর হলে ভবিষ্যতে বিসিএসের জন্য আগ্রহ, সেই সাথে প্রতিযোগিতাও আরো অনেক বাড়বে।",বাংলাদেশে চার লাখের বেশি উচ্চশিক্ষিত তরুণ তরুণী এখন বেকার। কাঙ্খিত কর্মসংস্থান হিসেবে এদের প্রায় সবাই চায় সরকারি চাকুরি। কলেজ বিশ্ববিদ্যালয় থেকে ডিগ্রি নিয়ে সবাই চাকরির বাজারে তীব্র প্রতিযোগিতায় লিপ্ত হচ্ছে। যেখানে মোটামুটি সবার প্রথম পছন্দ বিসিএস এবং সরকারি চাকরি।,বাংলাদেশে সরকারি কর্মকমিশনে ৩৮তম বিসিএস পরীক্ষায় অংশ নেয়ার জন্য প্রস্তুতি নিচ্ছে ছাত্রছাত্রীরা।,0.11764705882352941,0.0,0.11764705882352941,0.679466,12,39
"রোববার উদ্ধারের পর এক কিশোরকে দ্রুত অ্যাম্বুলেন্সে তোলা হচ্ছে স্বজনরাও নিশ্চিত নন যে ঠিক কোন চারজনকে বের করে আনা হয়েছে। আটকে পড়া এক কিশোরের বাবা বার্তা সংস্থা রয়টরসকে বলেছেন, ""কোন বাচ্চাদের বের করা হয়েছে, তা আমাদের জানানো হয়নি, আমরা হাসপাতালেও যেতে পারছি না।"" এসব অভাব-অভিযোগ স্বত্বেও সরকার চুপ। তাদের পক্ষ থেকে শুধু বলা হচ্ছে - ঐ চারজন হাসপাতালে ভালো আছে, সুস্থ আছে। চ্যাং রাই প্রদেশের গভর্নর নারংসাক অসোতানাকর্ন, যিনি এই উদ্ধার তৎপরতার নেতৃত্ব দিচ্ছেন, আজ (সোমবার) সাংবাদিকদের জানিয়েছেন, ""তারা (চারজন) বেশ উৎফুল্ল। সকালে জানিয়েছিল তাদের খিদে লেগেছে, তারা বাসিল দিয়ে রান্না ভাত খেতে চেয়েছে।"" বাসিল পাতা এবং মাংস দিয়ে রান্না ফ্রাইড রাইসকে থাইল্যান্ডে বলা হয় 'প্যাড ক্রাপাও'। গভর্নর ছাড়াও অন্যান্য কর্মকর্তারা নিশ্চিত করেছেন হাসপাতালে বাচ্চাগুলো প্যাড ক্রাপাও খেতে চেয়েছে। কেন উদ্ধারকৃতদের বাবা-মায়েদেরও আশপাশে ঘেঁষতে দেওয়া হচ্ছেনা - সেই প্রশ্ন করা হলে, গভর্নর অসোতানাকর্ন বলেন, সংক্রমণের ঝুঁকি বিবেচনা করেই এ সিদ্ধান্ত নেওয়া হয়েছে। ""সেই ঝুঁকি কাটলেই এ ব্যাপারে ডাক্তারারা সিদ্ধান্ত নেবেন। তখন বাবা-মায়েদের জানালার কাঁচের বাইরে থেকে তাদের ছেলেদের দেখতে দেওয়া হবে।"" কেন নাম-পরিচয় গোপন রাখা হচ্ছে - এই প্রশ্নে তিনি বলেন, এখনও সিংহভাগ বাচ্চাই গুহার ভেতরে আটকে আছে। এ অবস্থায় উদ্ধার হওয়ার নাম-পরিচয় বলা যথার্থ নয়। ""নেতিবাচক মনোভাব তৈরি হতে পারে।"" চ্যাং রাইয়ের এই হাসপাতালে রাখা হয়েছে উদ্ধারকৃত চার কিশোরকে কী ধরণের সংক্রমণের ঝুঁকি রয়েছে? দু সপ্তাহ ধরে পাহাড়ের গুহার গভীরে প্রায় অন্ধকারে আটকা পড়ে আছে এই কিশোর দলটি। অক্সিজেনের সমস্যা রয়েছে। ছয়দিন আগে সন্ধানের আগ পর্যন্ত প্রায় অনাহারেই ছিল তারা। এই অবস্থায় কোন ধরণের সংক্রমণের ঝুঁকিতে তারা পড়তে পারে? ব্রিটেনের চিকিৎসক ড অ্যালেক্স রো, যিনি অভিযাত্রীদের স্বাস্থ্য ঝুঁকি বিষয়ে অভিজ্ঞ, বিবিসিকে বলেন, ঐ ১২ জন কিশোর দু ধরণের সংক্রমণের ঝুঁকিতে থাকবে। এক, গুহার ভেতরের স্যাঁতসেঁতে আবহাওয়া এবং বাদুর জাতীয় প্রাণীর শরীর থেকে ছড়ানো জীবাণু থেকে ফুসফুসে বিপজ্জনক সংক্রমণ হতে পারে। সেটা হলে শ্বাসকষ্ট হয়। দুই, গুহার ভেতরে সাধারণত ইঁদুরের উপদ্রব থাকে। ইঁদুরের প্রস্রাব থেকে ছড়ানো জীবাণুর কারণে জন্ডিস এবং লিভারের সমস্যা হতে পারে। সাংবাদিকদের প্রতি বিরক্তি এই উদ্ধার তৎপরতার খবরাখবর দিতে সারা পৃথিবী প্রায় হাজার-খানেক সাংবাদিক গিয়ে হাজির হয়েছেন থাইল্যান্ডে। এই বাচ্চাদের এবং তাদের পরিবারের প্রতি ""সম্মান"" দেখানোর জন্য সাংবাদিকদের অনুরোধ করেছেন গভর্নর অসোতানাকর্ন। কিছু সাংবাদিকের আচরণ নিয়ে অভিযোগ করেছেন থাই কর্মকর্তারা। কোনো কোনা সাংবাদিক উদ্ধার-কর্মীদের ওয়ারলেস কথোপকথনে গোপনে আড়ি পাতছেন বলে অভিযোগ উঠেছে। কারো কারো বিরুদ্ধে ভুল খবর দেওয়ার কথাও উঠেছে। সাংবাদিকদের ড্রোন ব্যবহারের কারণে উদ্ধারকাজে ব্যবহৃত হেলিকপ্টার ওঠা-নামায় অসুবিধা হচ্ছে - এমন অভিযোগও কর্মকর্তারা করেছেন।","থাইল্যান্ড থেকে বিবিসির জোনাথন হেড বলছেন, এটা বিস্ময়কর যে রোববার উদ্ধার হওয়া চারজন কিশোরের বাবা-মাকেও হাসপাতালে নেওয়া হয়নি।",থাইল্যান্ডের চ্যাং রাই প্রদেশের একটি গুহার ভেতরে আটকে পড়া চার কিশোরকে উদ্ধার করা হয়েছে।,0.0625,0.0,0.0625,0.6949406,14,18
"সেবাস্তিয়ান, গার্টান এবং ডেভিড -তিন সঙ্গী যারা একসময় ভেবেছিলেন পুরো জীবন হুইল চেয়ারেই কাটাতে হবে। আর এ কাজে তাদের সহায়তার জন্য ধন্যবাদ প্রাপ্য সুইজারল্যান্ডের চিকিৎসকদের। পক্ষাঘাতগ্রস্ত এই ব্যক্তিদের মেরুদণ্ডে ইলেক্ট্রিক্যাল ডিভাইস যুক্ত করে দেয়া হয়েছে যার মাধ্যমে তাদের মস্তিষ্ক থেকে পা পর্যন্ত সংকেত পৌঁছানোর কাজ জোরালো করেছে। এটি মেরুদণ্ডের স্নায়ুবিক যে ক্ষতি হয়েছিল তার পুনর্গঠনে সহায়তা করেছে। গবেষকরা মনে করছেন, এই অপ্রত্যাশিত প্রাপ্তি পক্ষাঘাতগ্রস্ত মানুষদের স্বাধীনভাবে চলাফেরার ক্ষেত্রে সার্বিকভাবে সক্ষম করে তুলবে। আরও পড়তে পারেন: দৃষ্টি প্রতিবন্ধীদের জন্য কতোটা সহায়ক ঢাকার রাস্তা? প্রতিবন্ধী মেয়েদের জীবন কতটা চ্যালেঞ্জের? আমরা কোনও ভাইরাস নই: সিয়েরা লিওনের প্রতিবন্ধী যে রোগীদের ওপর এই পরীক্ষা চালানো হয়েছে বিবিসি তাদের সাথে যোগাযোগের বিরল সুযোগ পেয়েছিল, এবং এর ফলাফল নেচার জার্নালে প্রকাশিত হয়েছে। প্রথম চিকিৎসা দেয়া ব্যক্তি ৩০ বছর-বয়সী সুইস নাগরিক ডেভিড এম'যি। খেলাধুলা সংক্রান্ত এক দুর্ঘটনায় মেরুদণ্ডে গুরুতর আঘাত পেয়ে সাত বছর ধরে তিনি ইনজুরিতে ভুগছিলেন। 'অসম্ভবকে সম্ভব করার চেষ্টা' ডেভিড এর চিকিৎসক বলেছিলেন তিনি কোনদিন হাঁটতে পারবেন না। যাইহোক ধন্যবাদ প্রাপ্য ইকোল পলিটেকনিক ফেদেরার ডি লাওসানের একটি দলের যারা এই বৈদ্যুতিক ইমপ্ল্যান্ট প্রস্তুত করেছে, যার সাহায্যে ডেভিড আধা মাইলের বেশি হাঁটতে পারেন । বিবিসির বিজ্ঞান বিষয়ক সংবাদদাতা পল্লব ঘোষকে ডেভিড বলেন কিভাবে তার হাঁটার প্রচেষ্টা ও সামর্থ্য তার জীবন বদলে দিয়েছে - ""আমার কাছে এর গুরুত্ব অনেক। যা করতে পেরেছি তাতে আমি অনেক বিস্মিত। আমি ভেবেছিলাম অসম্ভবকে সম্ভব করার চেষ্টা হচ্ছে। এটা ভীষণভাবে আনন্দের, সত্যিই এই অনুভূতি খুব ভাল""। তবে তার আহত হওয়ার পরের কিছু ভয়াবহ স্মৃতিও আছে। পুনর্বাসিত করার সব চেষ্টা ব্যর্থ হয়ে যায়। এরপর সে রাজি হয় ডক্টর গ্রেগরি কার্টিনের ক্লিনিকাল পরীক্ষায় অংশ নিতে। হাঁটার জন্য ডেভিডের প্রচেষ্টা ও একাগ্রতার কথা তুলে ধরেন চিকিৎসক ডক্টর কার্টিন। ""আমি আমার মেয়ে শার্লটের সাথে আসি, সেসময় তার বয়স ছিল একমাস। আমরা যখন ডেভিডকে প্রস্তাব দিলাম, সে তখন আমার মেয়ের দিকে তাকিয়ে গভীরভাবে বলল 'আমি তোমার আগে হাঁটবো""। এরপর শার্লট তার বয়স যখন ১৪ মাস তখন প্রথম পা ফেলতে শুরু করলো আর ততদিনে ডেভিড জেনেভা লেক পর্যন্ত হাঁটা শুরু করেছে। যেভাবে হাঁটতে পেরেছেন পক্ষাঘাতগ্রস্ত এই কজন। মেরুদণ্ড প্রতিস্থাপন চিকিৎসককে বিস্মিত করে দিয়ে ডেভিডকে শুধু হাঁটা নয় আরও অনেক পরিবর্তন এনে দিয়েছিল। সুইজারল্যান্ডের নেতৃস্থানীয় স্নায়ুবিজ্ঞানীদের একজন লাউসান ইউনিভার্সিটি হাসপাতালের ডক্টরর জোকলেন ব্লোচ ডেভিডের মেরুদণ্ড প্রতিস্থাপন করেছিলেন। ডেভিডের উন্নতি দেখে তিনিও বিস্মিত। ডেভিড এখন তার ইমপ্ল্যান্ট যন্ত্র বন্ধ থাকলেও আট কদম হাঁটতে পারে, ক্রনিক মেরুদণ্ডের জখমের ক্ষেত্রে এই ধরনের ঘটনা ঘটলো। ল্যাবের বাইরে বাস্তব জীবনে ডেভিডেও জন্য অল্প কয়েক কদম হাঁটাও কঠিন। ইমপ্ল্যান্ট থেকে আসা সংকেত অস্বস্তিকর হয়ে ওঠে এবং তাই সব সময় ব্যবহার করা যায়না। এই প্রক্রিয়াটি ব্যয়বহুলও এবং গবেষণাগারের বাইরে নিত্যদিনের ব্যবহারের জন্য যথেষ্ট নির্ভরযোগ্য নয়, তাই এটি পুরোপুরি নিরাময় হওয়া এখনো অনেক দূরের ব্যাপার। তবে দাতব্য সংস্থা চ্যারিটি স্পাইনাল রিসার্চের বৈজ্ঞানিক পরিচালক ডক্টর মার্ক বেকনের মতে, এটা প্রমাণ করেছে যে, পক্ষাঘাত নির্মূল করা যায়, অন্তত কিছু ক্ষেত্রে। ""বর্তমানে এটি রোগীদের জন্য বিকল্প উপায় কিনা সেটা নিয়ে সন্দেহ থাকতে পারে। কিন্তু এটা প্রমাণ করে যে, আমাদের সামনে কার্যকর একটি মডেল আছে। এই চিকিৎসা সুবিধা লাভ করা প্রথম ব্যক্তি ডেভিড। আরও দুজন হাঁটতে সক্ষম হয়েছেন। ৩৫ বছর বয়সী একজন প্রকৌশলী নেদারল্যান্ডসের জার্টান ওসকান, যিনি সাত বছর আগে গাড়ির ধাক্কায় আহত হন। সেদিন ছিল তার জন্মদিন যেদিন চিকিৎসক তাকে জানালেন যে, সারাজীবনের জন্য তিনি প্যারালাইজড হয়ে গেছেন। সেবাস্তিয়ান টোবলার ৪৮ বছর বয়সী জার্মান নাগরিক। দুর্ঘটনায় পক্ষাঘাত গ্রস্ত হওয়ার আগে সাইকেল চালাতে ভালবাসতেন এবং চলে যেতেন দূরে। এখন সে বিশেষভাবে তৈরি একটি সাইকেল চালাতে পারে যেখানে মূলত তার হাতের শক্তি প্রয়োগ করতে হয়, আর সামান্য পায়ের অংশ। গবেষকরা বিশ্বাস করেন তাদের পদ্ধতি আরও উন্নত হবে এবং যেসমস্ত মানুষ আবারো হাঁটার সব আশাই ছেড়ে দিয়েছে তাদের মধ্যে চলাফেরার স্বাধীনতা আনবে। গবেষকরা তিন বছরের মধ্যে ইউরোপ এবং আমেরিকাতে বড় পরিসরে এই ক্লিনিকাল পরীক্ষার পরিকল্পনা করছে। সব ঠিকমত চলতে থাকলে এই পদ্ধতি আরও ব্যাপকভাবে সুলভ হবে, আশা করছেন গবেষকরা।",প্যারালাইজড বা পক্ষাঘাতগ্রস্ত তিনজন মানুষ যাদেরকে বলা হয়েছিল যে তাদের বাকি জীবনটা হুইলচেয়ারেই কাটিয়ে দিতে হবে। কিন্তু সেই মানুষদের পক্ষেই আবারো হাঁটা সম্ভব হয়েছে।,তিন প্রতিবন্ধী ব্যক্তির মেরুদণ্ডে একটি বৈদ্যুতিক ডিভাইস যুক্ত করে তাদের মস্তিষ্ক থেকে পা পর্যন্ত সংকেত পৌঁছে দেয়া হয়েছে।,0.09523809523809525,0.0,0.09523809523809525,0.67532945,18,24
"মন্ত্রীসভার সদস্যদের সঙ্গে আলাদা করে বৈঠক করেছেন টেরিজা মে মন্ত্রীসভার একটি সূত্র বিবিসিকে জানিয়েছে যে, খসড়া নিয়ে দুই পক্ষের কারিগরি পর্যায়ে কর্মকর্তারা একমত হয়েছেন। সপ্তাহ জুড়ে এই চুক্তির খসড়া নিয়ে দুই পক্ষের মধ্যে আলোচনা চলছিল। মন্ত্রীসভার সমর্থন চাইতে বুধবার স্থানীয় সময় দুপুর ২টায় বিশেষ বৈঠক আহ্বান করেছেন প্রধানমন্ত্রী টেরিজা মে। আরও পড়তে পারেন: ব্রিটেনে ইইউ নাগরিকদের জন্য টেরিজা মে'র প্রস্তাব ব্রিটেন একক বাজার থেকে বেরিয়ে আসবে: মে সিরিয়ায় হামলার কোন বিকল্প ছিলনা: টেরিজা মে এর আগে ডাউনিং স্ট্রীটে প্রধানমন্ত্রী মন্ত্রীসভার প্রত্যেক সদস্যের সঙ্গে আলাদা করে বৈঠক করেছেন প্রধানমন্ত্রী মে। ব্রেক্সিট চুক্তির খসড়ায় ঐক্যমত হয়েছে এই খবরে ইতিমধ্যেই ডলার ও ইউরোর বিপরীতে পাউন্ডের মূল্য বৃদ্ধি পেয়েছে। যদিও বিশ্লেষকেরা বলছেন, যেহেতু পার্লামেন্ট ও মন্ত্রীসভা এখনো এই খসড়া অনুমোদন করেনি, ফলে মুদ্রার এই ঊর্ধ্বগতি দীর্ঘস্থায়ী নাও হতে পারে। মন্ত্রীসভার বিশেষ বৈঠক হবে আজ এদিকে, ইইউ জানিয়েছে, তারা বুধবারের ঘটনাবলীর দিকে লক্ষ্য রাখবে। কিন্তু আইরিশ সরকার বলছে, আলোচনা এখনো শেষ হয়নি। ব্রেক্সিটের ব্রেক্সিট ইস্যুতে পদত্যাগ করা মন্ত্রী, যেমন বোরিস জনসন এবং জেকব রিস-মগ ইতিমধ্যেই খসড়া চুক্তির সমালোচনা করে বলেছেন, খসড়া মানতে গেলে যুক্তরাজ্য ইইউ এর নিয়ন্ত্রণে থাকবে। বিরোধীরা চুক্তির খসড়া প্রত্যাখ্যান করতে সবার প্রতি আহ্বান জানিয়েছেন। যুক্তরাজ্য এবং ইইউ নভেম্বরের শেষ নাগাদ ইউরোপীয় নেতৃবৃন্দের একটি বিশেষ সম্মেলন করবেন বলে আশা করা হচ্ছে। কোন কোন বিষয়ে একমত দুই পক্ষ? খসড়া চুক্তির বিস্তারিত এখনো প্রকাশ করা হয়নি। তবে ৫০০ পৃষ্ঠার এই দলিলে মোটাদাগে ভবিষ্যতে ইইউ এর সঙ্গে যুক্তরাজ্যের সম্পর্কের ধরণ কেমন হবে সে বিষয়ে আলোকপাত করা হয়েছে। একই সঙ্গে উত্তর আয়ারল্যান্ডের সঙ্গে সীমান্তে কোন রকম তল্লাশি চালানো হবে না এমন নিশ্চয়তার বিধান রাখা হয়েছে। অনেকে মনে করেন, ইইউ এর বাণিজ্য বিষয়ক নিয়মনীতির ফলে যুক্তরাজ্য ক্ষতিগ্রস্ত হবে। চুক্তিতে ব্রেক্সিটের পর ২০১৯ সালের ২৯শে মার্চ যুক্তরাজ্য যখন বেরিয়ে যাবে, তখন দেশটির নাগরিকদের অধিকার সম্পর্কে বিভিন্ন প্রতিশ্রুতি এতে অন্তর্ভুক্ত করা হয়েছে। ইইউ কী বলছে? এখনো পর্যন্ত আনুষ্ঠানিক কোন প্রতিক্রিয়া জানায়নি ইইউ। অনানুষ্ঠানিকভাবে কর্মকর্তারা বিবিসিকে জানিয়েছেন, এখনো পর্যন্ত কোন চুক্তি হয়নি, এটি কেবলই একটি খসড়া যা নিয়ে টেকনিক্যাল বা কারিগরি পর্যায়ের কর্মকর্তা একমত হয়েছে। ব্রিটিশ মন্ত্রীরা যদি আজকের বৈঠকে এতে সম্মতি না দেন, তাহলে তো সেটি আবারো আলোচনার টেবিলেই ফিরে যাবে। তবে, যদি ব্রিটিশ মন্ত্রীসভা এটি অনুমোদন করে, তাহলে ২৭জন ইউরোপীয় রাষ্ট্রদূত আগামী কাল বৈঠক করবেন।",কয়েক মাসের আলাপ-আলোচনার পর ব্রেক্সিট চুক্তির একটি খসড়ায় সম্মত হয়েছে যুক্তরাজ্য এবং ইউরোপীয় ইউনিয়ন।,ব্রেক্সিট চুক্তির খসড়া নিয়ে আইরিশ মন্ত্রীসভার মধ্যে ঐক্যমত হয়েছে।,0.17391304347826086,0.09523809523809525,0.17391304347826086,0.7709514,9,14
"ফ্রান্সের একটি স্থানীয় সুইমিং পুলে মুসলিম নারীরা বুরকিনি পরে সাঁতার কেটেছেন। মার্কিন যুক্তরাষ্ট্রে নাগরিক অধিকার নিয়ে রোজা পার্কস যে আন্দোলন গড়ে তুলেছিলেন, সেটার অংশ হিসেবে রবিবার গ্রিনোবেল শহরে একদল নারী বুরকিনি পরে সুইমিং পুলে নামেন। দ্য জিন বর্ন নামে এই সুইমিং পুলটি ফ্রান্সের আরো অনেক সুইমিং পুলের মধ্যে একটি, যেখানে বুরকিনি পরা নিষেধ। দেশটির অনেকেই মনে করেন এই সুইমস্যুট রাজনৈতিক ইসলাম এবং অসঙ্গতিপূর্ণ ধর্মনিরপেক্ষতার প্রতীক। গত মাসে ""অপারেশন বুরকিনি"" নামে একটা প্রচারণা শুরু করে সিটিজেন অ্যালায়েন্স অব গ্রিনোবেল এর সদস্যরা। তারা আত্মপক্ষ সমর্থন করে বলেন, এটা মুসলিম নারীদের অধিকার। সুইমিং পুলে কী ঘটেছিল? সুইমিং পুলে আসার পর এইসব নারীরা পোশাক বদলে বুরকিনি পরেন। সেইসময় লাইফগার্ড যারা ছিলেন তারা তাদের সতর্ক করে বলেন সুইমস্যুট হিসেবে বুরকিনি পরা যাবে না। এই নিষেধাজ্ঞার পরেও এই নারীরা সুইমিং পুলে নামেন এবং একঘণ্টা যাবৎ গোসল করেন। তাদের অনেকেই এটা করতে পেরে আনন্দ উল্লাস করছেন। পরে ওই নারীদেরকে পুলিশ জিজ্ঞাসাবাদ করে এবং প্রত্যেককে নিয়ম ভাঙ্গার অপরাধে ৪০ ডলার জরিমানা করে। বিবিসির সাথে আলাপকালে হাসিবা এবং লাতিফা নামে দুইজন বিক্ষোভকারী বলেছেন, তাদের অন্যান্য নাগরিকদের মত একই রকম অধিকার থাকা দরকার। হাসিবা বলছিলেন ""আমাদের একটা স্বপ্ন আছে। আমরা আমাদের বাচ্চাদের নিয়ে গ্রীষ্মের গরমে পাবলিক সুইমিং পুলে যাবো, অন্যদের সাথে মজা করবো। যেটা অন্য সবাই করে থাকে আমরা সেটাই করতে চাই।"" লাতিফা বলছিলেন, ""আমাদের উচিত ফ্রান্সের বৈষম্যমূলক এই নীতির বিরুদ্ধে বিক্ষোভ করা উচিৎ। আমরা আসলে সরকারি যেসব সুযোগ-সুবিধা আছে, সেসব থেকে বঞ্চিত হচ্ছি।"" বুরকিনি কী? বুরকিনি শব্দটি বোরকা এবং বিকিনি শব্দের মিশ্রণ। ফ্রান্সের দক্ষিণে একজন মুসলিম নারী বুরকিনি পরে সাঁতার কাটছেন। বুরকিনি মুসলিম নারীদের জন্য বাজারে আনা হয়, যাতে করে মুসলিম নারীরা পাবলিক সুইমিং পুলে সাঁতার কাটতে পারেন। এই সুইমস্যুটটি সারা শরীর ঢেকে রাখে শুধু মুখ এবং পায়ের পাতা দেখা যায়। কিন্তু বুরকিনি ফ্রান্সে বিতর্কিতই থেকে গেল। ফ্রান্সের বেশ কয়েকটি শহরের কর্তৃপক্ষ এই পোশাকটাকে নিষিদ্ধ করার প্রস্তাব করে। ২০১০ সালে ফ্রান্স ইউরোপের মধ্যে প্রথম দেশ যারা জনসম্মুখে সম্পূর্ণ মুখ ঢাকা বোরকা নিষিদ্ধ করে। বিবিসি বাংলায় আরো পড়ুন: গরমে অতিষ্ঠ জনজীবন: বৃষ্টি নামবে কবে? পাকিস্তানের টিকে থাকা নাকি নিউজিল্যান্ডের এগিয়ে যাওয়া অস্ত্রের মুখেও সাংবাদিক হওয়ার স্বপ্ন দেখেন মেয়েটি",নিষেধাজ্ঞা ভেঙ্গে ফ্রান্সের একটি স্থানীয় সুইমিং পুলে মুসলিম নারীরা বুরকিনি পরে সাঁতার কেটেছেন।,ফ্রান্সের একটি স্থানীয় সুইমিং পুলে মুসলিম নারীরা বুরকিনি পরে গোসল করেন।,0.7500000000000001,0.7272727272727272,0.7500000000000001,0.88205624,11,13
"সৌদি আরব বাংলাদেশের সবচেয়ে বড় শ্রমবাজার হলেও, কাতারেও রয়েছে বহু বাংলাদেশী। সৌদি আরব বাংলাদেশের সবচেয়ে বড় শ্রমবাজার হলেও, কাতারেও রয়েছে বহু বাংলাদেশী। এখন সৌদি আরবের সাথে কাতারের সম্পর্ক নষ্ট হলে কতটা সমস্যায় পড়বে সেদেশে বাংলাদেশের জনশক্তি রফতানি? এমন প্রশ্নের জবাবে জনশক্তি রপ্তানিকারকদের সংগঠন বায়রার সাধারণ সম্পাদক রুহুল আমিন বলেন, ""আমরা মনে করি ব্যাপারটা সাময়িক। শ্রমিকরা যারা ওখানে আছে তাদের ওপর প্রভাব ফেলবে না।"" ""আর নতুন করে যারা যাবেন তাদের ওপর পড়বে কিনা সেটা সময় গেলে বোঝা যাবে। সৌদি বিনিয়োগকারীদের যারা কাতারে বিনিয়োগ করেছে সে বিষয়ে একটা প্রভাব আসতে পারে""। তবে সব মিলিয়ে ভয়ের কোন কারণ নেই বলে মনে করেন তিনি। মধ্যপ্রাচ্যের এই ছোট দেশ কাতারের ২৫ লাখ জনসংখ্যার মধ্যে বাংলাদেশিদের অবস্থান এখন চতুর্থ। আরও অনেকেই অপেক্ষায় রয়েছেন কাতারে যাওয়ার জন্য। তারপরেও বিআইডিএস-এর গবেষক নাজনীন আহমেদও মনে করেন এখনই শ্রমবাজারের ওপর সরাসরি কোন প্রভাব পড়ার আশংকা নেই। তবে তিনি মনে করেন পুরো মধ্যপ্রাচ্য নিয়েও এখন আরও সতর্ক প্রস্তুতি নেয়া উচিত বাংলাদেশের। তিনি বলেন, ""যেটা মধ্যপ্রাচ্যে হলো সেটা বাংলাদেশের জন্য গুরুত্বপূর্ণ। কারণ, যেহেতু এটা বাংলাদেশের শ্রমবাজার তাই খেয়াল রাখতে হবে যে এমন হয় কিনা যে কাতারে শ্রমিক পাঠালে অন্যরা সমস্যা করতে পারে।"" ""কাতারের সঙ্গে সম্পর্ক রাখতে গিয়ে অন্য দেশের সাথেও যেন সমস্যা না হয়। এগুলো দেখেই বাংলাদেশকে কৌশল ঠিক করতে হবে""। মধ্যপ্রাচ্যের এই ছোট দেশ কাতারের ২৫ লাখ জনসংখ্যার মধ্যে বাংলাদেশিদের অবস্থান এখন চতুর্থ। তবে এটি শুধু শ্রমবাজারের বিষয় নয়, সাবেক রাষ্ট্রদূত ও বাংলাদেশ এন্টারপ্রাইজ ইনস্টিটিউটের ভাইস প্রেসিডেন্ট হুমায়ুন কবির মনে করেন কাতারকে কেন্দ্র করে মধ্যপ্রাচ্যের নতুন এই সংকট দীর্ঘতর হলে কূটনৈতিক ক্ষেত্রেও চ্যালেঞ্জে পড়তে হবে বাংলাদেশকে। তিনি বলেন মধ্যপ্রাচ্যের সম্পর্কে গালফ কো-অপারেশন কাউন্সিল বা জিসিসি'র সদস্যরাই জড়িত। এদের সবার সাথেই বাংলাদেশের ভালো সম্পর্ক আছে। ""এরা সবাই মুসলিম উম্মাহর সদস্য। ওআইসির সদস্য। এই কাঠামোতে কোন বিভাজন দেখা দিলে আর আমাদের কোন পক্ষ নিতে বলা হলে সেটা একটা সমস্যা হতে পারে""। আর কাতারে কর্মরত ছিলেন এমন একজন সাবেক বাংলাদেশী কূটনীতিক বলছেন যতক্ষণ কাতার নিজে পরিস্থিতি সামলে নিতে পারবে ততক্ষণ বাংলাদেশের উদ্বেগের কিছু নেই। তবে যদি সংকট দীর্ঘতর হয় তাহলে প্রকৃত অর্থেই সংকটে পড়বে মধ্যপ্রাচ্যের এই আমদানি নির্ভর দেশটি। বিশেষ করে খাদ্যদ্রব্য আমদানি আর বিমান পরিবহন নিয়ে সংকট চলতে থাকলে তার সরাসরি প্রভাব পড়বে দেশটির অর্থনীতিতে, যাতে করে ক্ষতিগ্রস্ত হতে পারে বাংলাদেশের শ্রমবাজারটিও। আরো পড়ুন: ইসরায়েলের কাছে আরবরা কেন পরাজিত হয়েছিল? কাতার সম্পর্কে পাঁচটি বিস্ময়কর তথ্য যে কারণে সংকটে পড়বে কাতারের পারফিউম ব্যবসা",সৌদি আরব সহ প্রতিবেশী দেশগুলো এমন সময় কাতারের সঙ্গে সম্পর্ক ছিন্ন করলো যখন ২০২২ সালের বিশ্বকাপ ফুটবলকে সামনে রেখে দেশটিতে ব্যাপক নির্মাণ কাজ চলছে। আর সে নির্মাণকাজে অংশ নিচ্ছে বিপুল সংখ্যক বাংলাদেশী শ্রমিক।,সৌদি আরবের সাথে কাতারের সম্পর্ক নষ্ট হলে বাংলাদেশের শ্রমবাজারের ওপর কোন প্রভাব পড়বে না বলে মনে করেন বিআইডিএস-এর গবেষক।,0.11538461538461539,0.0,0.11538461538461539,0.7007505,19,33
"যৌন খেলনা এখন পশ্চিমা সমাজের মূলধারায় এসে গেছে কিন্তু এটা কি একটা নেশায় পরিণত হয়েছে সতর্কীকরণ: এ রিপোর্টের বিষয়বস্তু প্রাপ্তবয়স্কদের উপযোগী 'জিনিসটা বড় দারুণ দেখতে, পাথুরে রঙ, আর গোলাপী-সোনালী বোতাম। এটা দেখতে মোটেও পুরুষাঙ্গের মতো নয় - বরং বেশ অভিজাত চেহারার"" - বলছিলেন লিয়ান। তার বয়েস তখন একুশ হয়ে গেছে, ১৭ বছর বয়েসে কুমারীত্ব হারানোর পর কয়েকজন ছেলেবন্ধুর সাথে যৌন সম্পর্ক হয়েছে তার। কিন্তু কখনো চরম যৌনতৃপ্তি বা অরগ্যাজম হয় নি। বিবিসির আলেক্সান্ড্রা জোনসের সাথে এ ব্যাপারে মন খুলে কথা বলেছেন লিয়ান। সেক্স তার ভালো লাগতো, কিন্তু সেটা ছিল ভিন্ন এক ধরণের আনন্দ - কারো সংগে দেখা হওয়া, কারো প্রতি আকৃষ্ট হওয়া, বা কাউকে আকৃষ্ট করা - এগুলোই ছিল মূল উত্তেজনা, কিন্তু অরগ্যাজম কখনো হয় নি, বলছিলেন লিয়ান। একসময় তার মনে দুশ্চিন্তা দেখা দিতে শুরু করলো, তিনি নিজের জন্য লজ্জিত বোধ করতেন, যে কেন তার এটা হচ্ছে না । অথচ তার বন্ধুরা এমনভাবে এ নিয়ে গল্প করতো যে প্রতিবারই তাদের চরমতৃপ্তি হচ্ছে। লিয়ান বলছেন, তিনি কখনো যৌন মিলনে চরম তৃপ্তি পান নি শেষ পর্যন্ত তিনি ব্যাপারটা খুলে বললেন তার সবচেয়ে ঘনিষ্ঠ বন্ধুর কাছে। ""সেই বন্ধুটি আমাকে বললেন, তোমার কখনো এটা হয় নি কারণ তুমি কখনো স্বমেহন করো নি। তুমি যদি ব্যাপারটা কি সেটাই না জানো, তাহলে তোমার তো সমস্যা হবেই।"" তখন লিয়ান ঠিক করলেন, তাকে কিছু একটা করতে হবে। এক শনিবার বিকেলে তিনি চলে গেলেন শহরে, কিনে আনলেন ভাইব্রেটর। সেটা ব্যবহার করে তার প্রথম যে অভিজ্ঞতা হলো তাতে তিনি চমৎকৃত হয়ে গেলেন। 'শেষ পর্যন্ত আমার অরগ্যাজম হয়েছে, ... এ এক দারুণ অভিজ্ঞতা"" - বলছিলেন লিয়ান। অনেকে মনে করেন, যৌন খেলনা বেশি ব্যবহার করলে যৌনাঙ্গের অনুভুতি কমে যায় ভাইব্রেটর কি মেয়েদের দুশ্চিন্তা-উদ্বেগ কাটাতে কাজে লাগে? ভিক্টোরিয়ান যুগ থেকেই ইংল্যান্ডে ভাইব্রেটর নিয়ে আলোচনা হচ্ছে। নারীদের হিস্টিরিয়ার প্রতিষেধক হিসেবে ডাক্তাররাই উদ্ভাবন করেছিলেন এই ভাইব্রেটর। হিস্টিরিয়া বলতে মূলত 'উদ্বেগ বা দুশ্চিন্তায় আক্রান্ত হওয়া' বোঝায় কিন্তু তার সাথে রোগিনীর মধ্যে আরো কিছু লক্ষণ দেখা যায়। ডাক্তাররা মনে করতেন চরম যৌনতৃপ্তির মধ্যে দিয়ে এর চিকিৎসা করা যায়। লিয়ান নিজেও ব্যাপারটা বুঝতে পারেন। তার কথা: ""যেহেতু এখন আমার নিয়মিত অর্গ্যাজম হচ্ছে তাই আমার দুশ্চিন্তা অনেক কমে গেছে।"" তবে আগেকার যুগে ভাইব্রেটর ছিল একটা গোপন ব্যাপার। কিন্তু ১৯৮০-র দশকে 'র‍্যাবিট' নামে যে ভাইব্রেটর চালু হলো - তার পরই জিনিসটা সমাজের মূলধারায় উঠে আসে। নারীদের যৌনতৃপ্তি নিয়ে কথা বলা একসময় ছিল এক 'নিষিদ্ধ' ব্যাপার যৌন খেলনা থেকে সাংস্কৃতিক প্রতীক? এর আগে যৌন খেলনা বা সেক্স টয়গুলো ছিল মাংসল, গোলাপি, এবং অশ্লীল, যে কারণে বহু লোকই এগুলো কিনতে চাইতেন না"" - বলছিলেন স্টুয়ার্ট নুজেন্ট, সুইডেনের সেক্স টয় ব্র্যান্ড লেলো-র গ্লোবাল ব্র্যান্ড ম্যানেজার। অনেকটা প্রাণীর মতো দেখতে র‍্যাবিট ভাইব্রেটর কম্পন সৃষ্টির মাধ্যমে কাজ করে। 'সেক্স এ্যান্ড দি সিটি' নামে যে মার্কিন টিভি সিরিয়াল সারা দুনিয়ায় জনপ্রিয় হয় - তাতে ১৯৯৮ সালে একটি পর্ব উৎসর্গ করা হয় এই র‍্যাবিটের উদ্দেশ্যে। এর মাধ্যমে এই 'র‍্যাবিট' যৌন খেলনা থেকে সাংস্কৃতিক প্রতীকে পরিণত হয়। ভিক্টোরিয়ান যুগে ভাইব্রেটর ব্যবহার করা হতো মেয়েদের হিস্টিরিয়ার চিকিৎসায় ভাইব্রেটর সমাজের মূলধারায় চলে আসার সাথে সাথে অনেক কিছুতেই পরিবর্তন হতে শুরু করে। ২০২০ সাল নাগাদ প্রাপ্তবয়স্কদের খেলনার বাজার ২ হাজার ৯শ কোটি ডলার ছাড়িয়ে যাবে বলে মনে করা হয়। এখন নানা রকম ভাইব্রেটর বাজারে এসে গেছে। স্টুয়ার্ট বলছিলেন, 'সোনা' নামে তাদের নতুন ভাইব্রেটরে শব্দ তরঙ্গ ব্যবহার করে কম্পন সৃষ্টি করা হয়। এসব ভাইব্রেটর অবশ্য খুব সস্তা নয়। প্রতিটির দাম হবে ১২০ পাউন্ডের মতো। সবচেয়ে দামি যে ভাইব্রেটরের কথা জানা যায় তা হীরে-বসানো, এবং দাম দশ লাখ পাউন্ড। লিয়ান দুশ্চিন্তা বোধ করেন যে তিনি 'যৌন খেলনা আসক্তিতে' ভুগছেন কিনা যৌন খেলনা কি আসক্তি তৈরি করে? অবশ্য ব্রিটেনের সুপারস্টোরে যে ভাইব্রেটর পাওয়া যাবে তা সম্ভবত এত দামি হবে না, এগুলো বিক্রি হবে ৮ থেকে ১৫ পাউন্ডের মধ্যে। লিয়ান বলছিলেন, ""আমি আমার বিছানায় ভাইব্রেটরটা রাখতাম এবং প্রতিদিনই ওটা ব্যবহার করতাম। আমার মনে হয়েছিল, যৌন অনুভূতির দিক থেকে এটা ছিল একটা খুবই ইতিবাচক পদক্ষেপ। "" কিন্তু সাত বছর পর এখন লিয়ান সেই জিনিসটাই ব্যবহার করছেন সপ্তাহে কয়েক বার । কিন্তু এখন তার মনে প্রশ্নের উদয় হচ্ছে যে যৌনতৃপ্তির জন্য তিনি কি ওটার ওপর নির্ভরশীল বা ওটাতে 'আসক্ত' হয়ে পড়ছেন ? কারণ ঠিক ওই ভাইব্রেটরটি ছাড়া এবং ওই একই ভঙ্গিতে ছাড়া অন্য কোনভাবে তিনি অরগ্যাজম লাভ করতে পারছেন না। বিশেষজ্ঞরা বলেন, নারীরা একাধিক উপায়ে যৌনতৃপ্তি লাভ করতে পারেন ""মনে হচ্ছে যেন আমি আমার লক্ষ্যে পৌঁছে গেছি, কিন্তু তার পর আর আগে বাড়তে পারছি না।"" বলেন লিয়ান। ব্রিটেনের রয়াল কলেজ অব অবস্ট্রেট্রিশিয়ানস এ্যান্ড গাইনীকোলজিস্টস এর ড. লেইলা ফ্রডসহ্যাম বলেন, কোন নারী যদি মাত্র একটি যৌন খেলনা, বা একটি মাত্র শারীরিক পজিশনে অরগ্যাজম লাভ করতে পারেন - এতে দুশ্চিন্তার কিছুই নেই। তবে তার কথায়, একজন নারী একাধিক উপায়েই এ তৃপ্তি লাভ করতে পারেন। ভেনাস হচ্ছেন একজন সেক্স টয় পরীক্ষক। তিনি বলছেন, তিনি এ ক্ষেত্রে তার ফ্যান্টাসি বা যৌন-কল্পনাকে ব্যবহার করেন। আগে তিনি দিনে পাঁচ-ছ'বার স্বমেহন করতেন । কিন্তু এখন তিনি করেন দিনে একবার - ৪৫ মিনিট থেকে ১ ঘন্টা ধরে। তার ভাষায়, তার কাছে অভিজ্ঞতাটা অনেকটা 'মেডিটেশন' বা ধ্যানের মতো। বিশেষজ্ঞরা বলেন আনন্দদায়ক যৌন জীবন লাভের জন্য অনেক উপায়ই আছে। লিয়ানের বয়েস এখন ২৮, তার এখনকার সঙ্গীর সাথে তিনি আছেন পাঁচ বছর ধরে। তার যৌন জীবনে তিনি সুখী। ""আমি ভেবেছিলাম আমার সঙ্গী হয়তো এই ভাইব্রেটর নিযে কোন সমস্যা বোধ করবে। কিন্তু তেমন কিছু হয় নি। ওটা আমরা যৌনমিলনের আগে ব্যবহার করি।"" এখন, এটা স্পষ্ট করা দরকার যে বিশেষজ্ঞদের মতে এরকম কোন কিছু শারীরিকভাবে হওয়া সম্ভব নয়। কিন্তু মাত্র একটি যৌন খেলনার প্রতি আসক্তির কথা শুধু যে লিয়ান একাই বলছেন তা-ও নয়। ২০১৬ সালে 'ডেড ভ্যাজাইনা সিনড্রোম' নামে একটা রোগের কথা বলা হচ্ছিল। বলা হচ্ছিল মহিলারা অতিমাত্রায় ভাইব্রেটর ব্যবহার করলে এরকম অনুভূতিহীনতা সৃষ্টি হতে পারে। এ নিয়ে সামাজিক মাধ্যমে প্রচুর হৈচৈ হয়, কিন্তু মেডিক্যাল দৃষ্টিকোণ থেকে এর কোন প্রমাণ মেলে নি। বিবিসি বাংলায় আরো পড়ুন: 'সেক্স টয়' সম্পর্কে অদ্ভূত সব তথ্য যৌন আনন্দের জন্য গাঁজা ব্যবহার করেন যে লোকেরা 'ভালোবাসা থাকলেও কখনো যৌন মিলন হয়নি' যৌন আসক্তি বলে কি সত্যিই কিছু আছে? '৩৭বছর যৌন সম্পর্ক না করায় আমার মন খারাপ থাকতো' অত্যধিক যৌন আসক্তি কি আসলেই 'নেশা'?",একুশ বছর বয়েসে তরুণী লিয়ান (আসল নাম নয়) তার প্রথম ভাইব্রেটরটি কিনেছিলেন বার্মিংহ্যাম থেকে। শহরটির কাছেই এক ছোট্ট গ্রামের মেয়ে তিনি।,যৌন খেলনা এখন পশ্চিমা সমাজের মূলধারায় এসে গেছে কিন্তু এটা কি একটা নেশায় পরিণত হয়েছে?,0.0,0.0,0.0,0.63309073,15,21
"ঢাকায় হযরত শাহজালাল বিমানবন্দরে করোনাভাইরাস সংক্রান্ত স্বাস্থ্য পরীক্ষার ডেস্ক কর্মকর্তারা বলছেন, গত কয়েক সপ্তাহে বিদেশ থাকা আসা বাংলাদেশিদের মধ্যে দেশটির ২০টি জেলায় প্রায় দুইশো জনকে নিজ নিজ বাড়িতে বিশেষ ব্যবস্থায় হোম কোয়ারিন্টিনে রাখা হয়েছে। কিন্তু সরকারি হিসাবেই দেখা যাচ্ছে, গত প্রায় দুই মাসে চীন-ইতালিসহ ইউরোপ এবং মধ্যপ্রাচ্যের দেশগুলো থেকে সাড়ে পাঁচ লাখের মতো বাংলাদেশি দেশে এসেছেন। তাদের বেশিরভাগই কোনো পরীক্ষা ছাড়াই ঢাকায় বিমানবন্দর পার হয়ে গেছেন। করোনা আক্রান্ত দেশগুলো থেকে দু'সপ্তাহের মধ্যে বাংলাদেশে আসা কয়েকজন বলেছেন, তারা দেশে আসার পর থেকে আত্নীয়স্বজনের সাথে থাকাসহ উন্মুক্ত পরিবেশেই রয়েছেন। কোনো পর্যবেক্ষণ না থাকায় তাদেরই অনেকের মাঝে এখন উদ্বেগ তৈরি হয়েছে। চীনের পর ইতালিতে এখন পর্যন্ত করোনাভাইরাসে আক্রান্তের সংখ্যা সবচেয়ে বেশি। রাজধানীসহ সারাদেশেই গণপরিবহন-বাজারসহ যে সব জায়গায় জনসমাগম হয়, সেখানে সতর্ক থাকার সুযোগ নেই বলে অনেকে বলছেন। ইতালি থেকে একজন প্রবাসী ঢাকায় আসেন ১২দিন আগে, গত ২৯শে ফেব্রুয়ারি। তিনি ঢাকায় শাহজালাল আন্তর্জাতিক বিমানবন্দর থেকে কোনো পরীক্ষা ছাড়াই বেরিয়ে আসেন। তিনি বিমানবন্দর থেকে সরাসরি শরিয়তপুর জেলায় তার গ্রামের বাড়িতে যান। এই প্রবাসী বলছিলেন, যদিও তিনি সুস্থ রয়েছেন, কিন্তু কোনো পরীক্ষা বা পর্যবেক্ষণের মধ্যে না পড়ায় তার নিজের মাঝেই এক ধরণের উদ্বেগ তৈরি হয়েছে। ""২৯শে ফেব্রুয়ারি রাত ২টায় আমি ঢাকায় বিমানবন্দরে নেমেছি। এখানে আসার পর একটা ফরম দিছে। সেটা পূরণ করে জমা দেয়ার পর আর কিছুই আমাকে বলেনি। শুধু ইমিগ্রেশন যখন পার হই, তখন পাসপোর্ট দেখে বললো, আপনার কি পরীক্ষা হয়েছে? আমি বললাম না। তখন ইমিগ্রশনে বললো, পরীক্ষাটা হলে ভাল হতো। এই বললো। আর কিছুই না। তারপর পাসপোর্টে সিল মেরে দিলো। আমি এসে পড়লাম।"" তিনি আরও জানিয়েছেন, তিনি যে ফরমটা পূরণ করেছেন, তাতে কোন দেশ থেকে এসেছেন, সেই দেশের নাম এবং পাসপোর্ট নম্বর-এসব লিখতে হয়েছে। এই প্রবাসী বাংলাদেশি বলছিলেন, ১২ দিন ধরে দেশে এসে তাকে কেউ পর্যবেক্ষণ করেনি বা সরকারের কোনো বিভাগ থেকে তাকে কোনো পরামর্শও দেয়া হয়নি। উহান থেকে ফেরত আসা এই পরিবারটি ১৪দির কোয়ারেনটিনে ছিল। পরে তাদের ছেড়ে দেয়া হয়। বিবিসি বাংলায় অন্যান্য সংবাদ: করোনাভাইরাস: ঝুঁকিতে প্রবীণরা, যেদিকে খেয়াল রাখতে হবে করোনাভাইরাস: দিশেহারা বাংলাদেশের বিমান সংস্থাগুলো স্বাধীনতা পুরস্কার তালিকা থেকে বাদ রইজ উদ্দিন তিনি বিদেশ থেকে গ্রামের বাড়িতে গিয়ে জনসমাগম এড়িয়ে চলছেন কিনা, এই প্রশ্নে তিনি বলছিলেন, ""এখন বাড়িতে আসছি, আত্নীয় স্বজন বা ভাইবোনরাতো আসবেই। তাদের কাছে না গিয়ে বা তাদের সাথে কথা না বলেতো পারি না। তবে পাবলিক অনুষ্ঠানে কম যাই।"" তিনি আরও বলেছেন, কোথাও কোনো বাধা আমি পাই নাই। আজকেই আমার গ্রামের এলাকার থানা পুলিশের একজন কর্মকর্তা আমাকে টেলিফোন করে নাম ঠিকানা জিজ্ঞাসা করলো। আর বললো যে, কতদিন হয়েছে দেশে এসেছেন। আমি বললাম ১২দিন হবে। তখন সেই পুলিশ কর্মকর্তা বললেন, আরও দুই তিন দিন বাড়িতে থাইকেন। এটুকুই।"" গত ২১শে জানুয়ারি থেকে বিমানবন্দর এবং স্থলবন্দরগুলোতে স্ক্যানিং ব্যবস্থা করার পর থেকে এপর্যন্ত আড়াই লাখের বেশি যাত্রীকে পরীক্ষা করার কথা বলা হয়েছে সরকারের পক্ষ থেকে। সরকারি হিসাবেই এই সময়ে বিদেশ থেকে আসা যাত্রীদের বড় অংশ সেই পরীক্ষার বাইরে রয়ে গেছে। গত ২৮শে ফেব্রুয়ারি ইতালি থেকে দেশে এসে ঢাকার পাশের একটি জেলায় বাড়িতে নিজে থেকে কোয়রেন্টিনে থাকার চেষ্টা করেছেন একজন প্রবাসী। তিনি বলছিলেন, বাড়িতে থেকে পুরোপুরি কোয়ারেন্টিনে থাকা সম্ভব হয় না। তাকেউ বিমানবন্দরে পরীক্ষা করা হয়নি। তিনি জানান, ""বিমানবন্দরে পরীক্ষা করার মতো অবস্থা বলা চলে যে ছিল না। কয়েকটা ফ্লাইটের এক হাজারের মতো যাত্রী ছিল। সেখানে এত যাত্রীকে পরীক্ষা করার পর্যাপ্ত জায়গাই ছিল না। শুধু সতর্কতামূলক একটা লিফলেট হাতে ধরিয়ে দেয়। এটুকুই।"" কোয়ারেনটিনে কঠোর নিরাপত্তা। ""তারপরও আমি নিজ দায়িত্বে বাসায় এসে নিজের শংকা থেকে বাড়িতেই অবস্থান করি। সামাজিকভাবে কারও সাথে মেলা মেশা করি না। কোয়ারেন্টিন যেটা, সেটা পুরোপুরি করে ওঠা সম্ভব হয়নি। কারণ পরিবারের সদস্যরা আছে। কিন্তু বাজারে যাওয়া বা বাড়ির বাইরে সামাজিক অনুষ্ঠানে যাওয়া আমি এড়িয়ে চলছি।"" সরকারের পক্ষ থেকে দেশে আসা বাংলাদেশিদের নিজে থেকে বাড়িতে কোয়ারেন্টিনে থাকার পরার্শ দেয়া হচ্ছে। সেটা কতটা কার্যকর হচ্ছে, তা নিয়েও প্রশ্ন রয়েছে। তবে রোগতত্ত্ব, নিয়ন্ত্রণ ও গবেষণা ইনস্টিউটের পরিচালক অধ্যাপক মীরজাদী সেব্রিনা ফ্লোরা বলছিলেন, ""আমরা এটা কিছুটা সফটলি করছি। কারণ এমনিতেই দেশে অনেকের মধ্যে একটা আতংক বিরাজ করছে। তারপর যদি আমরা খুব হার্ড লাইনে যাই, তাহলে একটা খারাপ প্রভাব পড়তে পারে।"" একইসাথে তিনি স্বীকার করেছেন যে, কিছু ব্যপ্তয় ঘটছে। ""কিছুটা জায়গায় কিছু ব্যাপ্তয় ঘটেছে। কিন্তু আগের তুলনায় পর্যায়ক্রমে এটা ইমপ্রুভ করেছে। কিন্তু যাদের মধ্যে লক্ষণীয় উপসর্গ পাওয়া যাচ্ছে, তাদের ব্যাপারে কঠোরভাবেই আমরা আইস্যুলেশনে রেখে নমুনা পরীক্ষাসহ বিভিন্ন ব্যবস্থা নিচ্ছি।"" এদিকে, বাংলাদেশে বিদেশ থেকে এসে যে তিনজন করোনাভাইরাসে আক্রান্ত হওয়ার খবর জানানো হয়েছিল, তাদের মধ্যে দু'জন পুরোপুরি সুস্থ হয়েছে। অল্প সময়ের মধ্যে তাদের হাসপাতাল থেকে ছেড়ে দেয়া হতে পারে বলে সরকার থেকে জানানো হয়েছে।","করোনাভাইরাসে আক্রান্ত দেশগুলো থেকে বাংলাদেশি যারা এপর্যন্ত দেশটিতে এসেছেন, তাদের বিশাল অংশই পর্যবেক্ষণের বাইরে রয়ে গেছে।",করোনাভাইরাস সংক্রমণ ঠেকাতে গত কয়েক সপ্তাহের মধ্যে বাংলাদেশে আসা প্রবাসীদের বেশিরভাগই কোনো পরীক্ষা ছাড়াই ঢাকায় বিমানবন্দর পার হয়ে গেছেন।,0.0,0.0,0.0,0.75069076,19,16
"গত কয়েক বছরে কাতার ও তুরস্কের সম্পর্কে যে উন্নতি হয়েছে তার প্রকাশ ঘটেছে কাতারের এই গাড়িটিতে লাগানো স্টিকারে, এখানে তুরস্কের প্রেসিডেন্ট ও কাতারের আমীরের ছবি দেখা যাচ্ছে। এই মন্তব্যের সাথে একটি ছবিও পোস্ট করেন তিনি, যে ছবিতে দেখা যায় কাতারের সুপারমার্কেটগুলোতে সারিবদ্ধভাবে সাজিয়ে রাখা হয়েছে তুরস্কের ব্র্যান্ডের সব দুধের বোতল। গত সপ্তাহের তুরস্ক থেকে দুধ, ডিম, দুই, মুরগির মাংস এবং জুসের সব খাদ্যপণ্য বিমানযোগে পাঠানো হয় কাতারে। উপসাগরীয় আরব দেশগুলোর কাতারের ওপর অবরোধ আরোপের ফলে দেশটিতে যেন খাদ্য সংকট তৈরি না হয় সেই প্রচেষ্টাতেই দুগ্ধজাত পণ্যসামগ্রী পাঠাচ্ছে তুরস্ক। গত মঙ্গলবার তুরস্কের প্রেসিডেন্ট রেচেপ তাইয়েপ এরদোয়ান বলেছিলেন, কাতারের ওপর আরবদেশগুলোর এমন অবরোধ অমানবিক এবং অনৈসলামিক। ""কাতারের ক্ষেত্রে এক গুরুতর ভুল করা হচ্ছে। তাদের বিচ্ছিন্ন করার এই চেষ্টা অমানবিক এবং ইসলামী মূল্যবোধের বিরোধী। এটা কাতারকে মৃত্যুদণ্ড দেবার সামিল""-বলেছিলেন মি: এরদোয়ান। কাতারকে অবরোধ থেকে বাঁচাতে খাদ্যনিরাপত্তা ছাড়াও সামরিক ও কূটনৈতিক প্রচেষ্টাও চালিয়ে যাচ্ছে প্রেসিডেন্ট রেচেপ তাইয়েপ এরদোয়ানের প্রশাসন। কিন্তু কাতারকে রক্ষায় কেন এত আগ্রহ তুরস্কের? প্রায় দুই সপ্তাহ আগে সৌদি আরব, বাহরাইন, সংযুক্ত আরব আমিরাত, মিশর ছাড়াও আরও কয়েকটি দেশ 'সন্ত্রাসবাদে সমর্থন দেয়ার' অভিযোগে কাতারের সঙ্গে কূটনৈতিক সম্পর্ক ছিন্ন করে। তাৎক্ষণিকভাবে তুরস্কের প্রতিক্রিয়া ছিল, কোনো পক্ষ না নেয়া এবং বিরোধ নিষ্পত্তিতে সংলাপের মধ্যস্থতা করা। কিন্তু দুদিনের মধ্যেই নাটকীয়ভাবেই কাতারের পক্ষ নেয় আঙ্কারা। প্রেসিডেন্ট রেচেপ তাইয়েপ এরদোয়ান এই অবরোধের সমালোচনা করেছেন খুবই কড়া ভাষায় । কাতারের বিরুদ্ধে সন্ত্রাসবাদে মদত দেয়ার যে অভিযোগ আনা হয়েছে, সেটি প্রত্যাখ্যান করে প্রেসিডেন্ট এরদোয়ান বলেছেন -তুরস্ক যেভাবে ইসলামিক স্টেটের বিরুদ্ধে শক্ত অবস্থান নিয়েছে, কাতারের অবস্থানও তাই। কাজেই মানুষকে বোকা বানানো বন্ধ করা উচিত। তুরস্কের প্রেসিডেন্ট এরদোয়ানের এই বক্তব্যের পরের দিন বুধবার কাতারে যান দেশটির পররাষ্ট্রমন্ত্রী মেভলুত কাভুসোলু। সেখানে তিনি কাতারের আমির শেখ তামিম বিন হামাদ আল নির সঙ্গে বৈঠক করেন। সাম্প্রতিক সময়ে কাতারের সঙ্গে তুরস্কের সম্পর্কের উন্নতি হয়েছে। টুইটারে ধন্যবাদ জানাচ্ছেন কাতারের এক বাসিন্দা ২০১৫ সালে সামরিক চুক্তিতে স্বাক্ষর করে দুই দেশ। এ ছাড়া কাতারে সামরিক ঘাঁটিও তৈরি করেছে তুরস্ক। সেখানে বর্তমানে কয়েকশো তুর্কি সেনা মোতায়েন থাকলেও এটি পাঁচ হাজারে উন্নীত করা যাবে। কাতার সংকট সৃষ্টির কয়েকদিনের মধ্যেই দেশটিতে আরও সেনা মোতায়েনের একটি বিল পার্লামেন্টের মাধ্যমে অনুমোদন করিয়ে নেয় আঙ্কারা প্রশাসন। সামরিক ঘাঁটিতে ভবিষ্যত মোতায়েনের বিষয়টি সমন্বয় করতে সোমবার তিন কর্মকর্তাকে কাতারেও পাঠিয়েছে তুরস্ক। কয়েকটি প্রতিবেদন এটাও বলা হয়েছে যে কাতার শুরুতে পদাতিক সেনা, পরে নৌবাহিনীর সদস্য এবং এফ-১৬ যুদ্ধবিমান মোতায়েন করবে। বিশেষজ্ঞদের মতে, আরববিশ্ব থেকে বিচ্ছিন্ন হওয়ার পর দোহাকে অন্যতম মিত্র হিসেবে আঙ্কারার অবস্থানের পেছনে গুরুত্বপূর্ণ বেশ কিছু কারণ রয়েছে। গত বছর প্রেসিডেন্ট এরদোয়ানের বিরুদ্ধে সেনা সদস্যদের একাংশের অভ্যুত্থানের ব্যর্থ চেষ্টার সময় প্রথম রাষ্ট্রপ্রধান হিসেবে সংহতি প্রকাশ করেছিলেন কাতারের আমির শেখ তামিম বিন হামাদ আল-থানি। অভ্যুত্থান চেষ্টার পর মি: এরদোয়ানের নিরাপত্তা নিশ্চিত করতে কাতারের বিশেষ বাহিনীর ১৫০ সদস্যের একটি ইউনিট তুরস্ক পাঠানো হয়েছিল বলেও খবর পাওয়া যায়। ২০২২ সালে কাতারে অনুষ্ঠেয় ফুটবল বিশ্বকাপের আগে দেশটিতে বিনিয়োগের চিন্তা করছেন তুরস্কের ব্যবসায়ীরা। তাছাড়া দুই দেশের সরকারের মধ্যে আদর্শিক ঐক্যও রয়েছে। মিশরভিত্তিক ইসলামপন্থী দল মুসলিম ব্রাদারহুড ও ফিলিস্তিনের সশস্ত্র গোষ্ঠী হামাসকে 'সন্ত্রাসী সংগঠন' হিসেবে মনে করে না দুই দেশই। তাছাড়া, মিশরের প্রথম গণতান্ত্রিকভাবে নির্বাচিত প্রেসিডেন্ট মোহাম্মদ মোরসিকে উৎখাতে ২০১৩ সালের সেনা অভ্যুত্থানকে নিন্দা জানিয়েছিল দুদেশই। আবার সিরিয়ায় প্রেসিডেন্ট বাশার আল-আসাদের বিরুদ্ধে লড়াই চালানো ইসলামপন্থী বিদ্রোহীগোষ্ঠীগুলোকে সমর্থন দিচ্ছে কাতার ও তুরস্ক। ইরানের প্রতিও দেশ দুটির দৃষ্টিভঙ্গি একই রকম। দুই পক্ষই স্বীকার করে, মধ্যপ্রাচ্যের অন্যতম শক্তি হলো ইরান। আর ইরানের বিরুদ্ধে সৌদি আরবের অব্যাহত বিষোদ্গারের রাজনীতি থেকে সরে এসে উভয়পক্ষই সুসম্পর্ক বজায় রাখার চেষ্টা করেছে। অন্যদিকে, চলতি সংকটে কাতারের পক্ষে অবস্থান নিয়েছে ইরানও। তুরস্কের মতোই ইরানও কাতারে খাদ্য সরবরাহের সঙ্গে সঙ্গে কূটনৈতিক সম্পর্ক জোরদার করেছে। পাশাপাশি কাতারে বিপুল বিনিয়োগও করেছে তুরস্ক। দোহায় বিদেশি বিনিয়োগকারী দেশগুলোর মধ্যে তুরস্কের অবস্থান সপ্তম। ২০১৫ সালে দেশটিতে ৪২ কোটি ডলারের বেশি রপ্তানি করে তুরস্ক। তুরস্কের পররাষ্ট্র মন্ত্রণালয়ের তথ্য অনুযায়ী, ২০১১ সাল থেকে কাতারে ১২৬ শতাংশ রপ্তানি প্রবৃদ্ধি বাড়িয়েছে তুরস্ক। ২০২২ সালে কাতারে অনুষ্ঠেয় ফুটবল বিশ্বকাপের আগে দেশটিতে বিনিয়োগের চিন্তা করছেন তুরস্কের ব্যবসায়ীরা। অন্যদিকে তুরস্কের নিরাপত্তা প্রতিষ্ঠানগুলোর সঙ্গেও বেশ কিছু অস্ত্র চুক্তি করার কথা ভাবছে কাতার। এসব কারণে স্পষ্ট হয়ে যাচ্ছে, কাতারের পাশে তুরস্ক কেন এসে দাঁড়িয়েছে। অবিলম্বে কাতার সংকটের সমাধানের আহ্বান জানিয়েছেন তুরস্কের প্রেসিডেন্ট রেচেপ তাইয়েপ এরদোয়ান। সৌদি আরবকে সরাসরি সমালোচনা না করলেও প্রেসিডেন্ট এরদোয়ান এই সংকটের সমাধানে বাদশাহ সালমানকে উদ্যোগ নেয়ার আহ্বান জানিয়েছেন। কাতারের ওপর অবরোধের প্রতিবাদের তুরস্কে বিক্ষোভ","""দুধের জন্য ধন্যবাদ তুরস্ক!"" কয়দিন আগে টুইটারে এমন একটি মন্তব্য করেন কাতারের এক নাগরিক।",গত কয়েক বছরে কাতার ও তুরস্কের সম্পর্কে যে উন্নতি হয়েছে তার প্রকাশ ঘটেছে।,0.0,0.0,0.0,0.7069447,13,14
"ঝুলন্ত ফটোগ্রাফার ও তার তোলা দম্পতির ছবি এরকম একজন ওয়েডিং ফটোগ্রাফারের নাম ভিষ্ণু হোয়াইটরাম্প। নব দম্পতির ছবি তুলতে গিয়ে তিনি তাদেরকে একটি গাছের নিচে দাঁড় করিয়ে ক্যামেরা নিয়ে সোজা উঠে যান উপরে। তারপর দুটো পা গাছের ডালে পেঁচিয়ে নিচের দিকে মাথা দিয়ে বানরের মতো ঝুলতে ঝুলতে ছবি তুলতে থাকেন। তার উদ্দেশ্য ছিলো অসাধারণ একটি অ্যাঙ্গেলে ওই দম্পতিকে একটি ফ্রেমের ভেতরে তুলে আনা। ছবি তোলা শেষ হয়ে গেলে তিনি তার ক্যামেরা তুলে দেন বরের হাতে। তারপর একজন দক্ষ অ্যাক্রোব্যাটের মতো লাফ দিয়ে তিনি গাছ থেকে নেমে আসেন মাটিতে। এই পুরো ঘটনাটি একটি ভিডিওতে ধরা পড়েছে এবং সেটি পোস্ট করা হয়েছে টুইটারে। তারপর সেটি ছড়িয়ে পড়েছে ইন্টারনেটে। একজন মজা করে মন্তব্য করেছেন এভাবে: অপরাধের সাথে লড়াই করতে গিয়ে যার স্পাইডারম্যান হওয়ার ইচ্ছে ছিলো। কিন্তু বাবা মায়ের চাপে শেষ পর্যন্ত হয়েছেন একজন ওয়েডিং ফটোগ্রাফার। আরেকজন লিখেছেন, ""ওই দম্পতি হয়তো সেলফি স্টিক ঘৃণা করেন।"" ""আসলে তিনি একজন স্পাইডারম্যান,"" লিখেছেন আরেকজন। এই ছবির প্রতিক্রিয়ায় আরো অনেকেই ব্যতিক্রমী কিছু বিয়ের ছবি পোস্ট করেছেন। টুইটারে আরো একটি পোস্ট গাছ থেকে তোলা ছবিটি শেষ পর্যন্ত দাঁড়িয়েছে এরকম: গাছ থেকে তোলা হয়েছে এই ছবিটি ওই অ্যাক্রোব্যাট ফটোগ্রাফার দক্ষিণ ভারতের। বিবিসিকে তিনি বলেন, ওই দম্পতি ১৫ই এপ্রিল বিয়ে করেছেন কেরালার একটি গ্রামে। ""ছবিটি যখন ভাইরাল হয়ে গেল তখন আমি খুব ভয় পেয়ে যাই। ভাবলাম লোকজন আমাকে এখন টিপ্পনি কাটবে। আমি খুব নার্ভাস হয়ে গিয়েছিলাম। কিন্তু ভাগ্য ভালো যে সবাই এটি খুব পছন্দ করেছে। তারা আমার এই চেষ্টাকে উল্লেখ করছে 'ডেডিকেশন' হিসেবে। আমি খুশি।"" তখন জানা গেল ছবি তোলার জন্যে তিনি যে এই প্রথম গাছে চড়েছেন তা নয়। এর আগেও তিনি বহুবার গাছে উঠেছেন সেরা শটটি তোলার জন্যে। ভিষ্ণু হোয়াইটরাম্পের তোলা আরো দুটি বিয়ের ছবি এরকম আরো কিছু বিয়ের ছবি যা আলোচিত হয়েছে: আলোচিত আরেকটি বিয়ের ছবি আলোচিত আরেকটি বিয়ের ছবি আলোচিত আরেকটি বিয়ের ছবি",বিয়ের ছবি তোলেন এরকম একজন ফটোগ্রাফার এক দম্পতির জীবনের বিশেষ দিনের কিছু মুহূর্তের ছবি তুলতে গিয়ে এরকম বেপরোয়া হয়ে উঠতে পারেন সেটা হয়তো অনেকের কল্পনারও বাইরে।,একজন ওয়েডিং ফটোগ্রাফার এক দম্পতির বিয়ের ছবি তুলতে গিয়ে তার ক্যামেরা তুলে দেন বরের হাতে। এরপর সেটি ছড়িয়ে পড়েছে ইন্টারনেটে।,0.34782608695652173,0.22727272727272727,0.3043478260869565,0.7397589,20,26
"নবীর ব্যঙ্গচিত্র প্রদর্শন বিতর্কে মিস্টার ম্যাক্রঁর মন্তব্যে ক্ষুব্ধ হন অনেক মুসলিম আল জাজিরা টেলিভিশনকে দেয়া এক সাক্ষাৎকারে প্রেসিডেন্ট ম্যাক্রঁ এই মন্তব্য করেছেন। গত শুক্রবার ফ্রান্সের নিস শহরে এক ব্যক্তি ছুরি হাতে হামলা চালিয়ে তিন জনকে হত্যার ঘটনার পটভূমিতে প্রেসিডেন্ট ম্যাক্রঁ একথা বললেন। নিস শহরের ঐ ঘটনা ছিল ফ্রান্সে এক মাসের সামান্য বেশি সময়ের মধ্যে তৃতীয় সন্দেহভাজন ইসলামী জঙ্গি হামলা। ইসলামের নবীর ব্যঙ্গচিত্র প্রদর্শনকে কেন্দ্র করে ফ্রান্সের সঙ্গে মুসলিম দেশগুলোর তীব্র বিতর্ক চলছে। প্রেসিডেন্ট ম্যাক্রঁ 'মত প্রকাশের স্বাধীনতার' প্রেক্ষাপটে এই ব্যঙ্গচিত্র প্রদর্শনের অধিকার আছে বলে যুক্তি দেয়ার পর তা মুসলিমদের ক্ষিপ্ত করে। তখন অনেকে ফরাসী পণ্য বর্জনের ডাক দেয়। গত মাসের শুরুতে ফ্রান্সের এক স্কুল শিক্ষক ক্লাসে তার ছাত্রদের এই ব্যঙ্গচিত্রটি দেখিয়েছিলেন। এরপর ঐ শিক্ষককে শিরশ্ছেদ করে হত্যা করা হয়। নিসের হামলার ঘটনার সূত্রে তিউনিসিয়ায় দু'জনকে জিজ্ঞাসাবাদের জন্য আটক করা হয়েছে বলে জানিয়েছে দেশটির সরকারি বার্তা সংস্থা। নিসের হামলাকারী ছিল তিউনিসিয়ার নাগরিক। ফ্রান্সের স্বরাষ্ট্রমন্ত্রী জানিয়েছেন, তারা আরও জঙ্গি হামলা হতে পারে বলে আশংকা করছেন। নিসের ঘটনার পর লিঁও শহরে আরেকটি হামলা হয়। সেখানে অর্থোডক্স চার্চের এক পাদ্রি হামলায় আহত হন। তবে হামলাকারি সম্পর্কে বিস্তারিত কিছু জানা যায়নি। সাক্ষাৎকারে যা বলেছেন প্রেসিডেন্ট ম্যাক্রঁ নিস শহরে হামলায় নিহত হয় তিনজন আল জাজিরাকে দেয়া সাক্ষাৎকারে প্রেসিডেন্ট ম্যাক্রঁ বলেছেন, মুসলিম বিশ্বে তার কথা নিয়ে যে এরকম তীব্র প্রতিক্রিয়া হয়েছে, তার কারণ হচ্ছে লোকে ভুল করে ভেবেছেন তিনি নবীর ব্যঙ্গচিত্রকে সমর্থন করেছেন। অথবা তারা মনে করেছেন ফরাসী সরকারই বুঝি এই ব্যঙ্গচিত্র তৈরি করেছে। ""যে ধরণের অনুভূতি প্রকাশ করা হচ্ছে আমি সেটা বুঝতে পারি এবং আমি তাদের শ্রদ্ধা করি। কিন্তু আমার ভূমিকাটিও আপনাদের বুঝতে হবে। এখানে দুটি বিষয়: শান্তি ফিরিয়ে আনা এবং কিন্তু সেই সঙ্গে অধিকার রক্ষা করা।"" যারা নবীর ব্যঙ্গচিত্র একেঁছেন তাদের বাকস্বাধীনতার প্রতি ইঙ্গিত করে বলছিলেন তিনি। ""আজকের বিশ্বে কিছু মানুষ আছেন যারা ইসলামকে বিকৃত করেন এবং এই ধর্মের নামেই, যেটিকে তারা রক্ষা করছেন বলে দাবি করেন, তারা মানুষকে হত্যা করেন, জবাই করেন --- ইসলামের নামে কিছু চরমপন্থী আন্দোলন এবং ব্যক্তি সহিংসতার চর্চা করেন।"" মি. ম্যাক্রঁ বলেন, ব্যঙ্গচিত্র নিয়ে ক্ষোভের কারণে এখন ফরাসী পণ্য বর্জনের যে প্রস্তাব করা হয়েছে সেটা অর্থহীন এবং অগ্রহণযোগ্য। যে পটভূমিতে প্রেসিডেন্ট ম্যাক্রঁ একথা বললেন: নবীর কার্টুন বিতর্কে প্রেসিডেন্ট এরদোয়ান মিস্টার ম্যাক্রঁর মানসিক স্বাস্থ্য নিয়ে প্রশ্ন তোলেন। বৃহস্পতিবার নিস শহরে ছুরিকাঘাতে হত্যা করা হয়েছিল তিনজনকে। হামলাকারী ছিলেন তিউনিসিয়ার নাগরিক, যিনি আগের রাতে নিস শহরে আসেন। এ ঘটনার পর ফ্রান্সে সর্বোচ্চ জাতীয় নিরাপত্তা সতর্কতা জারি করা হয়। সব ধর্মীয় উপাসনাস্থলে এবং স্কুলে নিরাপত্তা জোরদার করা হয়। আরও পড়ুন: এর আগে গত মাসের শুরুতে প্যারিসের উপকন্ঠে স্যামুয়েল প্যাটি নামে এক স্কুল শিক্ষককে হত্যা করা হয়। তিনি ইসলামের নবীর বিতর্কিত ব্যঙ্গচিত্র ক্লাসে তার ছাত্রদের সামনে প্রদর্শন করেছিলেন। এই হামলার পর প্রেসিডেন্ট ম্যাক্র মন্তব্য করেছিলেন, ফ্রান্স কখনো সহিংসতার কাছে নতি স্বীকার করবে না। এই ঘটনার জের ধরে ফ্রান্সের সঙ্গে মুসলিম দেশগুলোর সম্পর্কে উত্তেজনা তৈরি হয়েছিল। বাংলাদেশসহ কিছু দেশে প্রেসিডেন্ট ম্যাক্রঁর কুশপুত্তলিকা দাহ করা হয়। তুরস্কের প্রেসিডেন্ট রেজেপ তাইয়েপ এরদোয়ান মিস্টার ম্যাক্রঁর মানসিক স্বাস্থ্য সম্পর্কে প্রশ্ন তোলেন। এরপর প্রেসিডেন্ট এরদোয়ানের সঙ্গে প্রেসিডেন্ট ম্যাক্রঁর বাকযুদ্ধ শুরু হয়ে যায়।","ফরাসী প্রেসিডেন্ট এমানুয়েল ম্যাক্রঁ বলেছেন, ইসলামের নবীকে নিয়ে আঁকা বিতর্কিত ব্যঙ্গচিত্রের কারণে মুসলিমরা কেন এতটা ক্ষুব্ধ হয়েছিল সেটা তিনি বুঝতে পারেন। তবে এর কারণে সহিংসতার যুক্তি তিনি কোনদিনই মানতে পারবেন না।","ফ্রান্সের প্রেসিডেন্ট এমানুয়েল ম্যাক্রঁ বলেছেন, মুসলিমদের ইসলামের নবীর ব্যঙ্গচিত্র প্রদর্শনের অধিকার আছে।",0.2325581395348837,0.14634146341463417,0.2325581395348837,0.80265445,12,31
"দিল্লির কাছে একটি কারখানায় ঢোকার আগে স্ক্রিনিংয়ের অপেক্ষায় শ্রমিকরা। মে, ২০২০ সবচেয়ে বড় পরিবর্তন এনেছে ভারতের সর্বাধিক জনবহুল রাজ্য উত্তরপ্রদেশ – তারা তিন বছরের জন্য সেখানে কার্যত সব শ্রম আইনই মুলতুবি করে দিয়েছে। ফলে সেখানে ইচ্ছেমতো শ্রমিক ছাঁটাই করা যাবে, এমন কী ন্যূনতম পারিশ্রমিক দিতেও মালিকরা বাধ্য থাকবেন না। রাজ্যগুলো যুক্তি দিচ্ছে, অর্থনীতির চাকা ঘুরিয়ে নতুন পুঁজি আনার জন্য শ্রমিকের অধিকারে এই ধরনের কাটছাঁট করা ছাড়া উপায় নেই – কিন্তু বিরোধীরা ও শ্রমিক সংগঠনগুলি এই পদক্ষেপের তীব্র সমালোচনা করছে। বস্তুত গত চার-পাঁচদিনের ভেতরে ভারতে মধ্যপ্রদেশ, গুজরাট, পাঞ্জাব, রাজস্থান বা ওড়িশার মতো একের পর এক রাজ্য তাদের শ্রম আইনে পরিবর্তন এনে শিল্প মালিকদের নানা সুবিধে করে দিয়েছে। তবে এখানেও সবাইকে ছাপিয়ে গেছে উত্তরপ্রদেশের যোগী আদিত্যনাথ সরকার। যখন খুশি ছাঁটাই, যা খুশি পারিশ্রমিক উত্তরপ্রদেশের শ্রমমন্ত্রী স্বামীপ্রসাদ মৌর্য তারা এই লকডাউনের মধ্যেও এমন একটি অর্ডিন্যান্স এনেছে, যা সে রাজ্যে শ্রমিকদের প্রায় সব অধিকারই তিন বছরের জন্য স্থগিত করে দিয়েছে। এর ফলে সেখানে 'মিনিমাম ওয়েজেস' বা ন্যূনতম পারিশ্রমিক আইনও বলবৎ হবে না, ছাঁটাইয়ের বিরুদ্ধে কর্মীরা আপিল করতে পারবেন না। এমন কী কলকারখানায় নিরাপদ কর্মপরিবেশ সৃষ্টিরও কোনও দায় থাকবে না শিল্প মালিকদের। উত্তরপ্রদেশের শ্রমমন্ত্রী স্বামীপ্রসাদ মৌর্য বলছেন, ""যারা শ্রমিকদের জন্য কুমীরের কান্না কাঁদছেন তাদের বোধহয় এটা জানা নেই যে রাজ্যের শ্রমিকদের কল্যাণে নতুন লগ্নি টানতেই আমরা এই পদক্ষেপ নিয়েছি।"" ""যাতে আরও বেশি সংখ্যায় মানুষ রোজগার পান, বন্ধ হয়ে যাওয়া পুরনো কলকারখানা আবার খোলে – এবং উত্তরপ্রদেশের মানুষকে রুটিরুজির সন্ধানে অন্য রাজ্যে যেতে না-হয় সেই জন্যই আমরা এই অর্ডিন্যান্স এনেছি।"" শ্রমিক সংগঠনগুলোর প্রতিবাদ অনুরূপভাবে আর একটি বিজেপি শাসিত রাজ্য মধ্যপ্রদেশেও আগামী তিন বছর মালিকদের 'ইচ্ছেমতো' নিয়োগ ও ছাঁটাইয়ের স্বাধীনতা দেওয়া হয়েছে, বলা হয়েছে শ্রম দফতর এ ব্যাপারে কোনও হস্তক্ষেপ করবে না। ত্রিপুরাতে সরকার দৈনিক সর্বোচ্চ কাজের মেয়াদ বারো ঘন্টা করারও প্রস্তাব এনেছে। দেশের সবগুলো ট্রেড ইউনিয়ন এইসব পদক্ষেপের বিরুদ্ধে সরব হয়েছে। গুজরাটের একটি স্লিপার কারখানা। শ্রম আইনে পরিবর্তন এনেছে গুজরাটও এমন কী আরএএসের শ্রমিক শাখা 'ভারতীয় মজদুর সঙ্ঘ' (বিএমএস) পর্যন্ত হুঁশিয়ারি দিয়েছে এই ধরনের 'জঙ্গলরাজ' মেনে নেওয়া সম্ভব নয়। কংগ্রেস নেতা রাহুল ও প্রিয়াঙ্কা গান্ধীও এই পদক্ষেপের তীব্র নিন্দা করেছেন। উত্তরপ্রদেশে কংগ্রেসের পরিষদীয় দলনেতা অনুরাধা মিশ্রর কথায়, ""হ্যাঁ, শিল্প অবশ্যই পুনস্থাপিত করতে হবে – কিন্তু সেটা কিছুতেই গরিব মজদুরদের রক্তের বিনিময়ে হতে পারে না!"" ""করোনাভাইরাস মহামারিতে সবচেয়ে যারা ক্ষতিগ্রস্ত হয়েছেন তারা আমাদের এই শ্রমিকরা – এখন উত্তরপ্রদেশ সরকার কি মরার ওপর খাঁড়ার ঘা দিতে চাইছে?"" ""তাদের সব অধিকার কেড়ে নেওয়া হচ্ছে – কাজের সময়, সুরক্ষা কিছুরই বালাই নেই!"" স্বাগত জানাচ্ছে শিল্প মহল করোনাভাইরাস নিয়ে আপনার যা জানা প্রয়োজন নিজেকে যেভাবে নিরাপদ রাখবেন করোনাভাইরাস থেকে নতুন করোনাভাইরাস কত দ্রুত ছড়ায়? কতটা উদ্বেগের? টাকার মাধ্যমে করোনাভাইরাস ছড়াতে পারে কি? কোথায় কতোক্ষণ বেঁচে থাকে কোভিড-১৯ এর জীবাণু, নির্মূলের উপায় কোভিড-১৯ বিপর্যয় শুরু হওয়ার অনেক আগে থেকেই ভারতের শিল্প মহল কঠিন সময়ের মধ্যে দিয়ে যাচ্ছিল – এখন সেই সঙ্কট আরও গভীর হয়েছে। ফলে দেশের বাণিজ্য ও শিল্প জগতের দিকপালরা কিন্তু এই সব পরিবর্তনকে স্বাগত জানাচ্ছেন – তারা যুক্তি দিচ্ছেন শ্রম আইনের পরিবর্তনের ফলে দেশের শিল্পজগৎ একটা 'লাইফলাইন' পেলেও পেতে পারে। দেশের শীর্ষ বণিক সংগঠন সিআইআই-এর সাবেক চেয়ার প্রদীপ ভার্গবের কথায়, ""আমার ব্যবসায় ভাঁটা পড়লে আমি সাপ্লায়ারদের কাছ থেকে অর্ডার কমিয়ে দিতে পারি। ব্যবসায় সুদিন এলে ব্যাঙ্ক থেকে বাড়তি লোন চাইতে পারি।"" ""এমন কোনও আইন নেই যা বলে ব্যবসায় ভাল-মন্দ যা-ই হোক তোমাকে একই অর্ডার দিয়ে যেতে হবে, একই পরিমাণ ঋণ নিয়ে যেতে হবে।"" ""শুধু এই নিয়োগের ক্ষেত্রে এসে বলা হচ্ছে ব্যবসার অবস্থা যা-ই হোক, তোমার কর্মী কমানো চলবে না।"" ""তো এই বিচিত্র আইন তো পাল্টানোই দরকার, তাই না? শিল্প আগে বাঁচলে তবে না শ্রমিকদের বাঁচার প্রশ্ন আসে!"" বিজেপিও যুক্তি দিচ্ছে, মহামারির পরে ভারতকে একটি সফল 'ম্যানুফ্যাকচারিং হাব' বা উৎপাদন কেন্দ্র হিসেবে গড়ে তুলতে হলে শ্রম আইনে এই ধরনের 'সংস্কার' অপরিহার্য। তবে শ্রমিক নেতারা মনে করছেন, রাতারাতি ভারতকে কখনওই চীনের মতো ম্যানুফ্যাকচারিং হাবে পরিণত করা সম্ভব নয় – আর সে চেষ্টা করতে হলে দেশের গরিব মজদুরদেরই তার মূল্য চোকাতে হবে।","ভারতে কোভিড-১৯র বিরুদ্ধে লড়ার জন্য যখন গোটা দেশ জুড়ে লকডাউন চলছে, তারই মধ্যে দেশে একের পর এক রাজ্য শিল্প মালিকদের স্বার্থে শ্রম আইনে ব্যাপক পরিবর্তন নিয়ে এসেছে।",করোনাভাইরাসের সংক্রমণ ঠেকাতে ভারতের বেশ কয়েকটি রাজ্য তাদের শ্রম আইনে নানা বিধিনিষেধ আরোপ করেছে।,0.14634146341463417,0.05128205128205129,0.14634146341463417,0.729734,14,27
"বাংলাদেশের বেশিরভাগই সোনাই আসে চোরাই পথে। অভিযোগ রয়েছে, বাংলাদেশে যে বিপুল পরিমাণ স্বর্ণের কেনাবেচা হয় তার একটা বড় অংশ আসে চোরাই পথে। এবং বিরাট এই ব্যবসা থেকে সরকার কোন শুল্ক পায় না। বাংলাদেশে স্বর্ণ আমদানির লাইসেন্স পাওয়ার আবেদনপত্র বিতরণের বিষয়টি স্বর্ণ নীতিমালা ২০১৮-র একটি অংশ হিসেবে এসেছে। গত বছর অক্টোবরে মন্ত্রিসভায় নীতিমালাটি অনুমোদিত হয়। আবেদনপত্র বিতরণ শুরু হয়েছে চলতি বছর ১৮ই মার্চ থেকে। কিন্তু কতজন এখন পর্যন্ত এই আবেদন পত্র নিয়েছেন? বাংলাদেশ ব্যাংকের মুখপাত্র সিরাজুল ইসলাম বলছিলেন, এখন পর্যন্ত কেউ এই আবেদনপত্র সংগ্রহ করেনি। তবে তিনি আশ্বস্ত করেন এই বলে যে লাইসেন্স প্রথা চালু হলে মানুষ হয়রানির শিকার হবেন না। ""সরকারের যে নিয়ম আছে, যেমন শুল্ক দেয়া হয়, তাহলে এখানে অন্য কোন সমস্যা থাকার কথা না,"" তিনি বলছেন, ""বরং এই লাইসেন্স দেয়ার ফলে ব্যক্তি পর্যায়ে মানুষ হয়রানি মুক্ত হবে । এবং সরকার লাভবান হবে কারণ সরকার এখান থেকে শুল্ক পাবে।"" বাংলাদেশে স্বর্ণ নীতিমালা তৈরি হয় ২০১৮ সালে। এই লাইসেন্স নিতে হলে এক কোটি টাকার মূলধন, ট্রেড লাইসেন্সসহ সরকারের সংশ্লিষ্ট অন্যান্য লাইসেন্স থাকতে হবে এবং ব্যাংকে অফেরতযোগ্য পাঁচ লক্ষ টাকা পে অর্ডার হিসেবে জমা দিতে হবে। এই আবেদনপত্র যেকোন প্রতিষ্ঠান বা ব্যক্তি নিতে পারেন। এদিকে সরকারি উদ্যোগকে স্বাগত জানালেও দুটি ইস্যুকে তুলে ধরেছেন স্বর্ণ ব্যবসায়ীরা। তাদের সংগঠন বাংলাদেশ জুয়েলারি ম্যানুফ্যাকচারার্স অ্যান্ড এক্সপোর্ট এসোসিয়েশন বলছে, প্রথমেই সরকারকে সহনশীল মাত্রায় শুল্ক নির্ধারণ করতে হবে। তা না হলে ক্ষতির মুখে পড়বে ব্যবসায়ীরা। এই সমিতির সভাপতি আনোয়ার হোসেন বলছিলেন, বাংলাদেশে সোনার দাম বেশি হলে মানুষ ভারতে গিয়ে সোনা কেনে। ""সেজন্যই আমরা বলছি, একটি মনিটরিং কমিটি গঠন করতে হবে এবং পার্শ্ববর্তী দেশের সাথে সঙ্গতি রেখে শুল্ক নির্ধারণ করতে হবে।"" ""ইন্টারন্যাশনাল মার্কেটে সাধারণত স্বর্ণের দাম বাংলাদেশের চেয়ে কম। ব্যাংক থেকে ইস্যু করা পিওর সোনার ওপর সরকার একটা শুল্ক বসায়। সেটাতেও দাম কিছুটা বাড়ে,"" তিনি আরো বলছিলেন, ""আমাদের কথা হল - এসব করে দামটা যেন আমাদের পার্শ্ববর্তী দেশের তুলনায় না বেড়ে যায়।"" স্বর্নের গহণা তৈরির শিল্পে জড়িত রয়েছে বহু মানুষ। আরও পড়তে পারেন: গান কেন ছেড়ে দিয়েছিলেন শাহনাজ রহমত উল্লাহ সিলেটে বাসের চাকায় ছাত্র পিষ্ট হবার আগের মুহুর্ত চীনে ৫০ কোটি বছর আগের জীবাশ্ম আবিষ্কার গত বছর যখন নীতিমালা প্রণয়ন করা হয় তখন সব পক্ষকেই ডাকা হয়েছিল। সরকার ছাড়াও সেই আলোচনায় স্বর্ণ ব্যবসায়ী ও আমদানিকারকরাও ছিলেন। বৈঠকে তাদের প্রত্যেকের মতামত নেয়া হয়। সেখানে তারা বিশেষভাবে উল্লেখ করেন যে লাইসেন্স দেয়ার ক্ষেত্রে প্রতিষ্ঠিত ব্যবসায়ীদের যেন অগ্রাধিকার দেয়া হয়। তা না হলে প্রস্তাবিত নীতির বাইরে ব্যক্তি-কেন্দ্রিক লাইসেন্স দেয়া হলে তাদের কর্মকাণ্ডের দায়ভার নেয়ার প্রশ্নে প্রতিষ্ঠিত ব্যবসায়ীরা নানা প্রশ্নের মুখে পড়তে হতে পারেন। এদিকে, দুর্নীতি-বিরোধী প্রতিষ্ঠান ট্রান্সপারেন্সি ইন্টারন্যাশনাল-বাংলাদেশ ২০১৭ সালে বাংলাদেশে স্বর্ণ ব্যবসায়ের উপর একটি গবেষণা প্রতিবেদন প্রকাশ করে। সেই প্রতিবেদনে মন্তব্য করা হয় যে স্বর্ণ খাতে আমদানি ও দেশীয় বাজার ব্যবস্থাপনায় স্বচ্ছতা নেই। সেই সঙ্গে পুরো প্রক্রিয়ায় সরকারের নিয়ন্ত্রণ নেই বলেও জানিয়েছিল সংস্থাটি। শুল্ক কম ধার্য করার ব্যাপারে স্বর্ণ ব্যবসায়ীদের দাবির প্রশ্নে টিআইবির নির্বাহী পরিচালক ড. ইফতেখারুজ্জামান বলছিলেন, এটা কমিয়ে আনা উচিত ধাপে ধাপে। ঢাকার একটি গহণার দোকান। ""যে শুল্কের কথা বলা হচ্ছে সেটা চট করে বন্ধ করে দেয়া সমীচীন হবে না। আমরা যেটা প্রস্তাব করেছি পর্যায়ক্রমে বাজারটাকে যদি এমন একটা জায়গায় উন্মুক্ত করা যায় তাহলে ক্রমান্বয়ে শুল্ক অনেক কমিয়ে দেয়া বা একেবারে উঠিয়ে দেয়ার সুযোগ সৃষ্টি হতে পারে,"" তিনি বলছিলেন, ""বিশ্বের অনেক দেশে তেমন উদাহরণ আছে।"" ""তবে সেটা নির্ভর করবে বাজার ব্যবস্থাপনা এবং কীভাবে বাজার নিয়ন্ত্রণ করা হচ্ছে তার ওপর। যেহেতু বিশ্বের অন্যান্য দেশে এমন আছে তাই প্রতিযোগিতার এই বাজারে ব্যবসায়ীদের এই বক্তব্যের যৌক্তিকতা আছে।"" বাংলাদেশে স্বর্ণের চাহিদা রয়েছে বছরে প্রায় ৪০ মেট্রিক টন। যার প্রায় ৩৬ মেট্রিক টন চাহিদা পূরণ করা হয় নানা পথে আনা সোনার মাধ্যমে। এটা হয়ে এসেছে কারণ গত বছর পর্যন্ত বাংলাদেশে এই খাতটি নিয়ে কোন নীতিমালাই ছিল না।",বাংলাদেশে স্বর্ণ আমদানির জন্য লাইসেন্স পাওয়ার আবেদনপত্র বিতরণ শুরু করেছে বাংলাদেশ ব্যাংক।,বাংলাদেশে স্বর্ণ আমদানির লাইসেন্স পাওয়ার আবেদনপত্র বিতরণ শুরু হয়েছে। কিন্তু এখন পর্যন্ত কেউ সংগ্রহ করেনি।,0.5925925925925926,0.4799999999999999,0.5925925925925926,0.86077,15,12
"র‍্যাব বলছে, অবৈধ এসব কারখানায় লম্বা বন্দুক, কাটা বন্দুক এবং শুটারগান তৈরি হতো র‍্যাবের কর্মকর্তা মেজর মেহেদী হাসান বিবিসি বাংলাকে জানিয়েছেন, কালারমারছড়া ইউনিয়নে শনিবার মধ্যরাতে অভিযান চালিয়ে ২০টি বন্দুক, গুলি ও অস্ত্র তৈরির বিপুল পরিমাণ সরঞ্জামসহ দুই ব্যক্তিকে গ্রেপ্তার করা হয়েছে। তিনি জানিয়েছেন, মহেশখালীর বিভিন্ন পাহাড়ি এলাকায় বেশ কয়েকটি অস্ত্র তৈরির কারখানা থাকার তথ্য রয়েছে তাদের কাছে। এর ভিত্তিতেই তারা তাদের অভিযান চালিয়েছে। এসব কারখানায় লম্বা বন্দুক, কাটা বন্দুক এবং শুটারগান তৈরি হতো বলে তিনি জানিয়েছেন। বাংলাদেশে বিভিন্ন সময় দুর্গম পাহাড়ি এলাকায় অস্ত্র তৈরির কারখানা খুঁজে পাবার কথা শোনা যায়। ২০১৭ সালেও মহেশখালীর পাহাড়তলিতে আরেকটি অস্ত্র তৈরির কারখানার সন্ধান পেয়েছিল আইনশৃঙ্খলা রক্ষাকারী বাহিনী। এর আগে ২০১৬ সালে কক্সবাজারের চকরিয়ায় পাওয়া গিয়েছিল একটি অস্ত্র কারখানা। এছাড়া মুন্সীগঞ্জ, ময়মনসিংহ এবং নাইক্ষংছড়িসহ বিভিন্ন জেলায় অস্ত্র তৈরির কারখানা ও সরঞ্জামাদি তৈরির কারখানা পাবার কথা জানিয়েছিল আইন শৃঙ্খলা বাহিনী। কিন্তু দেশে তৈরি এসব অবৈধ অস্ত্রের গন্তব্য কোথায়? চট্টগ্রামের স্থানীয় সাংবাদিক মীর মোঃ আকরাম হোসেন, যিনি দেশীয় অস্ত্র ব্যবসা নিয়ে দীর্ঘদিন ধরে কাজ করছেন, তিনি জানিয়েছেন, মূলত তিন শ্রেণীর ক্রেতা রয়েছে দেশীয় অস্ত্রের। তিনি বলেন, ""অস্ত্রের কারিগররা জানিয়েছেন, মূলত তিন ক্যাটাগরির মানুষ তাদের কাছ থেকে দেশীয় অস্ত্র কেনে। এর মধ্যে রয়েছে রাজনৈতিক নেতা, জলদস্যু এবং রোহিঙ্গাদের কেউ কেউ। নির্বাচনকে সামনে রেখে তাদের অস্ত্রের চাহিদা বৃদ্ধি পাচ্ছে বলেও তারা জানিয়েছে।"" দেশীয় অস্ত্রের মধ্যে একনলা বন্দুক, দোনলা বন্দুক, পাইপগান ও ছোট আকারের পিস্তল বেশি সহজলভ্য আরো পড়তে পারেন: ওয়েস্ট ইন্ডিজকে হারানোর ৫টি মন্ত্র পাকিস্তানের এবারের নির্বাচন সর্ম্পকে যা জানা জরুরী মিশরের প্রাচীন শবাধারের ভেতরে কঙ্কাল রহস্য মিরপুরের বাড়িতে গুপ্তধন রহস্য: পুলিশের খোঁড়াখুঁড়ি ""সর্বনিম্ন পাঁচ হাজার টাকা থেকে দাম শুরু হয় এসব অস্ত্রের, আর সর্বোচ্চ আশি হাজার টাকা পর্যন্ত অস্ত্র রয়েছে তাদের কাছে। আর তারা যদি সরঞ্জাম হাতে পায়, তাহলে একে-ফরটিসেভেন পর্যন্ত বানাতে পারে,"" বলেন তিনি। মিঃ হোসেন জানিয়েছেন, দেশীয় অস্ত্রের মধ্যে একনলা বন্দুক, দোনলা বন্দুক, কাটা বন্দুক, শটগান, পাইপগান এবং ছোট সাইজের পিস্তল বেশি সহজলভ্য। আর এধরনের কারখানা স্থাপনের জন্য সাধারণত গহীন জঙ্গল এবং প্রত্যন্ত কিছু চর অঞ্চলকে বেছে নেয়া হয়। কিন্তু নিরাপত্তা বিশেষজ্ঞরা এসব অবৈধ দেশীয় অস্ত্রের চাহিদা কেবল এই তিনটি শ্রেণীর মধ্যে সীমিত বলে মনে করেন না। দেশীয় বাজারের বাইরে অনেক সময় প্রতিবেশী দেশগুলোর বিচ্ছিন্নতাবাদী বিভিন্ন সংগঠনের কাছেও এসব অস্ত্র বিক্রি হয় বলে মনে করেন অনেকে। বাংলাদেশ ইন্সটিটিউট অব পিস এন্ড সিকিউরিটি স্টাডিজ এর প্রেসিডেন্ট, নিরাপত্তা বিশেষজ্ঞ মেজর জেনারেল (অব) এএনএম মুনীরুজ্জামান বলছেন, ""ক্ষুদ্রাস্ত্র এবং হালকা অস্ত্র চালান করার জন্য বাংলাদেশের ভূমি ক্রমশ অনেক বেশি ব্যবহার করা হচ্ছে। দেশের ভেতরকার বিভিন্ন সন্ত্রাসী গোষ্ঠী আছে এসব ক্ষুদ্রাস্ত্র এবং হালকা অস্ত্র জোগাড় করার চেষ্টা করে।"" ""ইদানীং একটা প্রবণতা দেখা যাচ্ছে, বাংলাদেশের জঙ্গী গোষ্ঠীগুলো বিস্ফোরক দ্রব্য ছাড়াও ক্ষুদ্র অস্ত্র এবং হালকা অস্ত্র সংগ্রহের দিকে তারা নজর দিচ্ছে। এছাড়াও ক্রিমিনাল অর্গানাইজেশন এবং ক্রিমিনাল গ্যাং আছে, যারা চোরাচালানি বা ছিনতাই এর সাথে জড়িত, তারাও এ ধরণের ক্ষুদ্রাস্ত্র কেনে,"" বলেন তিনি। কিন্তু স্থানীয় অস্ত্র তৈরির এসব অবৈধ কারখানা যেহেতু অত্যন্ত গোপনে এবং লোকচক্ষুর অন্তরালে কাজ করে, সে কারণে এ ধরণের অপরাধ প্রতিহত করার জন্য কেবল আইনশৃঙ্খলা বাহিনীর তৎপরতা যথেষ্ট নয় বলে মনে করেন বিশ্লেষকেরা। মি. মুনীরুজ্জামান বলছেন, এজন্য বিভিন্ন বাহিনীর মধ্যে সমন্বয় আরো বাড়াতে হবে, যাতে এক বাহিনীর সংগৃহীত তথ্য অন্য বাহিনীগুলো ব্যবহার করতে পারে। তিনি বলছেন, সেই সঙ্গে সমাজের ভেতর থেকেই এর বিরুদ্ধে সমন্বিত নজরদারি এবং এক ধরনের প্রতিরোধ গড়ে তুলতে হবে।",বাংলাদেশে কক্সবাজারের মহেশখালী উপজেলার দুর্গম পাহাড়ি এলাকায় দুটি অস্ত্র তৈরির 'কারখানার' খোঁজ পেয়েছে র‌্যাব।,বাংলাদেশের দক্ষিণাঞ্চলীয় জেলা মহেশখালী জেলার কালারমারছড়া ইউনিয়নে অস্ত্র তৈরির বিপুল পরিমাণ সরঞ্জামসহ দুই ব্যক্তিকে গ্রেপ্তার করেছে পুলিশ।,0.1935483870967742,0.06896551724137931,0.1935483870967742,0.7261074,17,14
"বিচারপতি এম মোয়াজ্জম হোসেন, বিচারপতি এম ইনায়েতুর রহিম, এবং বিচারপতি কাজী রেজাউল হকের বেঞ্চ আজ এই রায় ঘোষণা করেছেন। বাংলাদেশের গণপ্রতিনিধিত্ব আইন অনুযায়ী নির্বাচন কমিশনে নিবন্ধন না থাকলে কোন রাজনৈতিক দল নির্বাচনে অংশ নিতে পারে না। তাই এ রায় বহাল থাকলে আগামী জাতীয় সংসদ নির্বাচনে জামায়াতে ইসলামী অংশগ্রহণ করতে পারবে না। তবে জামায়াত ইতিমধ্যেই এ রায়ের বিরুদ্ধে আপিল করেছে। জামায়াতে ইসলামীর আইনজীবী আবদুর রাজ্জাক বিবিসিকে বলেছেন, তারা আপিল করেছেন এবং এর মধ্যে দিয়ে তারা রায় স্থগিতের আদেশ পাবার চেষ্টা করবেন।স্থগিতাদেশ পেলে জামায়াতে ইসলামীর নির্বাচনে অংশ নিতে কোন বাধা থাকবে না বলে তিনি উল্লেখ করেন। জামায়াতে ইসলামীর একজন নেতা এবং সাবেক সংসদ সদস্য আবদুল্লাহ মোহাম্মদ তাহেরের প্রতিক্রিয়া শুনুন এখানে> এ রায়ের প্রতিবাদে সংগঠনটি আগামী ১২ই আগস্ট থেকে ৪৮ ঘন্টার হরতালও ডেকেছে। নির্বাচন কমিশনের একজন আইনজীবী মোহসিন রশিদ বিবিসি বাংলাকে বলেছেন, আদালতের রায়ে নিবন্ধন বাতিল হলে জামায়াতে ইসলামী তাদের নির্ধারিত প্রতীক পাবার অধিকার এবং রাষ্ট্রীয় গণমাধ্যমে প্রচারের সময় পাবার অধিকার হারাবে। ২০০৯ সালে জামায়াতের নিবন্ধনের বৈধতা চ্যালেঞ্জ করে অন্য কয়েকটি ইসলামপন্থী সংগঠনের ২৫ জন নেতার এক আবেদনের পর হাইকোর্টের জারি করা রুলের ওপর শুনানি শেষে এ রায় হলো। ওই আবেদনে অভিযোগ করা হয়েছিল যে জামায়াতে ইসলামীর আদর্শ ও ভাবধারা বাংলাদেশের সংবিধানের সঙ্গে সাংঘর্ষিক। আজ উচ্চ আদালতের সংক্ষিপ্ত রায়ে বলা হয়, নির্বাচন কমিশনে রাজনৈতিক দল হিসেবে জামায়াতে ইসলামীর যে নিবন্ধন তা অবৈধ এবং বাতিল বলে ঘোষিত হলো। জামায়াতে ইসলামীর আইনজীবীরা বলেছেন, তারা এ রায়ের বিরুদ্ধে আপিল করেছেন। ২০০৮ সালে জামায়াতে ইসলামী নির্বাচন কমিশনে রাজনৈতিক দল হিসেবে নিবন্ধিত হয়েছিল। আইনানুযায়ী কোন দল নিবন্ধিত না হলেও সংগঠন হিসেবে সক্রিয় থাকতে পারে, কিন্তু নির্বাচনে অংশ নিতে পারে না।",বাংলাদেশে ইসলামপন্থী রাজনৈতিক দল হিসেবে জামায়াতে ইসলামীর নিবন্ধন অবৈধ বলে ঘোষণা করেছে হাইকোর্ট।,বাংলাদেশের উচ্চ আদালত আজ এক রায়ে জাতীয় সংসদ নির্বাচনে জামায়াতে ইসলামীর নিবন্ধন বাতিল করেছে।,0.22222222222222224,0.16,0.22222222222222224,0.7838439,14,13
"উপকূলীয় জেলা ভোলায় ঘটেছে এই ঘটনা বোরহানউদ্দিন থানার দায়িত্বরত কর্মকর্তা এসআই জাফর ইকবাল জানান, একজন মেজরসহ ৪০ সদস্যের একটি বিজিবি'র একটি দল এরইমধ্যে ঘটনাস্থলে এসে পৌঁছেছে। এছাড়া রাস্তায় রয়েছে আরো ৬০ জনের একটি দল। তিনি বলেন, সংঘর্ষের পর পুলিশের ডিজিপি এবং র‍্যাব বোরহানউদ্দিনে পৌঁছেছে। এছাড়া অন্য জেলাগুলো থেকেও অতিরিক্ত বাহিনী নিয়ে আসা হচ্ছে। সংঘর্ষের পর দুপুরের পর থেকেই বিক্ষোভকারীরা ছত্রভঙ্গ হতে শুরু করে। বর্তমানে পরিস্থিতি শান্ত রয়েছে বলেও জানান মিস্টার ইকবাল। ৬ দফা দাবি এদিকে, আন্দোলনকারীদের একজন ও ইসলামী আন্দোলন বাংলাদেশের এক নেতা মাওলানা তরিকুল ইসলাম জানান, রোববারের সংঘর্ষের পর ফেসবুক আইডি'র মালিক ওই যুবকের ফাঁসি, স্থানীয় থানার এসপি এবং ওসিকে অপসারণসহ ৬ দফা দাবি তুলে ধরেছেন বিক্ষোভকারীরা। মিস্টার ইসলাম জানান, সবশেষ দাবিতে বলা হয়েছে যে, আগামী ২৪ ঘণ্টার মধ্যে তাদের এই দাবি-দাওয়া বাস্তবায়ন করা না হলে আরো জনসভা এবং আন্দোলন চালিয়ে যাবেন তারা। বিক্ষোভের কারণ কী? পুলিশ বলছে, ফেসবুকে ইসলামের নবীকে নিয়ে কটুক্তি করে দেয়া কথিত একটি পোস্টকে ঘিরে বোরহানউদ্দিনে গত তিনদিন ধরে বিক্ষোভ চলছে। বিষয়টি নিয়ে পুলিশের উচ্চপদস্থ কর্মকর্তারা গ্রামবাসীর সঙ্গে কয়েক দফায় আলোচনা চালিয়ে আসছেন। রোববার সকালে এরকম এক বৈঠকের সময় পুলিশের সঙ্গে গ্রামবাসীর সংঘর্ষ বেধে গেলে, এক পর্যায়ে পুলিশ গুলি চালায়। বোরহানউদ্দিন থানার সাবইন্সপেক্টর মোহাম্মদ জাফর ইকবাল বিবিসিকে মোট চারজন মানুষ নিহত হবার খবর নিশ্চিত করেছেন। তিনি জানিয়েছেন, বোরহানউদ্দিন বাজারে সংঘর্ষের ঘটনায় ১০জন পুলিশ সদস্য আহত হয়েছেন, যাদের একজনের অবস্থা গুরুতর। হাজার হাজার মানুষের সমাবেশ সাবইন্সপেক্টর মোহাম্মদ জাফর ইকবাল জানান, রবিবার সকাল দশটা হতে ঈদগাহ ময়দানে হাজার হাজার মানুষের বিক্ষোভ চলছিল। গতকাল হতে বিভিন্ন ইসলামী সংস্থা এই সমাবেশের পক্ষে মাইকে প্রচারণা চালায়। ঈদগাহ মাঠের কাছেই একটি মাদ্রাসার কক্ষে পুলিশের এডিশনাল ডিআইজি সহ অন্যান্য কর্মকর্তারা বৈঠক করছিলেন। জাফর ইকবাল জানান, একজন পুলিশ সদস্য টয়লেটে যাওয়ার জন্য নীচে নামলে তার দিকে স্যান্ডেল ছুড়ে মারে বিক্ষোভকারীরা এবং 'ধর ধর' বলে ছুটে আসে। এরপরই সংঘর্ষ বেধে যায়। তিনি জানান, সেখানে তখন মাত্র তিরিশ জন পুলিশ সদস্য ছিল। এই সংঘর্ষে ১৯জন গ্রামবাসী আহত হবার খবর পেয়েছেন বলে জানিয়েছেন মিঃ ইকবাল। পুলিশি হেফাজতে অভিযুক্ত যুবক পুলিশ জানিয়েছে, যার ফেসবুক পোস্ট থেকে এ পরিস্থিতি তৈরি হয়েছে, তাকে পুলিশ হেফাজতে নেয়া হয়েছে। তবে স্থানীয় সাংবাদিক আদেল হোসেন তপু জানান, ওই যুবক থানায় গিয়ে এক অভিযোগে বলে যে, তার আইডি হ্যাক করে তার নামে অন্য কেউ এসব তথ্য ছড়িয়েছে। এ বিষয়ে থানায় সাধারণ ডায়েরি করতে গেলে ওই যুবককে পুলিশ হেফাজতে নেয় বলেও জানান মি. তপু।",ফেসবুক পোস্ট নিয়ে পুলিশ ও বিক্ষোভকারীদের মধ্যে সংঘর্ষে ৪ জন নিহত হওয়ার পর ভোলার বোরহানউদ্দিনে বিজিবি ও কোস্টগার্ড মোতায়েন করা হয়েছে।,বাংলাদেশের উপকূলীয় জেলা ভোলার বোরহানউদ্দিনে ফেসবুকে ইসলামের নবীকে নিয়ে কটুক্তি করে দেয়া কথিত পোস্টকে ঘিরে বিক্ষোভকারীদের সঙ্গে পুলিশের সংঘর্ষ হয়েছে।,0.24390243902439024,0.05128205128205128,0.14634146341463414,0.7670842,20,21
"ওবামা প্রশাসন গত বছর সেনাবাহিনীতে প্রকাশ্যেই তৃতীয় লিঙ্গের মানুষদের অন্তর্ভুক্ত করার নীতি নিয়েছিল। এক টুইট বার্তায় তিনি বলেছেন, সামরিক বিশেষজ্ঞদের সাথে তিনি আলোচনা করেছেন এবং এ কারণে 'ডাক্তারি খরচ ও কাজে বিঘ্নও' ঘটছে। প্রেসিডেন্ট ট্রাম্পের এমন পদক্ষেপে সাবেক প্রেসিডেন্ট বারাক ওবামা প্রশাসনের নীতি উল্টে যাচ্ছে। ট্রাম্প আমলে এসে আগের সরকারের সেই পরিকল্পনা ছয় মাসের জন্য স্থগিত করেছিলেন বর্তমান প্রতিরক্ষামন্ত্রী জেমস ম্যাটিস। আর এখন প্রেসিডেন্ট ট্রাম্প বুধবার এক টুইটে তৃতীয় লিঙ্গের মানুষদেরকে সেনাবাহিনীতে না নেওয়ার কথা বললেন। মি: ট্রাম্প বলেছেন, ""আমাদের সামরিক চূড়ান্ত লক্ষ্য থাকতে হবে বাহিনীকে যুদ্ধ জয়ের দিকে। সেদিকে দৃষ্টি রেখেই তাদের এগিয়ে যেতে হবে। তাদের ওপর বিপুল ডাক্তারি খরচের বোঝা চাপানো যায় না কিংবা তাদের কাজে কোনো ধরনের বিঘ্নও ঘটতে দেওয়া যায় না।"" এছাড়া কয়েকজন রিপাবলিকানও সামরিক বাহিনীতে তৃতীয় লিঙ্গের মানুষদের কাজ করার বিরোধিতা করেছেন। মার্কিন সেনাবাহিনীতে তৃতীয় লিঙ্গের ব্যক্তিদের সম্পৃক্ততা নিয়ে গত বছর 'দ্য ইন্ডিপেন্ডেন্ট র‌্যান্ড করপোরেশন' এর এক হিসাবে বলা হয়েছে, মার্কিন বাহিনীতে ১২ লাখ সক্রিয় সদস্যের মধ্যে ২ হাজার ৪৫০ জন তৃতীয় লিঙ্গের মানুষ আছে। মি: ট্রাম্পের সমালোচনাকারীরা বলছেন, নির্বাচনী প্রচারণাকালে যুক্তরাষ্ট্রে সমলিঙ্গের মানুষদের অধিকারের বিষয়ে সমর্থনের যে কথা বলেছিলেন ডোনাল্ড ট্রাম্প , এখনকার এই সিদ্ধান্তে ব্যতিক্রম রূপই প্রকাশ পাচ্ছে। তখন তিনি বলেছিলেন ""আমি আপনাদের জন্য লড়াই করবো""। বিবিসি বাংলায় আরো পড়ুন: ‘নেহরু ছাড়া ভারতে অন্য কোনো চিন্তাবিদ নেই না কি?’ 'পানির নীচে রাস্তা ভালো', ট্রাফিকের সাইনবোর্ড যুক্তরাজ্যে নিষিদ্ধ হবে পেট্রোল ও ডিজেলচালিত গাড়ি স্বামীগৃহ হারাচ্ছেন মিয়ানমারের ধর্ষিতা রোহিঙ্গা নারীরা","যুক্তরাষ্ট্রের প্রেসিডেন্ট ডোনাল্ড ট্রাম্প বলেছেন, দেশটির সেনাবাহিনীতে তৃতীয় লিঙ্গের মানুষেরা কোনোভাবেই কাজ করতে পারবে না ।",মার্কিন প্রেসিডেন্ট ডোনাল্ড ট্রাম্প সেনাবাহিনীতে তৃতীয় লিঙ্গের মানুষদের অন্তর্ভুক্ত না করার সিদ্ধান্ত নিয়েছেন।,0.4827586206896552,0.2962962962962963,0.4827586206896552,0.8480079,13,16
"ব্যাপক শক্তি নিয়ে উড়িষ্যা উপকূলের দিকে ধেয়ে যাচ্ছে অতিপ্রবল ঘূর্ণিঝড় ফণী আবহাওয়া অধিদপ্তর থেকে জানানো হয়েছে, শুক্রবার দুপুর নাগাদ ঝড়টি ভারতে আঘাত হানতে পারে। সন্ধ্যায় সেটি বাংলাদেশের উপকূলে আঘাত করতে পারে। বাংলাদেশে মংলা ও পায়রা সমুদ্রবন্দরকে চার নম্বর স্থানীয় হুঁশিয়ারি সংকেত নামিয়ে তার পরিবর্তে সাত নম্বর বিপদ সংকেত দেখাতে বলা হয়েছে। আর চট্টগ্রাম বন্দরকে ৬ নম্বর বিপদ সংকেত এবং কক্সবাজার এর জন্য ৪ হুঁশিয়ারি সংকেত থাকবে। আরো পড়ুন: শক্তিশালী হচ্ছে ফণী, ৫-৬ ফুট উচ্চতার জলোচ্ছ্বাসের আশঙ্কা ঘূর্ণিঝড়ের ফণী নামটি কোথা থেকে এলো? যে কারণে ঘন ঘন ঘূর্ণিঝড় হচ্ছে প্রাকৃতিক দুর্যোগের সময় আবহাওয়া অফিস থেকে সতর্কতা হিসাবে যেসব সংকেত জারি করা হয়, সেগুলোর কোনটার কী মানে? এ বিষয়ে একটি ব্যাখ্যা দিয়েছে আবহাওয়া অধিদপ্তর। ১ থেকে ১১ এর সংক্ষিপ্ত অর্থ: আরো শক্তিশালী হয়েছে ঘূর্ণিঝড় ফণী। ১ নং দূরবর্তী সতর্ক সংকেত: জাহাজ ছেড়ে যাওয়ার পর দুর্যোগপূর্ণ আবহাওয়ার সম্মুখীন হতে পারে। দূরবর্তী এলাকায় একটি ঝড়ো হাওয়ার অঞ্চল রয়েছে। এ সময় বাতাসের গতিবেগ ঘণ্টায় ৬১ কিলোমিটার (কি.মি.)। ফলে সামুদ্রিক ঝড়ের সৃষ্টি হবে। ২ নং দূরবর্তী হুঁশিয়ারি সংকেত: দূরে গভীর সাগরে একটি ঝড় সৃষ্টি হয়েছে। সেখানে বাতাসের একটানা গতিবেগ ঘণ্টায় ৬২-৮৮ কি.মি.। বন্দর এখনই ঝড়ে কবলিত হবে না, তবে বন্দর ত্যাগকারী জাহাজ পথে বিপদে পড়তে পারে। ৩ নং স্থানীয় সতর্ক সংকেত: বন্দর ও বন্দরে নোঙর করা জাহাজগুলোর দুর্যোগ কবলিত হওয়ার আশঙ্কা রয়েছে। বন্দরে ঝড়ো হাওয়া বয়ে যেতে পারে এবং ঘূর্ণি বাতাসের একটানা গতিবেগ ঘণ্টায় ৪০-৫০ কি.মি. হতে পারে। ৪ নং স্থানীয় হুঁশিয়ারি সংকেত: বন্দর ঘূর্ণিঝড় কবলিত। বাতাসের সম্ভাব্য গতিবেগ ঘণ্টায় ৫১-৬১ কি.মি.। তবে ঘূর্ণিঝড়ের চূড়ান্ত প্রস্তুতি নেওয়ার মতো তেমন বিপজ্জনক সময় এখনও আসেনি। বিবিসি বাংলার অন্যান্য খবর: দেহরক্ষীকে বিয়ে করে রানি বানালেন থাই রাজা মার্গারেট থ্যাচার: যেভাবে রাজনৈতিক জীবনের ইতি 'দরকার হলে পার্লামেন্টে পদত্যাগ করে বেরিয়ে আসবো' মানুষের আদিম প্রজাতির সন্ধান মিললো তিব্বতের সুউচ্চ গুহায় ঘূর্ণিঝড় ফণীর কারণে ভারতের উড়িষ্যার পুরি এবং আশপাশের জেলাগুলোর সবাইকে আশ্রয় কেন্দ্রে চলে যেতে বলা হয়েছে। ৫ নং বিপদ সংকেত: বন্দর ছোট বা মাঝারি তীব্রতর এক সামুদ্রিক ঝড়ের কবলে পড়বে। ঝড়ে বাতাসের সর্বোচ্চ একটানা গতিবেগ ঘণ্টায় ৬২-৮৮ কি.মি.। ঝড়টি বন্দরকে বাম দিকে রেখে উপকূল অতিক্রম করতে পারে। ৬ নং বিপদ সংকেত: বন্দর ছোট বা মাঝারি তীব্রতর এক সামুদ্রিক ঝড়ের কবলে পড়বে। ঝড়ে বাতাসের সর্বোচ্চ একটানা গতিবেগ ঘণ্টায় ৬২-৮৮ কি.মি.। ঝড়টি বন্দরকে ডান দিকে রেখে উপকূল অতিক্রম করতে পারে। ৭ নং বিপদ সংকেত: বন্দর ছোট বা মাঝারি তীব্রতর এক সামুদ্রিক ঘূর্ণিঝড়ের কবলে পড়বে। ঝড়ে বাতাসের সর্বোচ্চ একটানা গতিবেগ ঘণ্টায় ৬২-৮৮ কি.মি.। ঝড়টি বন্দরের উপর বা এর নিকট দিয়ে উপকূল অতিক্রম করতে পারে। ৮ নং মহাবিপদ সংকেত: বন্দর প্রচণ্ড বা সর্বোচ্চ তীব্রতর ঘূর্ণিঝড়ের কবলে পড়তে পারে। ঝড়ে বাতাসের সর্বোচ্চ একটানা গতিবেগ ঘণ্টায় ৮৯ কি.মি. বা এর বেশি হতে পারে। প্রচণ্ড ঝড়টি বন্দরকে বাম দিকে রেখে উপকূল অতিক্রম করবে। সতর্ক সংকেত জারি করা হলে সেখানকার বাসিন্দাদের নিরাপদ আশ্রয়ে চলে যাওয়ার পরামর্শ দিয়েছে আবহাওয়া অধিদপ্তর। ৯ নং মহাবিপদ সংকেত: বন্দর প্রচণ্ড বা সর্বোচ্চ তীব্রতর এক সামুদ্রিক ঘূর্ণিঝড়ের কবলে পড়বে। ঝড়ে বাতাসের সর্বোচ্চ একটানা গতিবেগ ঘণ্টায় ৮৯ কি.মি. বা এর বেশি হতে পারে। প্রচণ্ড ঝড়টি বন্দরকে ডান দিকে রেখে উপকূল অতিক্রম করবে। ১০ নং মহাবিপদ সংকেত: বন্দর প্রচণ্ড বা সর্বোচ্চ তীব্রতর এক সামুদ্রিক ঘূর্ণিঝড়ের কবলে পড়বে। ঝড়ে বাতাসের সর্বোচ্চ একটানা গতিবেগ ঘণ্টায় ৮৯ কি.মি.বা তার বেশি হতে পারে। ১১ নং যোগাযোগ বিচ্ছিন্ন সংকেত: আবহাওয়ার বিপদ সংকেত প্রদানকারী কর্তৃপক্ষের সাথে সকল যোগাযোগ বিচ্ছিন্ন হয়ে পড়েছে এবং স্থানীয় আবহাওয়া কর্মকর্তা পরিস্থিতি দুর্যোগপূর্ণ বলে মনে করেন। নদীবন্দর ও সমুদ্র বন্দরের জন্য সতর্কতা সংকেত আলাদা। তাই সতর্কতা সংকেত ভাল করে বুঝে সে অনুযায়ী ব্যবস্থা নেওয়ার পরামর্শ দিয়েছে আবহাওয়া অধিদপ্তর।",ব্যাপক শক্তি নিয়ে উড়িষ্যা উপকূলের দিকে ধেয়ে যাচ্ছে অতিপ্রবল ঘূর্ণিঝড় ফণী।,ব্যাপক শক্তি নিয়ে উড়িষ্যা উপকূলের দিকে ধেয়ে যাচ্ছে অতিপ্রবল ঘূর্ণিঝড় ফণী।,1.0,1.0,1.0,1.0,11,11
"পাকিস্তানের প্রধানমন্ত্রী ইমরান খান অব্যাহত উত্তেজনা পরিস্থিতির মধ্যে টেলিভিশন বক্তৃতায় তিনি বলেছেন, পারমাণবিক শক্তিধর দুই দেশের উচিত দায়িত্বশীল আচরণ করা। ''ভারতের উদ্দেশ্যে আমি যা বলতে চাই, তা হলো, এটা খুবই গুরুত্বপূর্ণ যে আমার প্রজ্ঞা এবং বিবেচনা দিয়ে কাজ করবো।'' ইমরান খান বলছেন, ''সব বড় বড় যুদ্ধ ভুল হিসাবের কারণে হয়েছে। হিটলার কখনো ভাবেননি যে, যুদ্ধ এতো বছর ধরে চলবে। আমেরিকানরা কখনো ভাবেনি যে, ভিয়েতনাম আর আফগানিস্তানের যুদ্ধ কয়েক দশকে গড়াবে।'' ''আমার প্রশ্ন হলো, যে অস্ত্র (পারমাণবিক) আমাদের দুই দেশের কাছেই রয়েছে, আমরা কি এমন একটি ভুল হিসাবের দায়দায়িত্ব সামলাতে পারবো? আমরা যদি এটা ঘটতে দেই, তাহলে এটা আমার অথবা নরেন্দ্র মোদি, কারো নিয়ন্ত্রণেই আর থাকবে না।'' আরো পড়ুন: বালাকোটে ভারতের বোমা বর্ষণ: কী বলছেন প্রত্যক্ষদর্শীরা? ভারত-পাকিস্তানের সামরিক শক্তির পার্থক্য কতটা? একনজরে ভারত-পাকিস্তান সংঘাতের ইতিহাস ভারত-পাকিস্তানের মধ্যে কাশ্মীর নিয়ে কেন এই বিরোধ কাশ্মীর নিয়ে এর আগেও ভারত ও পাকিস্তানের মধ্যে কয়েকদফা সংঘাত হয়েছে পাকিস্তানের পাল্টা হামলার পক্ষে সাফাই তুলে ধরে দেশটির প্রধানমন্ত্রী ইমরান খান বলেছেন, তিনি ১৪ই ফেব্রুয়ারির জঙ্গি হামলার তদন্তে সহায়তা করার জন্য তিনি প্রস্তাব দিয়েছিলেন। ওই হামলায় অন্তত ৩৪জন সেনা সদস্য নিহত হয়, যার পর থেকেই দুই দেশের মধ্যে উত্তেজনা শুরু হয়েছে। ''আমরা ভারতকে বলেছিলাম যে, তোমরা যদি একতরফা কোন ব্যবস্থা নাও, তাহলে আমরা জবাব দিতে বাধ্য হবো, যদি তোমরা কিছু করো। কিন্তু ভারত নিজেরাই বিচারক, জুরি আর জল্লাদের ভূমিকা নিয়েছে।'' পাকিস্তানের প্রধানমন্ত্রী ইমরান খান বলেছেন, পাকিস্তানের ভেতর হামলার সময় দুটি ভারতীয় মিগ বিমানকে ভূপাতিত করা হয়েছে। এর আগে ভারত বলেছিল তারা একটি বিমান হারিয়েছে। ""আমরা তাদের দুটো মিগ বিমান ভূপাতিত করেছি। পাইলটেরা আমাদের সাথেই আছে,"" বলেন মি. খান। ""কিন্তু এরপর আমরা কোথায় যাবো? আমি ভারতকে প্রশ্ন করছি। আমাদের অবশ্যই দায়িত্বশীল হতে হবে।"" তিনি বলছেন, বুধবার সকালের হামলার উদ্দেশ্য কাউকে হত্যা করা বা ক্ষতি করা ছিল না। তারা শুধুমাত্র পাকিস্তানের ক্ষমতার বিষয়টি দেখাতে চেয়েছেন। ইমরান খান এই বক্তৃতা দিলেও ভারতের প্রধানমন্ত্রী নরেন্দ্র এই উত্তেজনা নিয়ে এখনো কোন মন্তব্য বা টুইট করেননি। বিবিসি বাংলার অন্যান্য খবর: ভিয়েতনামে ট্রাম্প-কিম বৈঠক: জেনে রাখতে পারেন যেসব তথ্য ‘কেউ মোহামেডান সাপোর্ট করলে তাকে বিএনপি ভাবা হয়' খনি দুর্ঘটনায় ইন্দোনেশিয়ায় অন্তত ৬০ জন নিহত 'ওরা যে নাটক করছে সেটা না করলেও আমি অবাক হতাম না'",ভারত পাকিস্তানের অব্যাহত উত্তেজনার মধ্যে এক বক্তৃতায় ভারতের শুভবুদ্ধির আহবান জানিয়েছেন পাকিস্তানের প্রধানমন্ত্রী ইমরান খান।,"পাকিস্তানের প্রধানমন্ত্রী ইমরান খান বলেছেন, যদি কাশ্মীরে ভারতের বোমা হামলা হয়, তাহলে নরেন্দ্র মোদির কারো নিয়ন্ত্রণেই আর থাকবে না।",0.23529411764705882,0.125,0.17647058823529413,0.7267677,19,15
"ব্রিটেনের নিয়ন্ত্রক সংস্থা, এমএইচআরএ বলছে,করোনাভাইরাস প্রতিরোধে ৯৫ শতাংশ সক্ষম এই টিকাটি এখন ব্যবহারের জন্য নিরাপদ। ব্রিটেনের নিয়ন্ত্রক সংস্থা, এমএইচআরএ বলছে,করোনাভাইরাস প্রতিরোধে ৯৫ শতাংশ সক্ষম এই টিকাটি এখন ব্যবহারের জন্য নিরাপদ। আগামী কয়েকদিনের মধ্যেই সবচেয়ে বেশি ঝুঁকিতে থাকা মানুষজনের ওপর টিকার প্রয়োগ শুরু হবে। এর মধ্যেই চার কোটি টিকার জন্য চাহিদা দিয়েছে যুক্তরাজ্য, যা দিয়ে দুই কোটি মানুষকে টিকা দেয়া যাবে। জনপ্রতি দুইটি করে ডোজ দেয়া হবে। খুব তাড়াতাড়ি এক কোটি টিকার ডোজ পাওয়া যাবে। টিকা যেসব প্রক্রিয়া সম্পন্ন করতে দশকের বেশি সময় লেগে যায়, সেখানে মাত্র ১০ মাসে এই টিকার আবিষ্কারের প্রক্রিয়া শেষ করা হলো। বিবিসি বাংলার আরো খবর: করোনাভাইরাস ঠেকাতে ৯০% সফল যে টিকা, বলা হচ্ছে 'মাইলফলক' ঘটনা ভারতে ভ্যাকসিন মিলবে হাজার রুপিতে, বাংলাদেশে কত দাম হবে? রোগ প্রতিষেধক টিকা নিয়ে কেন এত শঙ্কা বিশ্বের সাতশ কোটি মানুষের কাছে কীভাবে করোনার টিকা পৌঁছন হবে? করোনা ভাইরাস: টিকা উদ্ভাবনে নেতৃত্ব দেয়া তুর্কী বংশোদ্ভূত জার্মান মুসলিম দম্পতি বিশেষজ্ঞরা বলছেন, টিকার প্রয়োগ শুরু হলেও মানুষজনকে এখনো সতর্ক অবস্থায় থাকতে হবে এবং করোনাভাইরাসের বিস্তার ঠেকাতে স্বাস্থ্য সতর্কতার নিয়মকানুন কড়াকড়িভাবে পালন করতে হবে। এর মানে হলো, এখনো সামাজিক দূরত্ব বজায় রাখা এবং মাস্ক ব্যবহার করতে হবে। সেই সঙ্গে উপসর্গ দেখা গিলেই পরীক্ষা করাতে হবে এবং তাদের বিচ্ছিন্ন করে রাখতে হবে। এখনও পর্যন্ত ছটি দেশে ৪৩,৫০০ জনের শরীরে ফাইজার ও বায়োএনটেক টিকার কার্যকারিতা পরীক্ষা করে দেখা হয়েছে এবং এতে ঝুঁকিপূর্ণ কিছু দেখা যায়নি। সারা বিশ্বে বেশ কিছু টিকা তৈরির কাজ চলছে। তার মধ্যে কয়েকটি চূড়ান্ত পর্যায়ে পৌঁছে গেছে। তার মধ্যে এই প্রথম এই টিকাটির এরকম সাফল্যের কথা জানা গেল। এই টিকাটির ক্ষেত্রে একেবারে ভিন্ন ধরনের একটি পদ্ধতি ব্যবহার করা হয়েছে যাতে মানবদেহের রোগ প্রতিরোধী ব্যবস্থাকে প্রশিক্ষিত করে তোলার জন্য ভাইরাসটির জেনেটিক কোড শরীরে ইনজেক্ট করা হয়। আগের পরীক্ষাগুলোতে দেখা গেছে টিকা দেওয়ার ফলে শরীরে এন্টিবডি এবং রোগ প্রতিরোধী ব্যবস্থার আরও একটি অংশ যা টি সেল নামে পরিচিত সেটিও তৈরি হয়। তিন সপ্তাহ ব্যবধানে এই টিকার দুটো ডোজ দিতে হয়। যুক্তরাষ্ট্র, জার্মানি, ব্রাজিল, আর্জেন্টিনা, দক্ষিণ আফ্রিকা এবং তুরস্কে এই টিকার পরীক্ষা চালানো হয়েছে। পরীক্ষায় দেখা গেছে দ্বিতীয় ডোজ দেওয়ার সাত দিন পর ভাইরাসটি প্রতিরোধে মানবদেহে ৯০ শতাংশ সক্ষমতা তৈরি হয়েছে। বিবিসি বাংলার অন্যান্য খবর: ট্রাম্পেরই এক মিত্র বললেন, 'ফল পাল্টে দেয়ার মতো জালিয়াতি হয়নি' বিনিয়োগের বদলে নাগরিকত্ব: কোন দেশে বেশি যাচ্ছেন বাংলাদেশিরা? নিজ সন্তানকে ৩০ বছর ফ্ল্যাটে বন্দী রাখার সন্দেহে মা আটক ফ্রান্সের ইমাম ও মুসলিমরা ফরাসী মূল্যবোধের সনদ নিয়ে কতটা চাপে",বিশ্বের প্রথম দেশ হিসাবে ফাইজার/বায়োএনটেকের করোনাভাইরাস টিকার অনুমোদন দিয়েছে যুক্তরাজ্য।,করোনাভাইরাসের টিকা আবিষ্কারের প্রক্রিয়া শেষ করেছে ব্রিটেন।,0.0,0.0,0.0,0.7574226,7,10
"পুলিশের একজন মুখপাত্র নিশ্চিত করেছেন যে, হামলায় অন্তত পাঁচজন নিহত হয়েছে আর ১৬জন আহত হয়েছে। হতাহতদের মধ্যে পুলিশের কর্মকর্তাও রয়েছেন। ওডেসা আর মিডল্যান্ড শহরের মধ্যে গাড়ি চালানোর সময় অন্তত একজন বন্দুকধারী মানুষজনকে লক্ষ্য করে এলোপাথাড়ি গুলি করে। পুলিশ বলছে, শ্বেতাঙ্গ একজন সন্দেহভাজন ব্যক্তিকে গুলি করে হত্যা করা হয়েছে। কিন্তু পলাতক আরো একজন সন্দেহভাজনের ব্যাপারে তদন্ত চলছে বলে জানা যাচ্ছে। কিন্তু এই হামলার কোন কারণ এখনো জানা যায়নি। পুলিশের একজন মুখপাত্র নিশ্চিত করেছেন যে, হামলায় অন্তত পাঁচজন নিহত হয়েছে আর ১৬জন আহত হয়েছে। হতাহতদের মধ্যে পুলিশের কর্মকর্তাও রয়েছেন। আরো পড়ুন: যুক্তরাষ্ট্রে বন্দুকধারীর গুলিতে অন্তত ২০জন নিহত ২০১৮'তে হয়েছে সবচেয়ে বেশি স্কুল হামলা ইহুদিবিদ্বেষী খোলা চিঠির পর সিনাগগে বন্দুক হামলা হতাহতদের এলোপাথাড়ি গুলি করা হয় বলে বলে পুলিশ জানিয়েছে ঠিক চার সপ্তাহ আগে টেক্সাসের আরেকটি শহর এল পাসোতে একজন বন্দুকধারীর হামলায় ২২জন নিহত আর ২৪ আহত হয়েছিল। পুলিশ জানিয়েছে, শনিবারের ওই হামলা শুরু হয়, যখন মিডল্যান্ড মহাসড়কে একটি গাড়ি থামাতে যান পুলিশের কর্মকর্তারা। তখন ওই গাড়ির চালক পুলিশকে লক্ষ্য করে গুলি করতে শুরু করেন। এরপর যুক্তরাষ্ট্রের ডাক সেবা বিভাগের একটি ভ্যান গাড়ি চুরি করে চালাতে শুরু করে এবং মানুষজনকে এলোপাথাড়ি গুলি করতে থাকেন। তবে ওডেসার একটি সিনেমা হলের সামনে পুলিশের সাথে বন্দুকযুদ্ধে সন্দেহভাজন ওই ব্যক্তি নিহত হন। বিবিসি বাংলার অন্যান্য খবর: 'এখন আমার কী হবে'- নাগরিকত্ব হারানো জমিরন ট্রেনের ছাদে উঠলে ছাড় নেই, রোববার থেকে কড়া দৃষ্টি আসামের নাগরিক পঞ্জী থেকে বাদ ১৯ লক্ষ মানুষ সরকার কেন চায় কর্মকর্তাদের পরিবার সাথেই থাকুক?",যুক্তরাষ্ট্রের রাজ্য টেক্সাসে আবার একটি গণ গুলিবর্ষণের ঘটনায় অন্তত পাঁচজন নিহত আর অনেকে আহত হয়েছে বলে পুলিশ জানিয়েছে।,যুক্তরাষ্ট্রের টেক্সাস রাজ্যের দুটি শহরে বন্দুকধারীর হামলায় অন্তত পাঁচজন নিহত হয়েছে।,0.27586206896551724,0.14814814814814817,0.27586206896551724,0.8175492,11,18
"রোহিঙ্গাদের জন্য ত্রাণ পাঠানো উপলক্ষ্যে এক অনুষ্ঠানে মালয়েশিয়ার প্রধানমন্ত্রী নাজিব রাজাক মালয়েশিয়ার ক্রদ্ধ পররাষ্ট্র মন্ত্রী আনিফা আমান বলেছেন, ""তার দেশের সাথে এই বিবৃতির কোনো সম্পর্ক নেই। তিনি বলেন, রোহিঙ্গা সঙ্কট নিয়ে বিবৃতিতে যে বর্ণনা রয়েছে তা বাস্তবতা বিবর্জিত এবং নিগৃহীত রোহিঙ্গা মুসলিমদের কথা উল্লেখও করা হয়নি।"" তিনি বলেন, এই বিবৃতি থেকে মালয়েশিয়া নিজেকে প্রত্যাহার করে নিচ্ছে। আসিয়ান জোটে কোনো একটি সদস্য দেশের কাছ থেকে প্রকাশ্যে এ ধরণের বিদ্রোহমুলক আচরণ প্রায় নজিরবিহীন। বর্তমানে এই জোটের সভাপতিত্ব করছেন ফিলিপিন্সের পররাষ্ট্রমন্ত্রী অ্যালান কেইটানো। তিনি তার বিবৃতিতে মিয়ানমারের রাখাইন প্রদেশে সহিংসতা নিয়ে উদ্বেগ প্রকাশ করেছেন। বিবৃতিতে মিয়ানমারে নিরাপত্তা বাহিনীর ওপর হামলার নিন্দা করা হয়েছে। সহিংসতার নিন্দা করা হয়েছে। কিন্তু রোহিঙ্গা মুসলিম শব্দটি ব্যবহার করা হয়নি বা তাদের ওপর নির্যাতনের কথাও বলা হয়নি। আর তাতেই প্রচণ্ড ক্ষুব্ধ হয়েছে মালয়েশিয়া। তাদের কথা, মালয়েশিয়ার বক্তব্য পুরোপুরি অগ্রাহ্য করেছেন জোট সভাপতি। কুয়ালালামপুরে গবেষণা প্রতিষ্ঠান স্ট্রাটেজিক অ্যান্ড ইন্টারন্যাশনাল স্টাডিজের শাহরিমান লোকমান বলছেন, আসিয়ান জোটে যে অস্বস্তি অসন্তোষ শুরু হয়েছে মালয়েশিয়ার এই আচরণ তার একটি বহিঃপ্রকাশ। তিনি বলেন, কোনো যৌথ বিবৃতি থেকে প্রত্যাহার করার ঘটনা এই জোটে বিরল । রোহিঙ্গা ইস্যুতে ১০-সদস্যের আসিয়ান জোটের প্রভাবশালী দুই মুসলিম সংখ্যাগরিষ্ঠ সদস্য মালয়েশিয়া এবং ইন্দোনেশিয়া মিয়ানমারের ওপর খাপ্পা।",দক্ষিণ পূর্ব এশিয়ার অর্থনৈতিক জোটের এক যৌথ বিবৃতিতে রোহিঙ্গা সঙ্কট নিয়ে যে বক্তব্য এসেছে তাতে তীব্র আপত্তি তুলেছে মালয়েশিয়া।,মিয়ানমারের রাখাইন প্রদেশে রোহিঙ্গা মুসলিমদের ওপর নির্যাতনের বর্ণনা করে একটি যৌথ বিবৃতিতে যে বিবৃতি দেয়া হয়েছে তাতে তীব্র ক্ষুব্ধ হয়ে পড়েছে মালয়েশিয়া।,0.3414634146341463,0.10256410256410256,0.2926829268292683,0.77976805,22,19
"মাফিয়াদের দৌরাত্ম্যে জর্জরিত ছিল পালেরমোর অভিবাসীদের মার্কেট। এই প্রতিরোধের অংশীদার ছিলেন সেখানকার একটি প্রতিষ্ঠানের কর্মচারী এবং স্থানীয় সাংবাদিক তোফাজ্জাল তপু। বিবিসি বাংলাকে তিনি জানিয়েছিলেন, তাদের ঐক্যবদ্ধ হয়ে প্রতিরোধ গড়ে তোলার গল্প। দৌরাত্ম্যের শুরু কিভাবে হয়েছিল? আশির দশক বা তার কিছু আগে থেকেই বাংলাদেশিরা উল্লেখযোগ্য সংখ্যায় ইতালিতে যেতে শুরু করে। সে সময় তারা ছোটখাটো চুরি বা ছিনতাইয়ের মুখে পড়লেও এখনকার মতো মাফিয়াদের হুমকির মুখে কখনো পড়তে হয়নি। আগে যখন অভিবাসী ব্যবসায়ীদের সংখ্যা কম ছিল তখন এই মাফিয়া চক্র স্থানীয় ইতালীয়দের থেকেই মোটা অংকের চাঁদা সংগ্রহ করতো। এক পর্যায়ে ইতালীয়রা প্রতিবাদ শুরু করলে প্রশাসন তাদের ধরপাকড় শুরু করে এবং মামলা দায়ের করে। আরও পড়তে পারেন: শরণার্থী, অভিবাসী, আশ্রয় প্রার্থী - দেশ ত্যাগ করা মানুষের ভিন্ন নামকরণ কেন? ইতালিতে খৎনা করাতে গিয়ে দু'বছরের শিশুর মৃত্যু একদল অভিবাসী যেভাবে পৌঁছাল ইউরোপে পালেরমোর অভিবাসী দোকনিদের বাজার। এমন অবস্থায় মাফিয়ারা ইতালীয়দের থেকে সরে এসে অপেক্ষাকৃত দুর্বল অভিবাসী ব্যবসায়ীদের লুটপাট করতে শুরু করে। দিন দিন অভিবাসীদের কমিউনিটি বড় হতে থাকলে তাদের ওপর মাফিয়াদের দৌরাত্ম্য বাড়তেই থাকে। বর্তমানে সিসিলিকে ১৫ হাজারের বেশি বাংলাদেশি অভিবাসী আছেন বলে জানান মিস্টার তপু। শুরুতে শুরুতে অভিবাসীদের ব্যবসায়ীদের থেকে নামে বেনামে চাঁদা তোলা শুরু হয়। এক পর্যায়ে সেটা ডাকাতি, প্রাণনাশের হুমকি এবং খুনাখুনি পর্যায়ে চলে যায়। মিস্টার তপু বলেন, ""ধরেন আপনি বাজারে একটা দোকান নিয়ে বসেছেন। এজন্য প্রতিমাসে আপনাকে বাজার ভাড়ার সঙ্গে গির্জার কর দিতে হতো। এটা থেকেই মূলত শুরু। তারপর অনেক মাফিয়ারা বাজারে প্রবেশ করে মানুষদের জিনিষপত্র ইচ্ছামতো নিয়ে চলে যেতো। কারও টাকা পরিশোধ করতো না।"" মাফিয়াদের হয়রানি মাফিয়াদের দৌরাত্ম্যে পালেরমোর অভিবাসীদের মানি এক্সচেঞ্জ প্রতিষ্ঠানগুলো সবচেয়ে বেশি ক্ষতির শিকার হয়েছে বলে তিনি জানান। তিন চার বছর আগেও প্রতিটি মানি এক্সচেঞ্জ এক থেকে একাধিকবার ছিনতাইয়ের শিকার হয়। ""পালেরমোতে ছোট বড় যতো অপরাধই হোক না কেন এর মূল কলকাঠি নাড়ায় মাফিয়ারা। এটাই ওপেন সিক্রেট।"" মিস্টার তপু জানান, ইতালির মাফিয়া ডনদের আখড়া এই সিসিলি, তাদের বিরুদ্ধে আগে যারাই মামলা করেছিল তাদের অনেককেই নৃশংসভাবে হত্যা করা হয়। এ কারণে তাদের বিরুদ্ধে কেউই মুখ খোলার সাহস করতো না। তোফাজ্জল তপু মিস্টার তপু বলেন, ""পালেরমোতে থেকে মাফিয়াদের বিরুদ্ধে অভিযোগ করা মানে হল, জলে থেকে কুমিরের সঙ্গে যুদ্ধ ঘোষণা করার মতো। কেননা যিনি মামলা করবেন তার নাম রেকর্ড থাকায় তার জীবনটাই হুমকির মুখে পড়ে যায়। এটা কেউ চাইতো না বলেই চুপ থাকতো। হুমকি বা চাঁদাবাজির কোন অভিযোগ তারা করতো না।"" কিভাবে প্রতিরোধ গড়ে উঠল? সম্প্রতি পালেরমোর বাজারে ইউসোফা সুসো নামে এক গাম্বিয়ান অভিবাসীকে এক মাফিয়া সদস্য প্রকাশ্যে হত্যা করলে সেটা নিয়ে তোলপাড় শুরু হয়। বাংলাদেশের পাশাপাশি অন্য দেশের অভিবাসীরাও ব্যাপক নিরাপত্তাহীনতার মুখে পড়ে যান। এতদিন তারা মুখে কুলুপ আঁটলেও এই হত্যার ঘটনায় তারা প্রকাশ্যে না হলেও গোপনে গোপনে প্রতিরোধ শুরু করে। তাদের সঙ্গে যোগ দেয় বিভিন্ন মাফিয়া বিরোধী সংগঠন। এই হত্যাকাণ্ড ও হয়রানির বিরুদ্ধে এবং সুষ্ঠু বিচারের দাবিতে প্রতিবাদ সমাবেশ ও মিছিল শুরু হলে দেশি ও আন্তর্জাতিক মিডিয়া বিষয়টি নিয়ে লেখালেখি শুরু করে। ইতালির বর্তমান সরকার অবৈধ অভিবাসীদের প্রবেশ বন্ধে শক্ত পদক্ষেপ গ্রহণ করলেও পালেরমোর অভিবাসী-বান্ধব মেয়র নিজ শহরের অভিবাসীদের ওপর মাফিয়াদের দৌরাত্ম্য বন্ধে সোচ্চার ভূমিকা নেন। এমন অবস্থায় নাড়াচাড়া দিয়ে ওঠে প্রশাসনও। এক পর্যায়ে সবার সহায়তায় পালেরমোর প্রায় দুটি হাজার একশ'টি দোকানের মালিক ঐক্যবদ্ধ হয়ে মাফিয়াদের চাঁদাবাজির বিরুদ্ধে মামলা ঠুকে দেন। এরপর আইনশৃঙ্খলা বাহিনীর সদস্যরা বিভিন্ন স্থানে অভিযান চালিয়ে প্রায় অর্ধশত মাফিয়া সদস্যদের গ্রেফতার করে। পালেরমোর সিটি মেয়র মাফিয়াদের বিরুদ্ধে খুবই কঠোর ভূমিকা নেয়ায় এটা সম্ভব হয়েছে বলে মনে করেন মিস্টার তপু। তিনি বলেন, ""ব্যবসায়ী আর মাফিয়াদের বসবাস কাছাকাছি স্থানে। তাই তাদের বিরুদ্ধে আমরা প্রকাশ্য লড়াইয়ে যাচ্ছিনা বরং আইনি প্রক্রিয়ায় সমাধানের চেষ্টা করছি। তবে আমরা যদি মাফিয়াদের নজরে পড়ে যাই, তাহলে যে কোন সময় যে কোন কিছু হয়ে যেতে পারে।"" পালেরমোর মার্কেটে বিভিন্ন দেশের ক্রেতাদের সমাগম। নিরাপত্তাহীনতা সত্ত্বেও কেন এই প্রতিরোধ? এতো নিরাপত্তাহীনতার মধ্যেও কোন অবস্থা থেকেই প্রতিরোধ থেকে পিছু হটবেন না বলে জানিয়েছেন মিস্টার তপু। এর কারণ হিসেবে তিনি জানান, এই প্রথমবারের সব অভিবাসী ব্যবসায়ীরা এক হয়েছে। স্থানীয় কিছু ইতালীয় নাগরিকও প্রতিবাদ করছে। মাফিয়া বিরোধী সংগঠন সেইসঙ্গে প্রশাসনের সুনজর থাকায় আমাদের কিছুটা হলেও সাহস আছে। এটা আমরা ভেঙ্গে যেতে দেবো না।"" মিস্টার তপুর মতে, এই প্রতিরোধের মাধ্যমে তারা প্রমাণ করতে পেরেছেন যে অভিবাসীরা এখানে শুধু টাকা উপার্জনের জন্য আসেনি। বরং তারাও জন্য ইতালির ভাল মন্দের অংশীদার। তিনি বলেন ""এই দেশকে আমরা নিজের বলেই মনে করি, কেননা এখানে কোন সংকট হওয়া মানে আমাদেরও ক্ষতি হওয়া। এ কারণে আমরাও দেখিয়ে দিয়েছি যে এই দেশের শান্তির জন্য ইতালীয়দের পাশাপাশি আমরা অভিবাসীরাও যেকোনো অন্যায়ের বিরুদ্ধে ঐক্যবদ্ধ প্রতিরোধ গড়ে তুলতে পারি।""",ভিনদেশে দুর্ধর্ষ মাফিয়াদের দৌরাত্ম্যর বিরুদ্ধে প্রতিরোধ গড়ে তুলে অনন্য দৃষ্টান্ত স্থাপন করেছেন ইতালির সিসিলি দ্বীপের রাজধানী পালেরমোর শতাধিক অভিবাসী। যাদের একটি বড় অংশই বাংলাদেশি।,ইতালির রাজধানী সিসিলিতে বাংলাদেশি অভিবাসীদের ওপর মাফিয়া দৌরাত্ম্যের বিরুদ্ধে প্রতিরোধ গড়ে তোলা হয়েছিল।,0.2702702702702703,0.11428571428571427,0.16216216216216217,0.78739387,13,24
"মাস্ক পরা কিছু মুসল্লিকে কোয়ারেন্টিনে নেওয়া হচ্ছে। 'মরকজ নিজামুদ্দিন' নামে পরিচিত ওই মসজিদটিতে একটি ধর্মীয় সমাবেশ উপলক্ষে এ মাসের মাঝামাঝি অন্তত দুই থেকে আড়াই হাজার লোক সমবেত হয়েছিলেন। শহরের একটি অত্যন্ত ঘিঞ্জি এলাকায় একটি ছ'তলা ভবনের ডর্মিটরিতে তারা সবাই গাদাগাদি করে ছিলেন। এর মধ্যে ভারতের বিভিন্ন রাজ্যের মুসলিমরা যেমন ছিলেন, তেমনি ছিলেন বহু বিদেশি নাগরিকও। ওই সমাবেশে যোগ দিয়ে নিজেদের রাজ্যে ফিরে যাওয়ার পর গতকাল (সোমবার) তেলেঙ্গানাতে ছ'জন ব্যক্তি করোনাভাইরাস সংক্রমিত হয়ে মারা গেছেন। এর আগে নিজামুদ্দিন থেকে ফিরে গিয়ে কাশ্মীরের এক ধর্মীয় নেতাও শ্রীনগরে কয়েকদিন আগে মারা যান। তিনি আবার কাশ্মীরে ফেরার আগে উত্তরপ্রদেশের দেওবন্দেও ঘুরে যান - এবং কাশ্মীরে গিয়েও বেশ কয়েকটি ধর্মীয় সমাবেশে যোগ দেন। এ ছাড়া তামিল নাডুতে দুটি এবং দিল্লিতে আরও একটি করোনাভাইরাস-জনিত মৃত্যুর সঙ্গেও দিল্লির এই তাবলীগ জামাতের সংযোগ টানা হচ্ছে, যদিও সেই দাবি এখনও পুরোপুরি নিশ্চিত করা যায়নি। এদিকে মরকজ নিজামুদ্দিনে অবস্থানরত প্রায় তিনশো ব্যক্তিকে করোনাভাইরাসের মতো উপসর্গ নিয়ে সোমবার দিল্লির বিভিন্ন হাসপাতালে ভর্তি করানো হয়েছে, যার মধ্যে অন্তত ২৪জনের আজ পরীক্ষার ফল 'পজিটিভ' এসেছে। নিজামুদ্দিনের ঘিঞ্জি এলাকার ভেতর অবস্থিত ওই ছ'তলা মসজিদ ভবনটিকে আজ (মঙ্গলবার) সকালে পুলিশ সিল করে দেয়। লোকজনকে সরিয়ে নিচ্ছে পুলিশ। ভেতরে তখনও যে সাতশোর মতো লোক ছিলেন তাদের সবাইকে সরকারি বাসে করে দিল্লির বিভিন্ন প্রান্তে কোয়ারেন্টিন সেন্টারগুলোতে পাঠানো হয়েছে। নিজামুদ্দিনের বেশ কাছেই দিল্লির সবচেয়ে বড় স্টেডিয়াম জহরলাল নেহেরু স্টেডিয়াম - প্রয়োজনে সেটিকেও মেকশিফট হাসপাতালে রূপান্তরিত করে ওই এলাকার রোগীদের চিকিৎসার ব্যবস্থা করা হবে বলে সিদ্ধান্ত হয়েছে। দিল্লিতে তাবলীগ জামাত কর্তৃপক্ষের বিরুদ্ধে দায়িত্বে চূড়ান্ত অবহেলার অভিযোগে পুলিশ একটি এফআইআরও দাখিল করেছে। দিল্লির স্বাস্থ্যমন্ত্রী সত্যেন্দ্র জৈন বলেছেন, ""ওই ধর্মীয় সমাবেশের আয়োজকরা এভাবে শত শত লোককে নিয়ে সভা করে বিরাট বড় অপরাধ করেছেন।"" ""তাদের বিরুদ্ধে যাতে কঠোরতম ব্যবস্থা নেওয়া হয় সেই সুপারিশ করে আমরা দিল্লির লেফটেন্যান্ট গভর্নরের কাছেও চিঠি লিখেছি,"" জানিয়েছেন তিনি। তাবলীগ জামাতের মূল সমাবেশটি ছিল মার্চের ৮ থেকে ১০ তারিখ পর্যন্ত - তবে তার অনেক আগে থেকে এবং তার পরেও শত শত ব্যক্তি ওই মরকজ নিজামুদ্দিনে অবস্থান করছিলেন। এদের মধ্যে মালয়েশিয়া, ইন্দোনেশিয়া, থাইল্যান্ড, নেপাল, মিয়ানমার, কিরঘিস্তান, সৌদি, আফগানিস্তান, আলজেরিয়া, জিবুতি, বাংলাদেশ, ইংল্যান্ড, ফিজি, ফ্রান্স বা কুয়েতের মতো বিভিন্ন দেশ থেকে আসা প্রায় তিনশো তাবলীগ সদস্যও ছিলেন। এই বিদেশি নাগরিকের প্রায় সবাই পর্যটক ভিসা নিয়ে ভারতে এসে ধর্মীয় সমাবেশে যোগ দিয়েছিলেন, যা আইন-বিরুদ্ধ। কেন্দ্রীয় স্বরাষ্ট্র মন্ত্রণালয় জানিয়েছে, এদের প্রত্যেককে ব্ল্যাক লিস্টেড (কালো তালিকাভুক্ত) করে ভারতে আসা নিষিদ্ধ করা হচ্ছে। তবে এই মুহূর্তে ভারত সরকারের সামনে সবচেয়ে বড় দুশ্চিন্তা হলো, তাবলীগ জামাতের সমাবেশে যোগ দিয়ে যারা এর মধ্যেই ভারতের নানা প্রান্তে ছড়িয়ে ছিটিয়ে পড়েছেন বা ঘরে ফিরে গেছেন, তাদেরকে নিয়ে। তেলেঙ্গানাতে এরকমই ছ'জন গতকাল মারা গেছেন, যারা প্রত্যেকে করোনা পজিটিভ হিসেবে শনাক্ত হয়েছিলেন। বাংলাদেশে সাধারণ ছুটি এক সপ্তাহ বাড়ানোর সিদ্ধান্ত বাংলাদেশে আরো দুজন কোভিড-১৯ রোগী বাংলা নববর্ষে লোকসমাগম নয়, সাধারণ ছুটি বাড়তে পারে বাংলাদেশে করোনাভাইরাস টেস্ট করাতে এতো যাচাই-বাছাই কেন? দরিদ্র দেশগুলো কি করোনাভাইরাসের টিকা পাবে? একটা শব্দও 'টুইস্ট' করি না, বলছে আইইডিসিআর নিজামউদ্দিন মসজিদ থেকে লোকজনকে বাসে করে সরিয়ে নেওয়া হচ্ছে। কন্টাক্ট ট্রেসিং-য়ের মাধ্যমে কর্তৃপক্ষ এখন খুঁজে বের করার চেষ্টা করছে মৃত্যুর আগে কার কার সঙ্গে তাদের দেখা-সাক্ষাৎ হয়েছিল। নিজামুদ্দিন থেকে ফিরে যাওয়া অন্তত দশজন ব্যক্তি আজ করোনা পজিটিভ হিসেবে শনাক্ত হয়েছেন সুদূর আন্দামান ও নিকোবর দ্বীপপুঞ্জেও। কাশ্মীরে থেকে আসা শতাধিক মুসলিমও এই সমাবেশে যোগ দিয়েছিলেন, তাদের ট্র্যাক করার জন্যও গোটা কাশ্মীর জুড়ে এখন বিরাট এক কর্মকাণ্ড শুরু হয়েছে। এদিকে তাবলীগ জামাত কর্তৃপক্ষ এক বিবৃতিতে আত্মপক্ষ সমর্থন করে দাবি করেছে, প্রথমে দিল্লি সরকার এবং পরে প্রধানমন্ত্রী মোদী লকডাউন ঘোষণা করার পরই সারা দেশে ট্রেন ও বাস চলাচল আচমকা বন্ধ হয়ে যায় - এবং সে কারণেই তাদের সদস্যরা আটকা পড়েন এবং এক জায়গায় ঠাসাঠাসি করে থাকতে বাধ্য হন! দিল্লি সরকার অবশ্য বলছে, লকডাউন ঘোষণার অনেক আগেই তারা সব ধরনের ধর্মীয় বা সামাজিক সভা-সমাবেশ নিষিদ্ধ ঘোষণা করেছিল। তার পরও তাবলীগ জামাত এই সমাবেশ আয়োজন করে 'গর্হিত অপরাধ' করেছে। এদিকে দিল্লির একটি গুরুত্বপূর্ণ মসজিদ করোনাভাইরাস সংক্রমণের প্রধান হটস্পট হিসেবে চিহ্নিত হওয়ার পর রাজধানীতে কোনও সাম্প্রদায়িক বিদ্বেষের আবহাওয়া যাতে তৈরি না-হয়, সে দিকেও সতর্ক নজর রাখা হচ্ছে বলে প্রশাসনের সূত্রগুলো জানাচ্ছে। গত মাসেই দিল্লির উত্তর-পূর্ব প্রান্তে ভয়াবহ সাম্প্রদায়িক দাঙ্গায় পঞ্চাশ জনেরও বেশি নিহত হন, যাদের বেশির ভাগই মুসলিম।","দিল্লিতে তাবলীগ জামাতের সদর দফতরে একটি সমাবেশে যোগ দিয়ে ঘরে ফেরা অন্তত সাতজন, কারও কারও মতে দশজন করোনাভাইরাসে আক্রান্ত হয়ে মারা যাওয়ার পর ওই মসজিদটিকে ভারতে মহামারি ছড়ানোর অন্যতম 'হটস্পট' বলে চিহ্নিত করা হচ্ছে।",ভারতের রাজধানী দিল্লিতে একটি তাবলীগ জামাতের করোনাভাইরাসের সংক্রমণ ঠেকাতে প্রায় তিনশোর বেশি মুসল্লিকে কোয়ারেন্টিনে নেওয়া হয়েছে।,0.15999999999999998,0.041666666666666664,0.12,0.72488195,16,34
"হেফাজতে ইসলামীর আমীর জুনায়েদ বাবুনগরীসহ অনেক ইসলামপন্থী দলের নেতারা ভাস্কর্য-বিরোধী বক্তব্য দিয়েছেন। শেখ মুজিবের ভাস্কর্যের বিরুদ্ধে বক্তব্য দেয়ার কারণে রাষ্ট্রদ্রোহের অভিযোগ এনে ঢাকার মুখ্য মহানগর হাকিমের আদালতে মামলা করেছে মুক্তিযুদ্ধ মঞ্চ এবং বঙ্গবন্ধু ফাউন্ডেশন নামের দু'টি সংগঠন। রাষ্ট্রদ্রোহের অভিযোগে মামলার দু'টি আবেদনের শুনানির পর আদালত পিবিআইকে অভিযোগ তদন্ত করে জানুয়ারির প্রথম সপ্তাহের মধ্যে আদালতে প্রতিবেদন পেশ করার নির্দেশ দিয়েছে। এই মামলায় ইসলামী আন্দোলনের নেতা সৈয়দ ফয়জুল করীমের বিরুদ্ধেও অভিযোগ আনা হয়েছে। ইসলামপন্থী দলগুলো ইতিমধ্যেই বেশ কয়েকবার বিক্ষোভ করেছে। ঢাকার ধূপখোলা এলাকায় বাংলাদেশের প্রতিষ্ঠাতা রাষ্ট্রপতি শেখ মুজিবর রহমানের একটি নির্মাণাধীন ভাস্কর্যের বিরোধীতা করে ইসলামপন্থী কয়েকটি দল এবং সংগঠন সমাবেশ করে সাম্প্রতিক সময়ে। হেফাজতে ইসলামের আমীর জুনায়েদ বাবুনগরী, যুগ্ম মহাসচিব মামুনুল হকসহ ইসলামপন্থী কয়েকটি সংগঠনের নেতারা ভাস্কর্য-বিরোধী বক্তব্য দিয়েছেন। আরো পড়ুন: ভাস্কর্য নির্মাণের বিরুদ্ধে অনড় ইসলামী দলগুলো, কী করছে সরকার মুজিব ভাস্কর্য: চীনে তৈরি ভাস্কর্যটি স্থাপনার কাজ শেষ পর্যায়ে যে কোন উদ্দেশ্যে ভাস্কর্য তৈরি 'ইসলামে নিষিদ্ধ' বলে আলেমদের বিবৃতি সম্প্রতি জুনায়েদ বাবুনগরী এক বক্তব্যে বলেছেন, ""কেউ যদি আমার আব্বার ভাস্কর্য স্থাপন করে, সর্বপ্রথম আমি আমার আব্বার ভাস্কর্যকে ছিঁড়ে, টেনে-হিঁচড়ে ফেলে দেব।"" মামুনুল হক বিবিসিকে বলেছেন তারা কথা বলেই যাবেন। কয়েক সপ্তাহ ধরে প্রতি শুক্রবার বিক্ষোভ সমাবেশ করেছে ভাস্কর্যবিরোধী কয়েকটি দল। মামুনুল হক বিবিসিকে বলেছেন তারা কথা বলেই যাবেন। যার জেরে ক্ষমতাসীন দল আওয়ামী লীগের সাথে ইসলামপন্থী দলগুলোর টানাপোড়েন চলছে। যে কোন উদ্দেশ্যে ভাস্কর্য তৈরি 'ইসলামে নিষিদ্ধ' বলে বিবৃতি দিয়েছিলেন বেশ কয়েকজন ইসলামী চিন্তাবিদ। পাল্টাপাল্টি বক্তব্যে বিতর্ক আরও চাঙ্গা হয়েছে। বিতর্কের মাঝেই কুষ্টিয়াতে শেখ মুজিবর রহমানের আরেকটি নির্মাণাধীন ভাস্কর্য ভাঙচুর করা হয়েছে। আরো পড়েতে পারেন: 'আমার আব্বার ভাস্কর্যও ছিঁড়ে, টেনে-হিঁচড়ে ফেলে দেব' - বাবুনগরী ভাস্কর্য নিয়ে 'কঠোর অবস্থানের' ইঙ্গিত আওয়ামী লীগের বাংলাদেশে ইসলামপন্থীদের শক্তিবৃদ্ধি ঘটছে যেসব কারণে",বাংলাদেশে হেফাজতে ইসলামীর নেতা জুনায়েদ বাবুনগরী এবং মামুনুল হকসহ তিন জনের বিরুদ্ধে রাষ্ট্রদ্রোহের অভিযোগ তদন্তের জন্য আজ আদালত পুলিশের একটি তদন্ত সংস্থা পিবিআইকে নির্দেশ দিয়েছে।,বাংলাদেশের প্রতিষ্ঠাতা রাষ্ট্রপতি শেখ মুজিবর রহমানের একটি নির্মাণাধীন ভাস্কর্যের বিরুদ্ধে বক্তব্য দেয়ার কারণে রাষ্ট্রদ্রোহের অভিযোগে মামলা শুরু হয়েছে।,0.13953488372093023,0.0,0.09302325581395349,0.7107213,18,25
"চিকিৎসকরা বলছেন, নতুন ভ্যারিয়ান্টে আক্রান্তদের নতুন উপসর্গ দেখছেন তারা সম্প্রতি বাংলাদেশে করোনাভাইরাসে আক্রান্তদের শনাক্ত হওয়ার হার খুব দ্রুত বেড়েছে - প্রায় প্রতিদিনই বাড়ছে শনাক্তের সংখ্যা এবং মৃত্যুও। আর সেজন্যই ধারণা করা হচ্ছিল যে সংক্রমণের ক্ষেত্রে কোন পরিবর্তন হয়তো হয়েছে। চিকিৎসকরা বলছেন যে দক্ষিণ আফ্রিকান ভ্যারিয়ান্টের মাধ্যমে যারা কোভিড-১৯ রোগে আক্রান্ত হয়েছেন, তাদের সঙ্গে আগে আক্রান্ত হওয়া রোগীদের বেশ কিছু পার্থক্য বা এক্ষেত্রে নতুন কিছু বৈশিষ্ট্য লক্ষ্য করা যাচ্ছে। অবস্থার দ্রুত অবনতি ঢাকার বঙ্গবন্ধু শেখ মুজিব মেডিকেল বিশ্ববিদ্যালয় হাসপাতালে করোনাভাইরাসে আক্রান্ত রোগীদের নিয়মিত সেবা দিচ্ছেন হাসপাতালটির মেডিসিন বিভাগের সহকারী অধ্যাপক ফজলে রাব্বী। বিবিসি বাংলাকে তিনি বলেন, প্রথম দফার তুলনায় এবারে রোগীদের একটি অংশের মধ্যে অবস্থার দ্রুত অবনতি হওয়ার একটি প্রবণতা চিকিৎসকরা দেখতে পাচ্ছেন। ""অনেককে আক্রান্ত হওয়ার ৬/৭ দিনের মধ্যেই উচ্চ মাত্রার অক্সিজেন দিতে হচ্ছে এবং তাও আবার সেটি তুলনামুলক দীর্ঘ সময় - যেমন ২৪ থেকে ৪৮ ঘণ্টা পর্যন্ত দিতে হচ্ছে""। ওই একই হাসপাতালের আইসিইউ বিভাগের কনসালটেন্ট সাজ্জাদ হোসেন বলছেন যে চলতি ভ্যারিয়েন্টে আক্রান্ত রোগীদের অবস্থা একটু খারাপ হলে তা দ্রুতই খারাপতর হয়ে যাচ্ছে। বিবিসি বাংলাকে তিনি বলেন, ""আগে আইসিইউতে কোন রোগী এলে বেশিরভাগকেই আমরা ৮/১০ দিনের মধ্যে রিকভারি করে কেবিনে পাঠাতে পেরেছি। কিন্তু এবার সেটি হচ্ছে না।"" ""এবার অনেক দীর্ঘ সময় লাগছে এবং আইসিইউ থেকে অনেকে আবার ফিরতেও পারছেন না। মূলত অনেকেরই ফুসফুস দ্রুত সংক্রমিত হচ্ছে এবং রক্ত জমাট বাঁধছে,"" বলছিলেন এই চিকিৎসক। বিবিসি বাংলায় আরও পড়ুন: কোথায় কতোক্ষণ বেঁচে থাকে কোভিড-১৯ এর জীবাণু, নির্মূলের উপায় করোনাভাইরাস ঠেকাতে যে সাতটি বিষয় মনে রাখবেন নিজেকে যেভাবে নিরাপদ রাখবেন করোনাভাইরাস থেকে বাংলাদেশে সম্প্রতি সংক্রমণ ব্যাপক বেড়ে গেছে বাংলাদেশে করোনাভাইরাসের সংক্রমণ শুরু হয়েছিলো ২০২০ সালের মার্চের শুরুতে এবং তখন চিকিৎসরা এর উপসর্গ হিসেবে জ্বর, শুষ্ক কাশি, শরীর ব্যথার মতো উপসর্গের কথা জানিয়েছেন। এখন গবেষকরা বলছেন যে বাংলাদেশে বর্তমানে করোভাইরাসের দুটো নতুন ভ্যারিয়ান্ট ছড়িয়েছে এবং এদের মধ্যে ইউকে ভ্যারিয়ান্ট শুরুতে শনাক্ত হলেও এখন সবচেয়ে বেশি প্রকোপ দক্ষিণ আফিকার প্রজাতিটির। রোগীদের চিকিৎসার সাথে সরাসরি জড়িত চিকিৎসকরা বলছেন যে নতুন ভ্যারিয়ান্টে আক্রান্তদের মধ্যে নানা নতুন বৈশিষ্ট্য দেখতে পাচ্ছেন তারা। নতুন উপসর্গের পার্থক্য ডাঃ ফজলে রাব্বী বলেন, বাংলাদেশে করোনাভাইরাসে সেকেণ্ড ওয়েভ বা দ্বিতীয় ঢেউয়ের প্যাটার্ন আগের তুলনায় অনেকটাই ভিন্ন। তিনি জানান, প্রথম ওয়েভের সময় আক্রান্তদের মধ্যে অনেককে ৭/৮ দিন পার হওয়ার পর অক্সিজেন দিতে হয়েছিলো, কিন্তু এবারে দিতে হচ্ছে আরও আগেই। এছাড়া, এবারে আক্রান্তদের অনেকের মধ্যে স্নায়ুতন্ত্রের উপসর্গ আরও প্রকট দেখা যাচ্ছে - বিশেষ করে অনেকের প্রচণ্ড মাথা ব্যথা হচ্ছে বলে জানান এই চিকিৎসক। ""এবার নিউরোসাইক্রিয়াটিক সমস্যা, যেমন কারও কারও মধ্যে পাগলামি আচরণের প্রবণতা কিংবা ব্রেইন ইনফেকশনের মতো উপসর্গও দেখা যাচ্ছে""। এখন আক্রান্তদের অবস্থার দ্রুত অবনতির প্রবণতা দেখা যাচ্ছে বলে চিকিৎসকরা জানিয়েছেন অধ্যাপক ফজলে রাব্বী বলেন, তাদের হাসপাতালে এমন অনেক রোগী তারা পেয়েছেন, যাদের রক্তের অনুচক্রিকার সাথে হিমোগ্লোবিনও কমে যাচ্ছে - যদিও তাদের আগে হিমোগ্লোবিন কমে যাওয়ার রোগ বা রেকর্ড নেই। ""অথচ গত বছর প্রথম দফার সংক্রমণের সময় অনেকের রক্তের অনুচক্রিকা কমলেও তখন হিমোগ্লোবিনের সমস্যা আমরা রোগীদের মধ্যে পাইনি,"" বলেন তিনি। আর এসব নতুন ধরণের সমস্যার কারণে অবস্থার দ্রুত অবনতি হয়ে অনেককে খুব তাড়াতাড়ি আইসিইউতে নিতে হচ্ছে বলে জানাচ্ছেন বিশেষজ্ঞরা। চিকিৎসা ব্যবস্থার পার্থক্য আইসিইউ বিভাগের কনসালটেন্ট ডাঃ সাজ্জাদ হোসেন বলেন, ""আগে আইসোলেশনে থাকার সময় চিকিৎসাতেই সুস্থ হয়ে উঠতো বেশিরভাগ রোগী। কিন্তু এখন ফুসফুস খুব দ্রুত ক্ষতিগ্রস্ত হচ্ছে এবং অক্সিজেন লেভেলও আগের তুলনায় দ্রুত কমে যাচ্ছে। ""আগে রিকভারি হতে সময় লাগতো ৫/৬ দিন। কিন্তু এখন যাদের রিকভারি হচ্ছে, তাদের ক্ষেত্রেও আরও বেশি সময় লাগছে""। ডাঃ সাজ্জাদ হোসেন আরও বলেন, ""আগের যাদের অক্সিজেন দরকার হতো, তাদের হয়তো দুই লিটার দিয়ে শুরু করে পর্যায়ক্রমে ৫/১০/১৫/২০ লিটার বা প্রয়োজনে হাই-ফ্লো নেজাল অক্সিজেন দেয়া হতো। অবস্থার অবনতি হলে কয়েকটি ধাপে চিকিৎসা দেয়ার পরে আরও অবনতি হলে লাইফ সাপোর্টে নেয়া হতো। কিন্তু এখন এতো সময়ই পাওয়া যাচ্ছে না""। তিনি বলেন, ভাইরাসটি থেকে সংক্রমিত হওয়ার ধরনেও পরিবর্তন দেখতে পাচ্ছেন তারা। ""রেকর্ড নিতে গিয়ে দেখি, আগে হয়তো একজন-থেকে-একজন সংক্রমণই বেশি হতো। কিন্তু এবারে আক্রান্তরা তাদের কাছে থাকা ৩/৪ জনকে এক সাথে সংক্রমিত করছেন""। এই চিকিৎসক বলেন, আইসিইউ থেকে চিকিৎসা দিয়ে আগে অনেক রোগীকে কয়েক দিনের মধ্যে বেডে ফেরত পাঠানো সম্ভব হলেও এখন রোগীর ফুসফুস সংক্রমণের পাশাপাশি রক্ত জমাট বেঁধে যাচ্ছে। বঙ্গবন্ধু মেডিকেলে আসা রোগীদের অবস্থা দেখে কোভিড চিকিৎসায় সরাসরি জড়িত এই দুই চিকিৎসক মনে করছেন যে এবারের ভ্যারিয়েন্ট খুব দ্রুতই রোগীদের অবস্থার অবনতি ঘটাচ্ছে, ফলে অনেক রোগীকে সুস্থ করে তোলা কঠিন হয়ে পড়ছে। বিবিসি বাংলায় আরও পড়তে পারেন: কে এই 'শিশু বক্তা' রফিকুল ইসলাম? তসলিমার ‘মইন আলী -আইসিস’ টুইটে খেপেছেন ইংলিশ ক্রিকেটাররা মসজিদসহ ধর্মীয় উপাসনালয়ের জন্য নতুন নির্দেশনা জারি কোরিয়ান সিনেমায় যেভাবে নায়ক হলেন বাংলাদেশি প্রবাসী শ্রমিক","আন্তর্জাতিক উদরাময় গবেষণা প্রতিষ্ঠান বা আইসিডিডিআর,বি-র এক গবেষণায় দেখা গেছে যে বাংলাদেশে শনাক্ত করোনাভাইরাসের ধরনগুলোর মধ্যে এখন ৮১ শতাংশই দক্ষিণ আফ্রিকান ভ্যারিয়ান্ট এবং এ ধরনটির আবির্ভাবে বাংলাদেশে ভাইরাস বিস্তারের ক্ষেত্রে নাটকীয় পরিবর্তন এসেছে।",বাংলাদেশে করোনাভাইরাসে আক্রান্ত হওয়া রোগীদের অবস্থার দ্রুত অবনতি হওয়ার প্রবণতা দেখা দিয়েছে বলে জানিয়েছেন চিকিৎসকরা।,0.08333333333333333,0.0,0.041666666666666664,0.6836835,15,33
"বাংলাদেশের নানা মূল্যমানের ব্যাংক নোট (ফাইল ছবি) একই সাথে কীভাবে জাল নোট সহজে চেনা যায় - সে সম্পর্কেও নির্দেশনাগুলো নতুন করে মনে করিয়ে দেওয়ার নির্দেশ দিয়েছে কেন্দ্রীয় ব্যাংক। কীভাবে চেনা যাবে জাল নোট? বাংলাদেশ ব্যাংকের কর্মকর্তারা জানান, সাধারণ মানুষজন যাতে সহজে জাল নোট সনাক্ত করতে পারে তার জন্য তারা নানাধরনের সচেতনতামূলক প্রচারণা চালাচ্ছেন। বিভিন্ন ব্যাংক ব্রাঞ্চের ভেতরে ছাড়াও, পুরো রোজার সময় বিভিন্ন বিভাগীয় শহরের ব্যস্ত মোড়ে বড় স্ক্রিনে সন্ধ্যায় এ সম্পর্কিত ভিডিও দেখানোর ব্যবস্থা নেয়া হয়েছে। এগুলো দেখে মানুষ কীভাবে জাল জোট সনাক্ত করতে পারবে? কেন্দ্রীয় ব্যাংক মানুষজনকে সাধারণ কিছু ধারণা দেওয়ার চেষ্টা করছে। যেমন: - ২০ টাকা এবং তদূর্ধ্ব মূল্যমানের আসল নোটের ওপরের প্রতিচ্ছবি, লেখা মূল্যমান এবং নকশার ওপর হাত বুলালে তা অমসৃণ, খসখসে লাগবে। জাল নোটে তেমন বোধ হবেনা । - ১০ টাকা এবং তদূর্ধ্ব মূল্যমানের নোটের ওপর নিরাপত্তা সুতো সেলাইয়ের মতো ফোঁড়া থাকে। এছাড়া, আলোর বিপরীতে ধরলের বাঘের মাথার জলছাপ স্পষ্ট দেখা যায়। জা লনোটের সুতা বা জলছাপ এত সূক্ষ্ম থাকেনা। - আসল নোটে রং পরিবর্তনশীল কালি ব্যবহার করা হয়। ২০০০ সাল থেকে মুদ্রিত ৫০০ টাকার নোটের সামনের পিঠের ওপরের বাঁ দিকের কোণার ওপরের অংশ নাড়াচাড়া করলে রং পরিবর্তন হতে থাকে। সবুজ থেকে সোনালী আবার সবুজ হতে থকে। জাল নোটে এই রং পরিবর্তন হয়না। ব্যাংগুলোকেও বলা হয়েছে- গ্রাহকদের কাছে থেকে টাকা নেওয়া এবং দেওয়ার আগে ভালো করে নোটগুলো পরীক্ষা করতে হবে। বাংলাদেশে একটি কোরবানি পশুর হাট (ফাইল ছবি)। এ সময় জাল নোটের প্রকোপ সবচেয়ে বাড়ে নির্দেশ দেওয়া হয়েছে যেন এটিএম মেশিনে টাকা ঢোকানোর আগে জাল নোট সনাক্তকারী মেশিন দিয়ে নোটগুলো অবশ্যই পরীক্ষা করা হয়। ব্যাংকের শাখাগুলোতে টিভি মনিটরে জাল নোট সনাক্তকরণ সম্পর্কে কেন্দ্রীয় ব্যাংকের তৈরি ভিডিও প্রদর্শন করারও নির্দেশ দেওয়া হয়েছে। বলা হয়েছে, এই নির্দেশনা ""অতীব জরুরী।"" কেন্দ্রীয় ব্যাংকের কারেন্সি ব্যবস্থাপনা বিভাগের জেনারেল ম্যানেজার সুলতান মাসুদ আহমেদ বিবিসিকে বলেছেন, জাল নোটের সমস্যা বাংলাদেশে এখনও প্রকট সমস্যা হয়ে ওঠেনি, তবে দুই ঈদের আগে জাল নোট চক্রের তৎপরতা বাড়ে। বিশেষ করে বড় নোটগুলো যেমন ৫০০ এবং ১০০০ টাকা মূল্যমানের জাল নোট চালানোর চেষ্টা করা হয়। ""সে জন্যই এই সতর্কতা...গত ক'বছর ধরেই আমরা এই সতর্কতা জারী করছি।"" তিনি জানান, জাল নোটের তৎপরতা ঠেকানোর লক্ষ্যে কেন্দ্রীয় ব্যাংক সম্প্রতি সরকারের কাছে নতুন একটি কঠোরতর আইনের প্রস্তাব সরকারের কাছে পাঠিয়েছে। প্রস্তাবিত আইনে জাল নোট অপরাধের জন্য সর্বোচ্চ যাবজ্জীবন কারাদণ্ডের বিধান রয়েছে। তারপরও প্রায় মানুষের হাতে জাল নোট চলে আসার ঘটনা ঘটছে এবং প্রতিমাসেই বেশ কিছু মামলাও হচ্ছে। খুলনার বৈদেশিক মুদ্রার ব্যবসায়ী সাইফুল আলম বলছেন, সম্প্রতি জাল নোটের প্রকোপ কিছুটা কমেছে, তারপরও প্রতিমাসে একটি-দুটি জাল নোট তার হাতে আসে। প্রধানত এক হাজার টাকার জাল নোট। ""প্রতিটা বড় নোট খুঁটিয়ে দেখতে হয়, সন্দেহ হলে ম্যাগনিফাইং কাঁচ দিয়ে দেখি।"" সতর্ক হলেও যদি কারো হাতে জাল নোট চলে আসে, কী করা উচিৎ তার? কেন্দ্রীয় ব্যাংকের সুলতান আহমেদ মাসুদ বলছেন, মানুষের উচিৎ সাথে সাথে সেটা ছিঁড়ে ফেলে দেওয়া। আরও পড়ুন: চাকরিতে বিদেশীদের নিয়োগ নিয়ে কী বলছে মানুষ? সৌদিতে বাংলাদেশী নারী শ্রমিকদের যেসব ঝুঁকি","বাংলাদেশের কেন্দ্রীয় ব্যাংকের পক্ষ থেকে সমস্ত ব্যাংকগুলোর ওপর জারী করা কেন্দ্র এক নির্দেশনায় বলা হয়েছে, ঈদের আগে নোট জালকারী চক্রের 'অপতৎপরতা' বাড়ে এবং তার জন্য কিছু ব্যবস্থা নিতে হবে।",বাংলাদেশের কেন্দ্রীয় ব্যাংক জাল নোট সনাক্ত করার জন্য বিভিন্ন নির্দেশনা জারি করেছে।,0.1951219512195122,0.05128205128205127,0.1951219512195122,0.7825673,12,29
"ট্রাম্প প্রশাসনের ভ্রমণ নিষেধাজ্ঞাকে সুপ্রিম কোর্ট সমর্থন দেয়ায় প্রতিবাদ এটি মিস্টার ট্রাম্পের গুরুত্বপূর্ণ উদ্যোগগুলোর মধ্যে একটি। ফলে একে তিনি মন্তব্য করেছেন 'একটি অসাধারণ সাফল্য' হিসেবে। এর আগে নিম্ন আদালতে এই ভ্রমণ নিষেধাজ্ঞাকে অসাংবিধানিক বলে অভিহিত করা হয়েছিল । এই নিষেধাজ্ঞার ফলে ইরান, লিবিয়া, সোমালিয়া, সিরিয়া এবং ইয়েমেন থেকে অধিকাংশ মানুষ যুক্তরাষ্ট্রে প্রবেশে বাধার মুখে পড়বে। সুপ্রিম কোর্টের এই সিদ্ধান্তকে মিস্টার ট্রাম্প 'জাতি ও সংবিধানের জন্য মহান বিজয়' হিসেবে উল্লেখ করেছেন। হোয়াইট হাউজে ডোনাল্ড ট্রাম্প বলেন, বিশ্বব্যাপী সন্ত্রাসবাদের এই সময়ে ""আমাদের আরও কঠোর হতে হবে এবং আরও নিরাপদে থাকতে হবে""। তিনি আরও বলেন, এই রুলিং প্রমাণ করছে যে মিডিয়া এবং ডেমোক্রেটিক রাজনীতিকদের সবধরনের আক্রমণ ছিল ভুল এবং তারা নিজেরা ভুল হিসেবে প্রমাণিত হচ্ছে। আরো পড়তে পারেন: দক্ষিণ কোরিয়ার পর্ন সাইটের মালিক গ্রেফতার যে কারণে চট্টগ্রামে হেপাটাইটিস 'ই' প্রকোপ গাজীপুর সিটি নির্বাচন: অনিয়মের নানা অভিযোগ নিষেধাজ্ঞার ফলে ইরান, লিবিয়া, সোমালিয়া, সিরিয়া এবং ইয়েমেন থেকে লোকজন যুক্তরাষ্ট্রে প্রবেশে বাধার মুখে পড়বে। সেইসাথে তিনি আরও বলেন, ইউরোপীয় দেশগুলোর দিকে তাকালে দেখবেন, তারা এই মুহূর্তে তাদের অভিবাসন নীতি আরও কঠোর করার জন্য সাক্ষাত করছে। তবে শরণার্থী এবং মানবাধিকার গ্রুপগুলো এর ব্যাপক সমালোচনা করেছে। যদিও একজন বিচারক এই ভ্রমণ নিষেধাজ্ঞাকে মুসলমানদের বিরুদ্ধে বিদ্বেষ-বশত উদ্দেশ্যমূলকভাবে চাপিয়ে দেয়া হচ্ছে বলে দোষারোপ করেছেন। তবে মুসলমানদের বিরুদ্ধে এই নিষেধাজ্ঞা বৈষম্যমূলক বলে যে অভিযোগ করা হচ্ছে তা নাকচ করে দিয়েছেন প্রধান বিচারপতি জন রবার্টস। ট্রাম্প প্রশাসন বলছে এই নিষেধাজ্ঞা জাতীয় নিরাপত্তার স্বার্থে নেয়া হচ্ছে । হোয়াইট হাউজ থেকে দেয়া বিবৃতিতে বলা হয় এই রুলিং আমেরিকার জনগণ এবং সংবিধানের জন্য অসাধারণ সাফল্য। ভ্রমণ নিষেধাজ্ঞার বিরুদ্ধে মার্কিন সুপ্রিম কোর্টের বাইরে প্রতিবাদ কিন্তু সমালোচকরা মনে করছেন এর মধ্য দিয়ে আমেরিকার ভেতরে মুসলমানদের প্রবেশাধিকার সম্পূর্ণভাবে বন্ধ করার জন্য মি. ট্রাম্পের নির্বাচনী প্রচারণার অংশ এটি। সমালোচকরা এটাও বলছেন যে, এর আগে নাইন ইলেভেন হামলা, বোস্টন ম্যারাথন বোমা কিংবা অরল্যান্ডো নাইটক্লাবে হামলা চালিয়েছিল যারা তারা ছিল নিষেধাজ্ঞার তালিকার ভেতরে থাকার পাঁচটি দেশের বাইরের কোনও দেশের যেমন, সৌদি আরব, মিশর, কিরগিজস্থান কিংবা মার্কিন বংশোদ্ভূত কোনও হামলাকারী।",বিশ্বের পাঁচটি মুসলিম সংখ্যাগরিষ্ঠ দেশের জনগণের আমেরিকা ভ্রমণের নিষেধাজ্ঞার ব্যাপারে সমর্থন দিয়ে মার্কিন সুপ্রিম কোর্টের সিদ্ধান্তকে স্বাগত জানিয়েছেন মার্কিন প্রেসিডেন্ট ডোনাল্ড ট্রাম্প।,যুক্তরাষ্ট্রের প্রেসিডেন্ট ডোনাল্ড ট্রাম্প দেশটির বেশ কিছু দেশ থেকে আসা যাত্রীদের ভ্রমণ নিষেধাজ্ঞাকে সুপ্রিম কোর্টের সমর্থন দেয়ায় প্রতিবাদ জানিয়েছেন।,0.24390243902439024,0.10256410256410256,0.0975609756097561,0.81907,19,22
"যখন নতুন কিছু আমরা শেখা শুরু করি, তখনই আমাদের মাথা সবচেয়ে বেশি কাজ করে। যে কোন বিষয়, তা যত কঠিনই হোক, আমাদের মস্তিস্ক নাকি বেশ দ্রুতই তা শিখতে পারে। অন্তত শেখা শুরু করার প্রথম বিশ ঘন্টার মধ্যে। গবেষণায় দেখা যাচ্ছে, যে কোন বিষয় শেখার সবচেয়ে কার্যকর সময় আসলে সেই বিষয়টি সম্পর্কে প্রথম পরিচয় হওয়ার প্রথম বিশ ঘন্টার মধ্যেই। ঠিক ঐ সময়ের মধ্যেই নাকি আমাদের মস্তিস্ক সবচেয়ে দ্রুততার সঙ্গে শিখতে পারে। কারণ মস্তিস্ক তখন ঐ বিষয় সম্পর্কে জানতে সবচেয়ে বেশি আগ্রহী থাকে এবং তখন যে কোন উদ্দীপনায় সাড়া দেয়ার ক্ষমতাও বেশি থাকে। মস্তিস্ক তখনই উদ্দীপনায় সবচেয়ে বেশি সাড়া দেয় যখন আমরা নতুন কিছুর সঙ্গে প্রথম পরিচিত হই। আমাদের মস্তিস্ক আসলে কিভাবে নতুন তথ্য সঞ্চিত করে, তা নিয়ে প্রথম গবেষণা করেছিলেন উনিশ শতকের জার্মান দার্শনিক এবং মনোবিজ্ঞানী হেরম্যান এবিংহউস। তিনিই প্রথম 'লার্নিং কার্ভ', অর্থাৎ কোন নতুন বিষয়ে দক্ষতা এবং সেই দক্ষতা অর্জনে কতটা সময় লাগে, এই দুয়ের সম্পর্কের ব্যাপারে প্রথম ধারণা দেন। একটি গ্রাফে যদি এটা দেখাতে হয়, তাহলে 'নলেজ' বা 'জ্ঞান'কে দেখাতে হবে উল্লম্ব রেখা বা 'ওয়াই-এক্সিস' বরাবর। আর সময়কে দেখাতে হবে অনুভূমিক রেখা বা 'এক্স-এক্সিস' বরাবর। হেরম্যান এবিংহউসের 'লার্নিং কার্ভ'। হেরম্যান এবিংহউস বুঝতে পেরেছিলেন, প্রথম কয়েক ঘন্টায় কোন নতুন বিষয় শিখতে যত বেশি সময় দেয়া যায়, তত বেশি জ্ঞান অর্জন করা যায়। দেখা যায় এই গ্রাফে 'লার্নিং কার্ভ' দ্রুত উপরে উঠছে। কিন্তু পরের দিকে দেখা যায় আমাদের মস্তিস্কের শেখার ক্ষমতা কমতে থাকে। একপর্যায়ে এসে লার্নিং কার্ভ প্রায় সমান হয়ে যায়। তখন অনেক বেশি সময় ধরে কোন বিষয় অধ্যায়ন করলে সেটি হয়তো নিখুঁতভাবে জানা হবে, তবে এই পর্যায়ে এসে মস্তিস্ক আর কোন কিছু অতি দ্রুত গতিতে শিখবে না। হেরম্যান এবিংহউসের এই গ্রাফটি আজকের যুগেও ব্যবহার করা হয়। এটির ভিত্তিতেই ঠিক করা হয়, কোন নতুন দক্ষতা অর্জনে কতটা সময় আসলে লাগতে পারে। ব্যবসা-বাণিজ্যের জগতে উৎপাদনশীলতা মাপার কাজেও এটি ব্যবহৃত হয়। যখন আমরা কোন নতুন বিষয় শিখতে শুরু করি, তখন প্রথম বিশ ঘন্টাই আসলে সবচেয়ে নিবিড় এবং কার্যকর সময়। কারণ যখন আমরা নতুন কোন উদ্দীপনার সংস্পর্শে আসি, আমাদের মস্তিস্ক তাতে দ্রুত সাড়া দেয়। তখন মস্তিস্ক সবচেয়ে বেশি তথ্য ধারণ করতে পারে। যখন নতুন কিছু শেখা শুরু করেন, তখন আপনার মাথা সবচেয়ে বেশি কাজ করে। তবে যত সময় গড়াতে থাকে, মস্তিস্কের সাড়া দেয়ার ক্ষমতা তত কমতে থাকে। মস্তিস্কের এই দ্রুত শেখার ক্ষমতা দ্রুতই কমে যেতে থাকে। এই পর্যায়টিকে বলা হয় 'হ্যাবিচুয়েশন।' এই সময়টাতে আমাদের মস্তিস্ক অনেক ধীর গতিতে শেখে। সেজন্যেই যখন আমরা নতুন কিছু নিয়ে পড়াশোনা করি, সেটা যত জটিলই হোক, আমরা খুব দ্রুত সেটা শিখতে পারি। শেখার উপায় খুঁজে বের করুন মার্কিন লেখক জশ কাউফম্যান দৃঢ়ভাবে বিশ্বাস করেন, প্রথম দিকের সময়টাই আসলে শেখার জন্য সবচেয়ে কার্যকর। তিনি উৎপাদনশীলতা কিভাবে বাড়াতে হবে, সেটা নিয়ে পড়ান। 'দ্য ফার্স্ট টুয়েন্টি আওয়ার্স: মাস্টারিং দ্য টাফেস্ট পার্ট অব লার্নিং এনিথিং' বলে তার লেখা একটি বই বেস্টসেলার তালিকায় জায়গা পেয়েছে। শেখার জন্য সময় বের করুন: প্রতিদিন অল্প অল্প করে শিখে অনেক কিছুই আপনি আয়ত্ব করতে পারেন। তার মতে, কোন কিছু দ্রুত শিখতে হলে আগে বিষয়টিকে ছোট ছোট খন্ডে ভাগ করতে হবে, যাতে করে সেগুলো দ্রুত রপ্ত করা যায়। এরপর প্রতিদিন ৪৫ মিনিট করে সেসব বিষয় শিখতে হবে। আপনি হয়তো ঐ বিষয়ে বিশেষজ্ঞ হবেন না। কিন্তু বিশ ঘন্টার অধ্যায়ন শেষে দেখা যাবে (এতে হয়তো আপনার প্রায় এক মাস সময় লাগবে) ঐ কঠিন বিষয়টির যেসব অংশ দুর্বোধ্য বলে মনে হচ্ছিল আপনার কাছে, সেগুলো পরিস্কার হয়ে গেছে। আপনি হতাশা কাটিয়ে উঠেছেন। আরও পড়ুন: কেন একা বসে খাবেন তার আটটি কারণ যে আটটি উপায়ে আপনি বাড়াতে পারেন মগজের শক্তি অচেনা জায়গাকে চেনা মনে হয় যে কারণে এরপর যখন নতুন বিষয়টিতে আপনার দক্ষতা তৈরি হবে, তখন আপনি এটি আরও সুচারু করতে মনোযোগ দিতে পারবেন। কোন নতুন জিনিস শিখতে আরেকটি উপায় হচ্ছে ""পাঁচ ঘন্টার নিয়ম।"" প্রতিদিন এই নতুন জিনিস শেখার জন্য এক ঘন্টা বরাদ্দ রাখুন। সপ্তাহে পাঁচ দিনে পাঁচ ঘন্টা। বেনজামিন ফ্রাংকলিন প্রতিদিন এক ঘন্টা ব্যয় করতেন নতুন কিছু শিখতে। যুক্তরাষ্ট্রের প্রতিষ্ঠাতাদের একজন বেনজামিন ফ্রাংকলিন নাকি এই নিয়মের সবচেয়ে বিখ্যাত প্রবক্তাদের একজন। নতুন জ্ঞান আহরণের জন্য প্রতিদিন এক ঘন্টা সময় ব্যয় করতেন তিনি। যখন তিনি বুঝতে পারতেন যে ঐ বিষয়ে যথেষ্ট জ্ঞান তিনি পেয়েছেন, তখন তিনি পরবর্তী বিষয়ে মনোযোগ দিতেন। বিশেষজ্ঞরা মনে করেন, আমরা যদি সপ্তাহে পাঁচ ঘন্টার এই নিয়ম মেনে চলি, প্রতি চার সপ্তাহে আমরা একটা নতুন বিষয়ে দক্ষতা অর্জন করতে পারি। প্রতি চার সপ্তাহেই নতুন কিছু শেখা সম্ভব এভাবে নির্দিষ্ট পরিমাণ সময় ব্যয় করে নতুন জ্ঞান অর্জনের এই পদ্ধতি অনুসরণ করেন বিশ্বজুড়ে হাজার হাজার মানুষ। অপরাহ উইনফ্রে, বিল গেটস, এলন মাস্ক, ওয়ারেন বাফেট থেকে শুরু করে মার্ক জাকারবার্গ- অনেকেই স্বীকার করেছেন যে তারা পদ্ধতি ব্যবহার করে শিক্ষা অর্জন করেছেন। আপনি যদি এই পথ বেছে নিতে চান, দুটি বিষয় খুবই গুরুত্বপূর্ণ: প্রথমত: নতুন কিছু শেখার ইচ্ছে, আর দ্বিতীয়: সেটি বাস্তবে পরিণত করার জন্য নিজের জীবনে একটি শৃঙ্খলা মেনে চলা।","রুশ, আরবী কিংবা ম্যান্ডারিন ভাষা জানতে চান? বেহালা কিংবা বাঁশি বাজানো শিখতে চান? নাকি কোয়ান্টাম পদার্থবিদ্যা বুঝতে চান?","আমাদের মস্তিস্ক আসলে কিভাবে নতুন কিছু শিখতে পারে, তা নিয়ে একটি গবেষণায় দেখা যাচ্ছে।",0.0625,0.0,0.0625,0.62699735,14,18
"নিখোঁজ মানুষের এই ছবিটি প্রতীকী বাংলাদেশের সীমান্তরক্ষী বাহিনী বিজিবি নিশ্চিত করেছে, ওই নারী বাংলাদেশি, যিনি সাত বছর ধরে নিখোঁজ ছিলেন। মানসিক ভারসাম্যহীন ওই নারীর নাম শাহনাজ পারভিন, তার বাড়ি কুড়িগ্রাম জেলার উলিপুর উপজেলার দৈখাওয়ারচর গ্রামে। রামগড়ে বর্ডার গার্ড বাংলাদেশ বিজিবি'র জোনাল কমান্ডার লেফটেন্যান্ট কর্নেল মোহাম্মদ তারিকুল হাকিম বলেছেন, পরিচয় পাওয়া গেলেও শাহনাজকে ফিরিয়ে নিতে চায়নি তার পরিবার। যে কারণে এখন তাকে ইন্টারন্যাশনাল কমিটি অব রেডক্রস বা আইসিআরসির কাছে হস্তান্তর করে দেয়ার সিদ্ধান্ত নিয়েছে বিজিবি। কিন্তু গত এক মাসের বেশি সময় ধরে তাকে কেন্দ্র করে ঘটে চলেছে নানা ধরণের নাটকীয়তা। বাংলাদেশের সাথে ভারতের সীমান্তের প্রায় পুরোটাতেই কাঁটাতারের বেড়া দিয়ে ঘেরা উত্তেজনা আর নাটকীয়তা এপ্রিলের দুই তারিখে ভারতীয় সীমান্তরক্ষী বাহিনী বিএসএফ ওই নারীকে 'পুশ-ব্যাক' করে। প্রথমদিকে ধারণা করা হয়েছিল ওই নারী ত্রিপুরা রাজ্যের বাসিন্দা। যদিও বিএসএফ শুরু থেকেই দাবি করে আসছিল ওই নারী বাংলাদেশি। রামগড়ে বিজিবি'র জোনাল কমান্ডার মি. হাকিম জানিয়েছেন, এপ্রিলের দুই তারিখে বিএসএফের তাড়ায় ওই নারী বাংলাদেশ ও ভারতের ত্রিপুরা রাজ্যের মধ্যকার ফেনী নদীর সীমান্তবর্তী চরে আশ্রয় নেন। ওই চরটি নো-ম্যানস ল্যান্ড। এর মধ্যে গত এক মাসে শাহনাজকে নিয়ে দুই দেশের সীমান্তরক্ষী বাহিনীর মধ্যে তিন দফা পতাকা-বৈঠক হয়েছে। সর্বশেষ ৩০শে এপ্রিল রাতেও পতাকা-বৈঠক হয়। ত্রিপুরায় বিএসএফের ৬৬ ব্যাটালিয়নের কর্মকর্তারা বিবিসির দিল্লি প্রতিনিধিকে জানিয়েছেন, গত সপ্তাহে কয়েকদিন টানা বৃষ্টিপাতের ফলে ওই নারী নো-ম্যানস ল্যান্ড থেকে সরে গিয়ে আবার ত্রিপুরায় ঢুকে যাবার চেষ্টা করেছিলেন। তখন সেখানকার গ্রামবাসী ও বিএসএফ যৌথভাবে তাকে তাড়া করে বাংলাদেশে পাঠিয়ে দেয়। সীমান্তের কাছেই মানুষের জীবনযাপন যেভাবে পরিচয় পাওয়া গেলো রামগড়ের জনমানবহীন চরে খোলা আকাশের নিচে ওই নারীর অবস্থানের সময়ে বিজিবি তার পরিচয় শনাক্তের চেষ্টা করে। মি. হাকিম বলছিলেন, ""শুরুতে আমরা ভেবেছিলাম, ওই নারী ভারতের ত্রিপুরা রাজ্যের বাসিন্দা। কারণ আমরা যখন তার সাথে কথা বলেছি, উনি একেকবার একে রকম তথ্য দেন। একবার তার বাড়ি ত্রিপুরার সাবরুম থানায় বলেছে, আবার পরে বলেছে কুড়িগ্রাম জেলায়, যে কারণে আমরা নিশ্চিত হতে পারছিলাম না।"" ""কিন্তু তার কথাবার্তা ও উচ্চারণ এবং আরো কিছু সূত্র মিলিয়ে আমরা সিদ্ধান্ত নিই কুড়িগ্রামে যোগাযোগ করার। তখন শাহনাজের ছবি তুলে ও ভিডিও করে কুড়িগ্রাম বিজিবি, ইউনিয়ন পরিষদ এবং উপজেলা প্রশাসনের কাছে পাঠানো হয়। তখন তার ভাই এবং এলাকার জনপ্রতিনিধি তাকে শনাক্ত করে। এরপর আমরা তার পরিবারের সঙ্গে যোগাযোগ করতে সমর্থ হই।"" কিন্তু ভারতে থাকার সময় শাহনাজ কোথায় ছিলেন, সেটা তিনি বলতে পারেননি। আরো পড়ুন: যেসব শর্তে আবারও বাড়ানো হলো 'সাধারণ ছুটি'র মেয়াদ সাংবাদিককে হাতকড়া পরানোর ছবি নিয়ে এতো সমালোচনা কেন? ঈদের কেনাকাটায় 'লকডাউনের' প্রভাব, কী ভাবছেন বিক্রেতারা? করোনাভাইরাস: সাধারণ ছুটি বাড়ছে, কিন্তু কারখানা খুলছে কেন? মি. হাকিম জানান, পরিবারের কাছ থেকে তারা জানতে পেরেছেন, শাহনাজ ছোটবেলা থেকেই মানসিক ভারসাম্যহীন। তিনি বাড়ি থেকে নিখোঁজ হয়ে যান ২০১৩ সালে। এরপর তার আর কোন খোঁজ পায়নি পরিবার। এ ঘটনায় বোনকে শনাক্ত করলেও, তাকে ফিরিয়ে নিতে চাননি তার ভাই। যে কারণে এখন বিজিবি সিদ্ধান্ত নিয়েছে শাহনাজকে আইসিআরসির কাছে হস্তান্তর করে দেয়া হবে। এদিকে, ওখানে থাকার সময়ে শাহনাজের খাবারের ব্যবস্থা করেছে বিজিবি। পরিচয় শনাক্ত হবার পর এখন তাকে নো-ম্যানস ল্যান্ড থেকে সরিয়ে বাংলাদেশ অংশে আনা হয়েছে এবং ভারতীয় সীমান্ত বাহিনীকে জানিয়ে দেওয়া হয়। বিবিসি বাংলায় আরো পড়তে পারেন: সীমান্ত হত্যা নিয়ে পাল্টাপাল্টি দোষারোপ কেন বৈঠকের পরও বাংলাদেশিদের ফেরত দেয়নি বিএসএফ বাংলাদেশ-ভারত সীমান্ত ব্যবস্থাপনা কি কাজ করছে? সীমান্তে কাঁটাতারের বেড়া যেভাবে বদলে দিচ্ছে জীবন বাংলাদেশ-ভারত সীমান্তে এতো প্রাণহানি কেন?",খাগড়াছড়ির সীমান্তবর্তী নো-ম্যানস ল্যান্ডে এক মাসের বেশি সময় ধরে আটকে থাকা একজন মানসিক ভারসাম্যহীন নারীর নাগরিকত্ব নিয়ে বাংলাদেশ এবং ভারতের মধ্যে পাল্টাপাল্টি দায় চাপানোসহ নানা তৎপরতার পর ওই নারীর পরিচয় পাওয়া গেছে।,বাংলাদেশ ও ভারতের সীমান্তের প্রায় পুরোটাতেই কাঁটাতারের বেড়া দিয়ে ঘেরা উত্তেজনা আর নাটকীয়তা।,0.08888888888888889,0.0,0.08888888888888889,0.6732467,13,32
"মাশরাফির অবসরের পর আর টি টোয়েন্টি ম্যাচ জেতেনি বাংলাদেশ ঢাকায় এক সংবাদ ব্রিফিংয়ে তিনি বলেন, মাশরাফি নিজেই টেস্টে খেলতে তার নিজের আগ্রহের কথা জানিয়েছেন, কিন্তু বোর্ড চাইছে যাতে তিনি টি-টোয়েন্টি দলে ফেরেন। মি. হাসান বলেন, ""এটা তো মাশরাফির ওপর নির্ভর করে। আমরা তো ওকে জোর করতে পারিনা। আমরা এই টি-টোয়েন্টি সিরিজেই তাকে ফিরতে বলেছিলাম।"" বাংলাদেশের ওয়ানডে দলের অধিনায়ক মাশরাফি বিন মর্তুজাকে এখনো নতুন বলের সেরা বোলার মনে করেন তিনি। এর আগে ২০১৭ সালে মাশরাফি বিন মর্তুজা শ্রীলংকার মাটিতে টি-টোয়েন্টি সিরিজের প্রথম ম্যাচে টসের সময় অবসর ঘোষণা দেন। এরপর ক্ষুব্ধ ভক্ত-সমর্থকরা অভিযোগ করেন যে বাংলাদেশ ক্রিকেট বোর্ডই মাশরাফিকে এমন একটি সিদ্ধান্ত নিতে বাধ্য করেছে। মাশরাফির অবসরের পর আর কোন টি-টোয়েন্টি ম্যাচ জেতেনি বাংলাদেশ। মোট ৫৪ টি আন্তর্জাতিক টি টোয়েন্টি ম্যাচ খেলেন মাশরাফি কোচ নিয়ে কী বলছে বিসিবি? ক্রিকেট বোর্ডের সভাপতি নাজমুল হাসান বলেন, খালেদ মাহমুদ সুজন তার সর্বোচ্চ চেষ্টা করেছেন, কিন্তু ক্রিকেটারদের দেখে মনে হয়নি যে তারা জিততে চায়। তবে সদ্যসমাপ্ত সিরিজে কোচের অভাব প্রকটভাবে ফুটে উঠেছে বলে মনে করেন তিনি। মি. হাসান বলেন, ""কোচের অভাব রয়েছে। কোচ প্রয়োজন, তবে এই মূহুর্তে কোচ পাওয়াটা কঠিন। সামনে ইন্ডিয়ান প্রিমিয়ার লিগ, এই সময়ে ভাল কোচদের পাওয়াটা কঠিন।"" তিনি বলেন, চন্ডিকা হাথুরুসিংহে ভাল কোচ, তবে এমনটা নয় যে তিনিই সেরা। তাই দলের মনোভাব পরিবর্তনের ওপর জোর দিয়েছেন বিসিবি সভাপতি। বিবিসি বাংলায় আরও পড়তে পারেন: উপদ্রব আর শিশুদের বিরক্তির কারণ সৌদি মসজিদ? বাংলাদেশ কেন টি২০ ক্রিকেট রপ্ত করতে পারছে না? জিরো লাইনে থাকা রোহিঙ্গাদের ফেরত নেবে মিয়ানমার",বাংলাদেশের টি-টোয়েন্টি দলে মাশরাফি বিন মর্তুজা চাইলে খেলতে পারেন - এ কথা জানিয়েছেন বাংলাদেশ ক্রিকেট বোর্ডের সভাপতি নাজমুল হাসান।,"বাংলাদেশ ক্রিকেট বোর্ডের সভাপতি নাজমুল হাসান বলেছেন, মাশরাফি বিন মর্তুজা টি-টোয়েন্টি দলে ফিরতে চান না।",0.5882352941176471,0.43750000000000006,0.29411764705882354,0.87645894,15,19
"নভেম্বরের মাঝামাঝি দুই হাজার রোহিঙ্গা বাংলাদেশ থেকে মিয়ানমার ফিরে যাবে বলে জানিয়েছে মিয়ানমার কর্তৃপক্ষ প্রত্যাবাসন নভেম্বরের মাঝামাঝি সময়ে শুরু হতে পারে এবং প্রথম দফায় প্রায় দুই হাজার রোহিঙ্গা রাখাইনে ফেরত পাঠানো হবে বলে জানানো হয়। জয়েন্ট ওয়ার্কিং গ্রুপের সদস্যরা কক্সবাজারে বেশকিছু রোহিঙ্গা ক্যাম্পে গিয়ে নেতাদের সাথে কথা বলেছেন; যার পেছনে মূল উদ্দেশ্য ছিল মিয়ানমার সরকারের নেয়া পদক্ষেপের কথা জানিয়ে রোহিঙ্গাদের মধ্যে আস্থা তৈরি করা। শরণার্থী ক্যাম্পের একজন রোহিঙ্গা নেতা মোহাম্মদ নূর বিবিসিকে বলেন, ""তারা আমাদের বুঝিয়েছেন যে প্রত্যাবাসন শুরু হলে এখানে (বাংলাদেশে) ট্রানজিট ক্যাম্পে কয়েকদিন থেকে মিয়ানমারের অস্থায়ী ক্যাম্পে নিয়ে যাওয়া হবে।"" মি. নূর জানান, তাদেরকে বলা হয়েছে মিয়ানমারের অস্থায়ী ক্যাম্পে ৫ মাস থাকার পর তারা নিজেদের আদি বাসস্থানে ফিরে যেতে পারবেন এবং মিয়ানমারের নাগরিকত্বের জন্য আবেদন করতে পারবেন। তবে রোহিঙ্গারা চায় সীমান্ত পার হওয়ার পরই যেন তাদের নাগরিকত্ব দেয়া হয়। পাশাপাশি প্রত্যাবাসনের সময় জাতিসংঘের নিরাপত্তা রক্ষীদের উপস্থিতিও দাবি করছে তারা। ২০১৭ সালের অগাস্ট থেকে ৭ লক্ষেরও বেশি রোহিঙ্গা বাংলাদেশে পালিয়ে এসেছেন। আরো পড়তে পারেন: ভারত কীভাবে রোহিঙ্গাদের ফেরত পাঠাতে পারছে? নির্বাচন নিয়ে সংলাপ কখনো সফল হয়নি কেন? মোবাইল কেসের ছবি থেকে জানা গেল যেভাবে রোহিঙ্গাদের ফিরে যাওয়ার জন্য উপযুক্ত পরিবেশ তৈরি করতে মিয়ানমার সরকারের নেয়া বিভিন্ন পদক্ষেপের বিষয়ে সেদেশের কর্তৃপক্ষ ফলাও করে প্রচারণা চালালেও আসলে পরিস্থিতির কতটা উন্নতি হয়েছে সে প্রশ্ন থেকেই যায়। বিবিসি'র বার্মিজ বিভাগের সংবাদদাতা স ইয়ান নিয়াং রাখাইন অঞ্চলে তার সরেজমিন অনুসন্ধানের ভিত্তিতে জানান, প্রচারণা চালানো হলেও, আসলে অবস্থার খুব একটা উন্নয়ন হয়নি। মি. নিয়াং বলেন, রাখাইন অঞ্চলে অবস্থার উন্নয়ন সম্পর্কে সরকার নানাবিধ দাবি করলেও মাঠ পর্যায়ে অবস্থার খুব একটা উন্নতি হয়েছে বলে তিনি মনে করেন না। তিনি জানান, শরণার্থীরা মিয়ানমারে ফিরে আসার পর প্রাথমিকভাবে যেসব অস্থায়ী ক্যাম্পে থাকবে সেখানে ৩০০ থেকে ৪০০'র বেশি ঘর নেই এবং সেখানে একসাথে খুব বেশি মানুষ থাকতে পারবে না; কিন্তু মিয়ানমার কর্তৃপক্ষ দাবি করেছে সেসব অস্থায়ী আবাস একসাথে ৩০ হাজার মানুষ ধারণের ক্ষমতা রাখে। আর সেসব এলাকার স্থানীয় বাসিন্দা, সরকারি কর্মকর্তা এবং আইন শৃঙ্খলা রক্ষাকারী বাহিনীর সদস্যদের মধ্যে সচেতনতা তৈরির যেসব কার্যক্রমের কথা মিয়ানমার বলছে, তা রোহিঙ্গাদের নিরাপত্তা ও সম্মানজনক প্রত্যাবর্তন নিশ্চিত করতে কতটুকু ভূমিকা রাখবে, তা নিয়েও তিনি সন্দিহান। আরো পড়তে পারেন: সংলাপে কোন ইস্যুতে ছাড় দিতে পারে বিএনপি? এক বালতি পানি, ব্লাসফেমি এবং আসিয়া বিবির ফাঁসি সংলাপ: এবার বিকল্পধারাকে আমন্ত্রণ জানালেন শেখ হাসিনা","রোহিঙ্গা প্রত্যাবাসনের উদ্দেশ্যে তৈরি জয়েন্ট ওয়ার্কিং গ্রুপের বৈঠকের পর মঙ্গলবার মিয়ানমারের পররাষ্ট্র সচিব জানান, রোহিঙ্গাদের নিরাপদ ও সম্মানজনক প্রত্যাবাসন নিশ্চিত করতে রাখাইনে মিয়ানমার কর্তৃপক্ষ বিভিন্ন ধরণের কার্যক্রম পরিচালনা করছে।",বাংলাদেশ থেকে পালিয়ে আসা রোহিঙ্গাদের ফেরত পাঠানোর জন্য উপযুক্ত পরিবেশ তৈরি করতে জাতিসংঘের জয়েন্ট ওয়ার্কিং গ্রুপের সদস্যরা কক্সবাজারে গিয়ে কথা বলেছেন।,0.24000000000000002,0.08333333333333333,0.16,0.72863764,21,29
"কুর্দি বাহিনীর সাথে দামেস্কের চুক্তির পর তুর্কি সীমান্তের দিকে এগিয়ে যাচ্ছে সিরিয়ার সরকারি বাহিনী তার নির্ধারিত কয়েকটি ঘটনা আমেরিকার মিত্রশক্তি এবং সিরিয়ার কুর্দিদের সাথে বিশ্বাসঘাতকতা করেছে। অন্যদিকে সম্ভাবনার দ্বার খুলে দিয়েছে বিরোধী শক্তি অর্থাৎ তুরস্ক, সিরিয়ার বাশার আল আসাদের শাসন ব্যবস্থা, এদের সমর্থক, রাশিয়া ও ইরান এবং জিহাদি গোষ্ঠী ইসলামিক স্টেটের জন্য। সিরিয়ার আট বছরের যুদ্ধ মধ্যপ্রাচ্যের চিত্র পূর্ণগঠন ও পরিবর্তন করেছে। আর গত এক সপ্তাহ ছিল নতুন আরেকটি বাঁক। সম্ভবত প্রেসিডেন্ট ট্রাম্পের বুদ্ধিমত্তা তাকে এ বিষয়ে আগেই আভাস দিয়েছিল। অথবা তার নিজের সহজাত প্রবৃত্তির উপর নির্ভর করার অভ্যাস, মধ্যপ্রাচ্যের জটিল পরিস্থিতির বিষয়ে তাকে মারাত্মক ভুল সিদ্ধান্ত নিতে তাড়িত করেছে। বিদেশি অনুঘটক তুরস্কের সাথে সীমান্তের বেশ কয়েকটি ঘাঁটি থেকে সেনা প্রত্যাহার করেছে যুক্তরাষ্ট্র বছরের পর বছর ধরে চলে আসছে যে, সিরিয়ার ভাগ্য দেশটির নিজস্ব জনগণ নয় বরং বিদেশিরা নির্ধারণ করবে। বারবার এ ধরণের হস্তক্ষেপ সিরিয়ার যুদ্ধকে উস্কে দিয়েছে এবং টিকিয়েও রেখেছে। সিরিয়ায় প্রভাব এবং শক্তির প্রতিযোগিতা সম্পর্কে লিখতে হলে এ যুদ্ধের শিকার মানুষদের ভোগান্তির বর্ণনার মধ্য দিয়ে তা শুরু করতে হবে। প্রতিটি সামরিক পদক্ষেপই বেসামরিক নাগরিকদের জন্য ধ্বংস এবং মৃত্যু ডেকে এনেছে। এ ধরণের নির্দেশ যেসব নেতারা দিয়েছে তাদের সবার ওই মানুষদের ভোগান্তির ভিডিও দেখা বাধ্যতামূলক করা উচিত। এসব চিত্র অনলাইন কিংবা টেলিভিশনে খুঁজে পাওয়া খুব কঠিন কিছু নয়। ট্রাম্পের বর্ণিত সীমাহীন যুদ্ধাবস্থা থেকে সেনা প্রত্যাহারের সিদ্ধান্ত তুরস্ককে সিরিয়ায় সেনা অভিযানের সবুজ সংকেত দিয়েছে। তুরস্কের প্রেসিডেন্ট রেচেপ তাইপ এরদোয়ান বলেছেন, এসডিএফ বা সিরিয়ান ডেমোক্রেটিক ফোর্সের কুর্দি বাহিনীর বিরুদ্ধে অভিযান চালাতে চান তিনি, কারণ তারা তার নিজের দেশের কুর্দি বিদ্রোহীদের মিত্র বাহিনী। তার পরিকল্পনার মধ্যে রয়েছে সীমান্তের উভয় পার্শে উত্তর-পূর্ব সিরিয়ায় নিয়ন্ত্রণ স্থাপন করা এবং ২০ মাইল জুড়ে একটি নিয়ন্ত্রিত অঞ্চল তৈরি করা। ওই এলাকায় তিনি ১০ লাখেরও বেশি সিরিয় শরণার্থীকে প্রত্যাবাসন করতে চান। আরো পড়ুন: তুরস্ককে প্রতিহত করতে কুর্দিদের সাথে সিরিয়ার চুক্তি আইএস'এর বিদেশি যোদ্ধাদের ফিরিয়ে নিচ্ছে কারা? তুরস্কের অভিযানের শিকার কুর্দি জনগোষ্ঠী কারা? যুক্তরাষ্ট্র যখন সিরিয়ার কুর্দি এবং আরবদের প্রশিক্ষণ ও অস্ত্র দিতে চাইলো আইএসের বিরুদ্ধে লড়াই করতে, তখন তাদের ভাবী- কুর্দি মিত্রদেরকে জঙ্গি হিসেবে দেখছিল আরেক ন্যাটো মিত্র দেশ তুরস্ক। তবে ভবিষ্যতে এ নিয়ে সমস্যা হতে পারে জেনেও একে না দেখার ভান করেছিল ওয়াশিংটন। আর এখন সেই ভবিষ্যতটিই চলে এসেছে, আর সমস্যাটিও বেড়েছে। এক সপ্তাহ আগে, মুষ্টিমেয় কিছু মার্কিন সেনা সিরিয়ার কুর্দিদের জন্য নিরাপত্তার প্রতীক হয়েছিলো। কট্টরপন্থী জিহাদি গ্রুপ আইএসের বিরুদ্ধে লড়াইয়ে যারা গুরুত্বপূর্ণ মার্কিন মিত্র হয়ে উঠেছিল। যুক্তরাষ্ট্র, যুক্তরাজ্য এবং অন্যান্য দেশ বিমান শক্তি এবং বিশেষ বাহিনীর সেনাদের পাঠালেও যুদ্ধক্ষেত্রে লড়েছে এবং প্রাণ দিয়েছে কুর্দি সেনারা। যখন কথিত ওই খিলাফতের ও আইএসের পতন হল, কুর্দিরা জড়ো হয়ে হাজার হাজার জিহাদি যোদ্ধাকে বন্দী করলো। পরিবর্তিত পরিস্থিতি সিরিয়ার উত্তর-পূর্বাঞ্চলের সীমান্ত শহরে অভিযান অব্যাহত রেখেছে তুরস্ক ও মিত্রশক্তি তবে প্রেসিডেন্ট ট্রাম্পের কয়েকটি টুইট করতে যে সময় লাগে, তার চেয়েও কম সময়ে কুর্দিরা বুঝেছিল যে তাদেরকে বর্জন করা হয়েছে এবং এটি আমেরিকার সামরিক বাহিনীর মধ্যে আতঙ্ক ছড়িয়ে দিয়েছিল। মার্কিন প্রতিরক্ষামন্ত্রী মার্ক এসপার কুর্দিদের বর্জন করার অভিযোগ নাকচ করে দেন। কিন্তু যেভাবে তুর্কিরা অগ্রসর হচ্ছে এবং আমেরিকানরা চলে যাচ্ছে, তাতে কুর্দিরা সেই আশ্বাস পাচ্ছে না। নিজের অস্থির ইতিহাসে আবারো বিদেশি শক্তির নিগৃহীত মিত্র শক্তি হিসেবে নিজেদের পেলো কুর্দিরা। তারা আবারো নিজেদের পুরনো শত্রু দামেস্কের দিকেই ফিরে গেছে। বিবিসি বাংলার অন্যান্য খবর: বাংলাদেশের রাজনীতিতে আবারও ভারত বিরোধিতা অভিজিৎ ব্যানার্জীর নোবেল নিয়ে বিজেপি কেন নিস্পৃহ সুন্দরবনে বনদস্যুরা কী আবার ফিরে আসছে? মানবাধিকারের নতুন সংজ্ঞা দিচ্ছেন অমিত শাহ? রোববার কুর্দি ঘোষণা করেছে যে, সিরিয়ার প্রেসিডেন্ট বাশার আল আসাদের সাথে একটি চুক্তি সই করেছে তারা। চুক্তি অনুযায়ী, ২০১২ সালের পর থেকে তুরস্কের সাথে সীমান্তের যেসব এলাকায় দামেস্ক নিয়ন্ত্রণ স্থাপন করতে পারেনি সেসব এলাকাতেও প্রবেশাধিকার পাচ্ছে আসাদ সেনারা। এটা বাশার আল আসাদের শাসন ব্যবস্থার জন্য একটি বড় জয়। উত্তর-পূর্ব অঞ্চলে যেসব ঘাঁটি রক্ষণাবেক্ষণ করতো সেনারা সেগুলো থেকে দ্রুত সরে গেছে। আসাদের অনুগতরা সিরিয়ার পতাকা উত্তোলন করেছে। আমেরিকার মধ্যপ্রাচ্য বিষয়ক নীতির জন্য এই দিনটি ছিল একটি ভয়াবহ দিন। কুর্দিদের মিত্র বাহিনী, সিরিয়ার একাংশে তাদের নিজেদের পরিচালিত শাসনের নিরাপত্তা, সব মিলিয়ে যুদ্ধাবসানের খেলায় আমেরিকানদের একটা পক্ষ দিয়েছিল। এটা ছিল আসাদ সাম্রাজ্যের সমর্থক শক্তি: রাশিয়া ও ইরানকে দূরে রাখার একটি উপায়ও। আমেরিকানদের বিদায় এবং সিরিয় বাহিনীর অগ্রসর হওয়াটাও তাদের জন্য জয়। এর মধ্য দিয়ে জিহাদি চরমপন্থি ইসলামি স্টেটের পুনরুত্থানেরও একটি সুযোগ তৈরি হল। টেলিগ্রাম নামে একটি বার্তা পাঠানোর অ্যাপে তারা সিরিয়ায় নতুন করে সহিংসতা ছড়ানোর ঘোষণা দিয়েছে। তারা তাদের দখলকৃত এলাকা বা খিলাফত হারিয়েছে, কিন্তু যারা কারাগারের বাইরে ছিল তারা নিজেদেরকে স্লিপার সেলের অন্তর্ভুক্ত করে নতুন করে গেরিলা হামলা চালানোর প্রস্তুতি নিচ্ছে। আসাদের জন্য জয় জাতীয় পতাকা উড়াচ্ছে সিরিয়ার সরকারি বাহিনীর এক সেনা সদস্য এখন কুর্দিরা ধুঁকছে, এই সুযোগে তারা কুর্দিদের কারাগারে আটক হাজার হাজার যোদ্ধাকে মুক্ত করার স্বপ্ন দেখছে। তাদের অনেকেই কুখ্যাত খুনি যারা আবারো বন্দুক এবং গ্রেনেড বহনের সুযোগ পেলে একটি বড় হুমকি হয়ে দেখা দেবে। আর এটা শুধু সিরিয়ার জন্য হবে না বরং তার আরো দূরেও ছড়িয়ে পড়বে। বস্তুত বলতে গেলে, পশ্চিমা সরকার গুলো নতুন করে আইএসের হুমকি সামলানোর বিষয়ে বেশ ভয়ে রয়েছে। মধ্যপ্রাচ্যের সংকট যখন ইউরোপের দরজার কড়া নাড়তে আসে ঠিক সেই মুহূর্তে অভিযান বন্ধ করতে তুরস্ককে আহ্বান জানায় পশ্চিমা সরকারগুলো। অনেক ন্যাটো সদস্যই সিরিয়া নতুন একটি দুঃস্বপ্নকে মাথাচাড়া দিয়ে উঠতে দেখছেন। যারা রাশিয়ার সমর্থন নিয়ে আরেক ন্যাটো সদস্য তুরস্কের বিরুদ্ধে মাঠে নামবে তারা। রাশিয়া বলছে যে তারা তুরস্কের সাথে নিয়মিত যোগাযোগ বজায় রেখে চলছে। কিন্তু যুদ্ধের চলমান পরিস্থিতিতে, ভুল বোঝার এবং ভুল সিদ্ধান্তের কারণে সংকট বাড়ার আশঙ্কা সব সময়ই থাকে। সম্ভবত গত সপ্তাহ যা ঘটেছে তা সিরিয়া যুদ্ধের সমাপ্তিকে অনেকটা সহজই করেছে। যুদ্ধের দুই প্রধান পক্ষ আমেরিকা এবং কুর্দিরা পুরো চিত্র থেকে মুছে গেছে। এবং প্রেসিডেন্ট আসাদ তার মিত্র দেশ রাশিয়া এবং ইরানকে নিয়ে সিরিয়ার ভয়াবহ যুদ্ধে নিজেদের জয়কে আরো পোক্ত করবে।","মাত্র এক সপ্তাহেই পাল্টে গেছে সিরিয়ার যুদ্ধের চিত্র। এই সাত দিনে প্রেসিডেন্ট ডোনাল্ড ট্রাম্প তার স্বঘোষিত ""মহান এবং অতুলনীয় জ্ঞানের"" মাধ্যমে সিরিয়ার উত্তরাঞ্চল থেকে মার্কিন সেনা প্রত্যাহারের নির্দেশ দিয়েছেন।",প্রেসিডেন্ট ডোনাল্ড ট্রাম্প গত এক সপ্তাহ ধরে যুদ্ধের শিকার ছিলেন।,0.25641025641025644,0.10810810810810811,0.15384615384615385,0.7712988,10,29
"মারধর এবং বিনা কারণে পুলিশে দেয়ার প্রতিবাদে অবস্থান নিয়েছেন মুকিম তিনি বুধবার সন্ধ্যে থেকে এই অবস্থান নিয়েছেন। মঙ্গলবার রাতে তাকেসহ বাকীদেরকে নির্যাতনের পর পুলিশের হাতে তুলে দেয়া হয়। মুকিম চৌধুরী বিবিসিকে জানিয়েছেন, তাকে মারধর এবং বিনা কারণে পুলিশে দেয়ার ঘটনায় জড়িতদের বিচার না হওয়া পর্যন্ত তিনি সেখানে অবস্থান করবেন। এজন্য জহুরুল হক হল শাখা ছাত্রলীগ নেতার ও ডাকসু হল সংসদের কয়েকজন নেতার বিরুদ্ধে অভিযোগ করছেন মিঃ চৌধুরী। এদিকে, মুকিমের ওপর নির্যাতনের প্রতিবাদে ঢাকা বিশ্ববিদ্যালয়ের ট্যুরিজম অ্যান্ড হসপিটালিটি ম্যানেজমেন্ট বিভাগের শিক্ষার্থীরা রাজু ভাস্কর্যে মানববন্ধন করেছেন। মুকিম এই বিভাগের দ্বিতীয় বর্ষের ছাত্র। অন্যদিকে, ঘটনার সুষ্ঠু তদন্তের জন্য জহুরুল হক হল কর্তৃপক্ষ তিন সদস্যের তদন্ত কমিটি গঠন করেছে। কী হয়েছিল? মুকিম চৌধুরী বলেন, সার্জেন্ট জহুরুল হক হলে মঙ্গলবার রাতে সরকার-সমর্থক ছাত্রলীগের কয়েকজন নেতা তাকেসহ দ্বিতীয় এবং তৃতীয় বর্ষের মোট চারজন ছাত্রকে গেস্টরুমে ডেকে নেবার পর তাদের মারধর করা হয়। ছাত্র নির্যাতনের প্রতিবাদে ঢাকা বিশ্ববিদ্যালয়ে মানববন্ধন করেছে শিক্ষার্থীরা মারধরের শিকার শিক্ষার্থীরা অভিযোগ করেছেন, তাদেরকে 'শিবির সন্দেহে' ডাকা হয়েছিল, এবং তাদের দফায় দফায় হাতুড়ি, মোটা তার (মোটা এই কোএক্সিয়েল তারগুলো স্যাটেলাইট টিভি সংযোগের জন্য ব্যবহার হয়) এবং ক্রিকেট স্ট্যাম্প দিয়ে পেটানো হয়। এক পর্যায়ে ছাত্রলীগের অন্য নেতৃবৃন্দ এবং হলের আবাসিক শিক্ষকেরা এসে পৌঁছালে চার ছাত্রকে শাহবাগ থানায় হস্তান্তর করা হয়। তবে, ছাত্রলীগের সাধারণ সম্পাদক লেখক ভট্টাচার্য দাবি করেছেন, ওই শিক্ষার্থীদের জিজ্ঞাসাবাদ করার ঘটনায় শুধু হল শাখা ছাত্রলীগ নয়, হলের সাধারণ শিক্ষার্থীরাও ছিল। ""মারধরের ঘটনায় ছাত্রলীগ জড়িত ছিল না, যদি আমরা দেখি কেউ তাতে জড়িত ছিল, তাহলে তাদের বিরুদ্ধে আমরা সাংগঠনিক ব্যবস্থা নেব।"" পুলিশের হাতে তুলে দেয়ার প্রায় ১২ ঘণ্টা পর বুধবার বিকেল চারটায় শাহবাগ থানা থেকে চার ছাত্রকে ছেড়ে দেয়া হয়। শাহবাগ থানা থেকে জানানো হয়েছে, বিশ্ববিদ্যালয়ের পক্ষ থেকে কোন লিখিত অভিযোগ না পাওয়ায় চার ছাত্রকে প্রাথমিক জিজ্ঞাসাবাদের পর ছেড়ে দেয়া হয়। রাজু ভাস্কর্যে অবস্থান থানা থেকে ছাড়া পাবার পর, চারজন ছাত্রের একজন মুকিম চৌধুরি ওই ঘটনার প্রতিবাদে এবং তাতে জড়িতদের বিচার চেয়ে বুধবার সন্ধ্যার পর থেকে বিশ্ববিদ্যালয়ের রাজু ভাস্কর্যে অবস্থান ধর্মঘট পালন করছেন। বৃহস্পতিবার ভোররাত পর্যন্ত রাজু ভাস্কর্যে অবস্থান করার পর, সকাল সাতটা থেকে আবারো সেখানে অবস্থান নিয়েছেন মুকিম। তিনি বিবিসিকে জানিয়েছেন, ""এ ঘটনায় যতক্ষণ জড়িতদের বিচার না হবে, আমাদের নিরাপত্তা না দেয়া হবে, আমি এখান থেকে কোথাও যাবো না। আমাকে অন্যায়ভাবে সন্দেহ করা হইছে এবং বেদম মারা হইছে। আমি এ ঘটনার বিচার চাই।"" মুকিম অভিযোগ করেছেন, তাকে মারধরের ঘটনায় সরকার-সমর্থক ছাত্রলীগের হল কমিটির কয়েকজন নেতা এবং হল সংসদের কয়েকজন অংশ নিয়েছেন। বিক্ষোভ মুকিমসহ চারজন ছাত্রকে নির্যাতনের প্রতিবাদে ঢাকা বিশ্ববিদ্যালয়ের ট্যুরিজম অ্যান্ড হসপিটালিটি ম্যানেজমেন্ট বিভাগের শিক্ষার্থীরা সকালে রাজু ভাস্কর্যে মানববন্ধন করেছেন। মুকিম এই বিভাগের দ্বিতীয় বর্ষের ছাত্র। এদিকে, নির্যাতনের প্রতিবাদে এবং এ ঘটনায় জড়িতদের বিচারের দাবিতে ঢাকা বিশ্ববিদ্যালয়ের সন্ত্রাসবিরোধী ছাত্র ঐক্য দুপুর বারোটায় বিক্ষোভ মিছিল করছে। তদন্ত কমিটি ঘটনার সুষ্ঠু তদন্তের জন্য জহুরুল হক হল কর্তৃপক্ষ তিন সদস্যের তদন্ত কমিটি গঠন করেছে। রাতে মুকিমকে দেখতে রাজু ভাস্কর্যে গিয়ে এই তদন্ত কমিটি গঠনের কথা জানান সার্জেন্ট জহুরুল হক হলের প্রভোস্ট অধ্যাপক দেলোয়ার হোসেন। এখানে উল্লেখ করা যেতে পারে, গত বছর অক্টোবর মাসে বুয়েটের ছাত্র আবরার ফাহাদকে 'শিবির সন্দেহে' টানা নির্যাতনের এক পর্যায়ে সে মারা যায়। নির্যাতনের অভিযোগ ছিল ছাত্রলীগের বিরুদ্ধে। এ ঘটনায় দেশব্যাপী ছাত্রবিক্ষোভ ছড়িয়ে পড়েছিলো।",ঢাকা বিশ্ববিদ্যালয়ে সার্জেন্ট জহুরুল হক হলে 'শিবির সন্দেহে' নির্যাতনের শিকার চারজন শিক্ষার্থীর একজন মুকিম চৌধুরী বিচারের দাবিতে টিএসসির রাজু ভাস্কর্যের পাদদেশে অবস্থান নিয়েছেন।,বাংলাদেশ ক্রিকেট দলের সাবেক অধিনায়ক মুকিম চৌধুরী ঢাকা বিশ্ববিদ্যালয়ের জহুরুল হক হলে ছাত্র নির্যাতনের ঘটনায় জড়িতদের বিচার না হওয়া পর্যন্ত সেখানে অবস্থান নিয়েছেন।,0.391304347826087,0.18181818181818182,0.30434782608695654,0.762657,23,23
"বিশেষজ্ঞরা বলেছেন, দেশে এখন পাঁচ কোটির বেশি মানুষের খাদ্য সাহায্য জরুরি হয়ে পড়েছে। প্রধানমন্ত্রী শেখ হাসিনা বৃহস্পতিবার মোবাইল ব্যাংকিংয়ের মাধ্যমে এই নগদ টাকা দেয়ার কার্যক্রমের উদ্বোধন করেছেন। এছাড়া সরকারের পক্ষ থেকে নিম্ন আয়ের মানুষকে খাদ্য সহায়তা দেয়ার বিভিন্ন কর্মসূচি চালানো হচ্ছে। কিন্তু খাদ্য সহায়তা দেয়ার ক্ষেত্রে অনেক জায়গায় অনিয়ম-দুর্নীতি এবং সমন্বয়হীনতার অভিযোগ উঠেছিল। নানা অভিযোগের মুখে ত্রাণ কার্যক্রম সমন্বয় এবং তদারকির বিষয়টা প্রশাসন বা আমলাদের নিয়ন্ত্রণে নিয়ে একজন করে সচিবকে একটি করে জেলার দায়িত্ব দেয়া হয় কয়েক সপ্তাহ আগে। এরপরও পর্যবেক্ষকদের অনেকে সমন্বয়ের অভাবের অভিযোগ করেন। এছাড়া যদিও সরকারের পক্ষ থেকে বলা হচ্ছে, ইতিমধ্যে প্রায় সাত কোটি মানুষকে খাদ্য সহায়তা দেয়া হয়েছে, কিন্তু চলমান লকডাউনের দুই মাস পর এসেও দেশের বিভিন্ন জায়গা থেকে অনেক মানুষ সহায়তা না পাওয়ার অভিযোগ করেছেন। উত্তরের বগুড়া জেলা শহরের বাসিন্দা মাসুদ রানা স্থানীয় একটি বেসরকারি প্রতিষ্ঠানে চাকরি করেন। সেটি এখন বন্ধ এবং দুই মাস ধরে বেতন না পেয়ে তিনি চরম সংকটে রয়েছেন। তিনি খাদ্য সহায়তা দেয়া এবং তালিকা তৈরির কথা শুনেছেন। তবে এর কোনটিই তিনি পাননি বলে জানান। ""আমার পরিবারে মা, দাদি, আমি এবং আমার ছোট ভাই-এই চারজনের পরিবারের পুরো দায়িত্বই আমার ঘাড়ে। আমরা যে পরিস্থিতির মধ্যে আছি, খাবার এবং অর্থসংকটে আছি। ধার করে চলছি। সরকারের খাদ্য সাহায্য বা তালিকা কিছুই আমরা পাইনি।"" বিভিন্ন জায়গা থেকেই অনেকে এমন অভিযোগ করছেন। নতুন করোনাভাইরাস কত দ্রুত ছড়ায়? কতটা উদ্বেগের? করোনাভাইরাস : কীভাবে বানাবেন আপনার নিজের ফেসমাস্ক টাকার মাধ্যমে করোনাভাইরাস ছড়াতে পারে কি? কোথায় কতোক্ষণ বেঁচে থাকে কোভিড-১৯ এর জীবাণু, নির্মূলের উপায় করোনাভাইরাস নিয়ে আপনার যা জানা প্রয়োজন সরকারের পক্ষ থেকে বলা হচ্ছে, ইতিমধ্যে প্রায় সাত কোটি মানুষকে খাদ্য সহায়তা দেয়া হয়েছে, কিন্তু অনেক মানুষ সহায়তা না পাওয়ার অভিযোগও করছেন। সহায়তা দেয়ার তালিকা তৈরির ক্ষেত্রে জটিলতা ঈদ উপলক্ষে ৫০ লাখ পরিবারকে যে নগদ আড়াই হাজার টাকা করে দেয়া হচ্ছে, সেজন্য তালিকা তৈরি করতে মাঠ পর্যায়ের প্রশাসনকে একদিন সময় দেয়া হয়েছিল। এছাড়া ১০টাকা কেজি দরে একেকটি পরিবারকে ৩০ কেজি করে চাল দেয়ার যে কর্মসূচি চলছে, ইউনিয়ন, উপজেলা এবং জেলা পর্যায়ে এর বিতরণে ডিলারদের বিরুদ্ধে নানা অনিয়ম দুর্নীতির অভিযোগ উঠেছিল। সেই প্রেক্ষাপটে কর্মসূচি কয়েকদিনের জন্য বন্ধও করা হয়েছিল। বিভিন্ন জেলায় ইউনিয়ন পরিষদের চেয়ারম্যান, মেম্বার এবং ডিলারদের বিরুদ্ধে কমপক্ষে ১৫টি মামলায় ৩৫ জনের মতো গ্রেফতার হয়েছে। তবে যে তালিকার ভিত্তিতে এই চাল দেয়া হয়, সেই তালিকাও ছিল বেশ কয়েকবছরের পুরনো। এই তালিকা নিয়েও অনেক প্রশ্ন ওঠায় এখন নতুন তালিকা করা হচ্ছে। কম সময়ের মধ্যে এসব তালিকা তৈরি মাঠ পর্যায়ের প্রশাসন ইউনিয়ন পরিষদের ওপরই নির্ভর করছে এবং তাতে ভোটের চিন্তা থেকে তালিকাভুক্ত করাসহ বিভিন্ন প্রশ্ন থাকছে বলে পর্যবেক্ষকরা বলছেন। বগুড়ার গাবতলী উপজেলার নির্বাহী কর্মকর্তা রওনক জাহান বলেছেন, ""মানবিক সহায়তার তালিকা আমরা এখনও শেষ করতে পারি নাই। এত অল্প সময় আমরা নিজেরা সরাসরি মাঠে কাজ করতে পারি নাই। আমরা ইউনিয়নগুলোর চেয়ারম্যানদের কাছ থেকে তালিকা নিয়েছি। ''আমার উপজেলায় প্রায় পাঁচ হাজার বরাদ্দ ছিল। এত লোকের তালিকা একদিন করা খুব কষ্টসাধ্য ছিল। তালিকাটি যখন আমরা জমা দিয়েছি, দেখা গেছে অসংখ্য মানুষের ফোন নম্বর নাই,"" জানান রওনক জাহান । তিনি আরও বলেছেন, ""আমরা চেষ্টা করি সঠিক ব্যক্তিকে দেয়ার। কিন্তু আমরা যাচাইয়ের সময়টুকু পাই না। ফলে স্থানীয় জনপ্রতিনিধিদের ওপর নির্ভর করতে হয়। অনেক সময় অনেক জটিলতা হয়।"" মাঠ পর্যায়ের এই কর্মকর্তসহ উর্ধতন কর্মকর্তারা দাবি করেন, এখন সরকারি এসব সহায়তা এবং বেসরকারি উদ্যোগ সাহায্য দেয়া সব ক্ষেত্রেই সমন্বয় করা হচ্ছে। তবে পর্যবেক্ষকদের অনেকে মনে করেন, মাঠপর্যায়ে রাজনৈতিক নেতৃত্ব এবং প্রশাসনের মধ্যে সহায়তার কর্মসূচি নিয়ে এখনও সমন্বয়ের অভাব রয়েছে। সরকার কী বলছে? ত্রাণ ও দুর্যোগ ব্যবস্থাপনা প্রতিমন্ত্রী ডা: এনামুর রহমান বলেছেন, এখন কোথাও সমন্বয়ের কোন ঘাটতি নেই। ""আমরা মোট এক লাখ ২৫ হাজার পারিবারের তালিকা করে তাদের ডাটাবেজ তৈরি করেছি। এই পরিবারগুলোকে আমরা নিয়মিত খাদ্য সহায়তা দেবো।"" তিনি আরও বলেছেন, ""এখন এই যে ৫০ লক্ষ পরিবারকে আড়াই হাজার টাকা করে দিচ্ছি। এই টাকা সরাসরি মোবাইল ব্যাংকিংয়ের মাধ্যমে তাদের কাছে চলে যাবে। এখানে মধ্যস্থতাকারীও কেউ নাই। এর চেয়ে সমন্বয় তো আর কিছু খুঁজে পাই না। আমরা মনে করছি, আমাদের সব কর্মসূচি সমন্বয়ের ভিত্তিতে হচ্ছে।"" কিন্তু সরকারের সহায়তা কী যথেষ্ট? ত্রাণ প্রতিমন্ত্রী দাবি করেছেন যে, তারা পর্যাপ্ত ত্রাণ সহায়তা দিয়েছেন। সরকারি গবেষণা সংস্থা বিআইডিএস এর সিনিয়র গবেষক ড: নাজনীন আহমেদ বলেছেন, ""আমাদের তিন কোটি ৮০ লাখ মানুষ দরিদ্র। তাদেরই সবাইকে আমরা বিভিন্ন সময় সামাজিক সুরক্ষার আওতায় সহায়তা দিতে পারি না। এখন করোনা পরিস্থিতিতে এই আকারটা অনেক বড়।"" ""শুধু ঐ দরিদ্র গোষ্ঠী নয়, তার সাথে নিম্ন মধ্যবিত্ত, হঠাৎ দরিদ্র হয়ে যাওয়া অনেক মানুষ কিন্তু যুক্ত হয়েছে। ফলে সরকার যত মানুষকে সাহায্য দিতে চাইছে, সেখানে সাহায্য পাওয়া উচিত-এমন মানুষের সংখ্যা কিন্তু অনেক বেশি।""",বাংলাদেশে করোনাভাইরাস মহামারির মধ্যে লকডাউনের কারণে ক্ষতিগ্রস্ত ৫০ লাখ দরিদ্র পরিবারকে ঈদ উপলক্ষে আড়াই হাজার টাকা করে নগদ সহায়তা দেয়া শুরু করা হয়েছে।,বাংলাদেশে করোনাভাইরাসের সংক্রমণ ঠেকাতে সরকারের পক্ষ থেকে প্রায় সাত কোটি মানুষকে খাদ্য সহায়তা দেয়ার কার্যক্রম শুরু হয়েছে।,0.19999999999999998,0.0,0.19999999999999998,0.74641675,17,23
"মংলায় আশ্রয়কেন্দ্রে যাওয়ার জন্য মাইকিং করা হচ্ছে এই মাত্রার ঝড় নিয়ে কতটা আতঙ্কের কারণ রয়েছে? বজলুর রশীদ বলছেন, ""আমি বলবো সাধারণ মাত্রার একটি ঘূর্ণিঝড় আসছে। গতি ৯০ কিলোমিটারের বেশি হলে আমরা তাকে অতি প্রবল ঝড় বলি। তবে ধীরে ধীরে এটি শক্তি হারাচ্ছে।"" ""ফণী পুরোপুরি ডাঙ্গায় উঠে গেছে। উড়িষ্যা থেকে এখন এটি পশ্চিমবঙ্গের দিকে এগুচ্ছে। মধ্যরাতের পরে যে কোনো সময় সেটি খুলনা, সাতক্ষীরায় ঢুকবে। যত এগুবে তত শক্তি হারাতে থাকবে।"" তারপরও ঝড়ের প্রভাবে বাংলাদেশের দক্ষিণ-পশ্চিমাঞ্চলের নিচু অঞ্চলগুলো প্লাবিত হতে পারে। বৃষ্টি হবে অনেক। ঝড়ো বাতাসে কাঁচা ঘরবাড়ি কিছু নষ্ট হতে পারে। ঝড়ো বাতাসে এবং জমি প্লাবিত হওয়ায় অনেক জায়গায় ফসল নষ্ট হবে। ""মারাত্মক কোনো বিপদের আশঙ্কা নেই। তবে মধ্যরাত থেকে পরদিন দুপুর পর্যন্ত সাবধানে থাকতে হবে।"" আবহাওয়া বিভাগ মংলা এবং পায়রা বন্দরের জন্য ৭ নম্বর সতর্ক সঙ্কেত অব্যাহত রেখেছে। খুলনা, সাতক্ষীরা, বরিশাল, পটুয়াখালীর উপকূলীয় এলাকাগুলো থেকে বহু মানুষকে নিরাপদে সরিয়ে নেওয়া হয়েছে। মংলায় একটি ঘূর্ণিঝড় আশ্রয় কেন্দ্রে কজন নারী শনিবার জুড়ে ঝড়ো বাতাস-বৃষ্টি বজলুর রশীদ বলছেন, বাংলাদেশের ঢোকার পর কুষ্টিয়া, পাবনা, রাজশাহী, ময়মনসিংহ, রংপুর, দিনাজপুর হয়ে ঝড়টি শনিবার সন্ধ্যা নাগাদ ভারতের মেঘালয়ে ঢুকে যাবে । এসময় এসব জায়গাগুলোত বৃষ্টি অব্যাহত থাকবে। সাথে থাকবে দমকা ঝড়ো বাতাস। তবে যত সময় যাবে, বৃষ্টি এবং বাতাসের তীব্রতা কমতে থাকবে। ""রোববার নাগাদ পরিস্থিতি স্বাভাবিক হয়ে যাবে বলে ধারণা করছি।"" মি রশীদ যখন একথা বলছিলেন তখন শুক্রবার বেলা চারটা। ধেয়ে আসা ঝড়ের প্রভাবে দক্ষিণ-পশ্চিমাঞ্চল ছাড়াও বাংলাদেশের বহু জায়গায় সকাল থেকে কম-বেশি বৃষ্টি হচ্ছে। বাগেরহাটের মংলায় রয়েছেন সংবাদদাতা আকবর হোসেন। সেখান থেকে বিকেলের দিকে তিনি জানান, আকাশ সারাদিন ধরেই মেঘলা, গুমোট এবং থেকে থেকে গুড়ি গুড়ি বৃষ্টি হচ্ছে। আবহাওয়া দপ্তরের সাবেক পরিচালক শাহ আলম বিবিসি বাংলাকে বলেন, বাংলাদেশে ঢোকার পর ফণীর তীব্রতা বেশী না হলেও, রাতের বেলায় ঢোকার কারণে কিছুটা বাড়তি বিপত্তি তৈরি হতে পারে। ""উড়িষ্যায় ঝড়টি ঢুকেছে দিনের বেলায়, ফলে প্রাণহানি বা ক্ষয়ক্ষতি সামলানো অনেক সহজ হবে। কিন্তু বাংলাদেশে এর মূল প্রভাবটি পড়বে মধ্যরাতের পর, সেটা একটি চিন্তার বিষয়।"" মি. আলম বলছেন, ""রাতে মানুষ আতঙ্কিত থাকে বেশি, যাতায়াত করা কঠিন হয়, রাস্তা খুঁজে পাওয়া কষ্টকর হয়।""","বাংলাদেশে আবহাওয়া বিভাগের সিনিয়র আবহাওয়াবিদ বজলুর রশীদ বিবিসিকে বলেন, ভারতের পশ্চিমবঙ্গ হয়ে ঘূর্ণিঝড় ফণী যখন বাংলাদেশের দক্ষিণ- পশ্চিমাঞ্চলে ঢুকবে, তখন এর গতি হবে ঘণ্টায় ৯০ থেকে ১১০ কিলোমিটার।",ঘূর্ণিঝড় 'ফণী' বাংলাদেশের দক্ষিণ-পশ্চিমাঞ্চলের দিকে এগিয়ে যাচ্ছে বলে জানিয়েছেন আবহাওয়া বিভাগের সচিব বজলুর রশীদ।,0.2380952380952381,0.05,0.14285714285714285,0.7758741,14,28
"সিলেটে হামলা প্রসঙ্গে স্বরাষ্ট্রমন্ত্রী আসাদুজ্জামান খান বিবিসিকে বলেছেন, ""লক্ষ্য করে কোনও হামলা হয়নি""। স্বরাষ্ট্রমন্ত্রী আসাদুজ্জামান খান বিবিসি বাংলাকে বলেছেন, ""সেটি কোন হামলা ছিল না""। তিনি বলছিলেন, বৃহস্পতিবার রাতে যখন শিববাড়ির ওই সন্দেহভাজন জঙ্গি আস্তানাটি নিরাপত্তা বাহিনী ঘেরাও করে ফেলে, তখনই বোধহয় কোন একসময় এখানে আশেপাশে তারা বোমাটি রেখে গিয়েছিল বা আগেই রেখে গিয়েছিল। ""পুলিশরা যখন দেখেছে, তখনই এটা বিস্ফোরিত হয়েছে, ধাক্কা-ধোক্কা খেয়ে"", বলছিলেন মি: খান। গতকাল সন্ধ্যাবেলা আলোচিত 'আতিয়া মহল' নামের ভবনটিতে চলমান কমান্ডো অভিযান সম্পর্কে সেনাবাহিনীর তরফ থেকে সাংবাদিকদের ব্রিফ দেয়ার কিছু পরেই সেখান থেকে কাছেই একটি জায়গায় বিস্ফোরণটি হয়। এ বিস্ফোরণে বহু মানুষ আহত হয়। নিহত হর দুজন পুলিশ কর্মকর্তা এবং চারজন 'উৎসুক' জনতা। এ ঘটনায় র‍্যাবের গোয়েন্দা প্রধান লেফটেন্যান্ট কর্ণেল আবুল কালাম আজাদ গুরুতর আহত হন। তাঁকে উন্নত চিকিৎসার জন্য বিদেশে নিয়ে যাওয়া হয়েছে বলে জানা যাচ্ছে। স্বরাষ্ট্রমন্ত্রীর এই বক্তব্য দেবার আগ পর্যন্ত একটি ধারণা ছিল, একদল হামলাকারী অতর্কিতে এসে বোমা হামলাটি চালায়। আন্তর্জাতিক জঙ্গি গোষ্ঠী তথাকথিত ইসলামিক স্টেট বা আইএস এরই মধ্যে এই হামলার দায়িত্ব স্বীকার করেছে। ঘটনাস্থল থেকে প্রত্যক্ষদর্শীদের বর্ণনায় বিস্ফোরণের সময় একজন মোটরসাইকেল আরোহীর আগমণের বিবরণও পাওয়া যায়। কিন্তু স্বরাষ্ট্রমন্ত্রী আসাদুজ্জামান খানের বর্ণনায়, ""এটি লক্ষ্য করে কোনও হামলা নয়""। তবে বিস্ফোরণটি ঘটবার কারণ সম্পর্কে মি. খান বলেন, ""কিভাবে হয়েছে এটা আমরা এখনো ঠিক জানিনা। তদন্ত শেষে বলতে পারবো বিস্ফোরণ কিভাবে হয়েছে এবং বোমাটা কিভাবে আসলো""। আরো পড়ুন: সিলেট অভিযানে দুই জঙ্গি নিহত: সেনাবাহিনী বাংলাদেশে হঠাৎ করে জঙ্গি তৎপরতা বেড়ে যাওয়ার কারণ কী? সিলেটের আতিয়া মহলে আটকে থাকা ৩০ ঘণ্টা বাংলাদেশে পুলিশকে সর্বোচ্চ সতর্ক থাকার নির্দেশ অভিযানের মধ্যেই যেভাবে সিলেটে জঙ্গি হামলা","বাংলাদেশের উত্তর-পূর্বাঞ্চলীয় জেলা সিলেটে যে বোমা বিস্ফোরণে পুলিশের দুজন কর্মকর্তাসহ ছয়জন নিহত হয়েছেন, সেটি আগে থেকে পেতে রাখা ছিল বলে বিবিসিকে জানিয়েছেন স্বরাষ্ট্রমন্ত্রী আসাদুজ্জামান খান।",বাংলাদেশের সিলেটে বৃহস্পতিবার রাতে একটি জঙ্গি আস্তানায় বোমা হামলার ঘটনায় নিরাপত্তা বাহিনীর পক্ষ থেকে কোন সন্দেহ নেই।,0.19047619047619052,0.0,0.19047619047619052,0.6874956,17,25
"ইরানের ক্ষেপনাস্ত্র হামলা নিয়ে বিবৃতি দিচ্ছেন ডোনাল্ড ট্রাম্প হোয়াইট হাউজ থেকে দেয়া টেলিভিশন বক্তৃতায় মি. ট্রাম্প বলেন, বুধবার ভোররাতের হামলায় কোনো কোন আমেরিকান বা ইরাকীর প্রানহানী হয়নি। ক্ষয়ক্ষতি হয়েছে খুবই সামান্য। হামলার বদলা নেওয়ার কোনো হুমকি দেননি মি ট্রাম্প। বদলে মার্কিন প্রেসিডেন্ট বলেন, ইরান যদি পারমানবিক অস্ত্র অর্জনের চেষ্টা বাদ দেয় এবং, তার ভাষায়, সন্ত্রাসের পথ ত্যাগ করে, তাহলে শান্তি স্থাপনেও তিনি প্রস্তুত। যদিও এর আগে কাসেম সোলেইমানি হত্যাকাণ্ডের পর মি. ট্রাম্প হুমকি দিয়েছিলেন, ইরান যদি কোন রকম হামলা চালায় তাহলে ৫২টি ইরানী লক্ষ্যবস্তুতে হামলা চালাবে আমেরিকা। ইরান যে নতুন কোনো হামলা চালানোর সম্ভাবনা নাকচ করেছে তাকে 'ইতিবাচক' বলে বর্ণনা করেন মি ট্রাম্প। ""তারা যে ক্ষান্ত দিয়েছে সেটা সবার জন্যই মঙ্গল।"" গত কদিন ধরে ইরানের বিরুদ্ধে যে ধরণের সামরিক ব্যবস্থা নেওয়ার হুমকি তিনি দিচ্ছিলেন আজ তার কিছুই মি. ট্রাম্পের কন্ঠে শোনা যায়নি। তবে সাংবাদিকদের সামনে তার সংক্ষিপ্ত বিবৃতির শুরুতেই মি. ট্রাম্প বলেন তিনি যতদিন আমেরিকার প্রেসিডেন্ট থাকবেন ইরানকে পারমানবিক অস্ত্র অর্জন করতে তিনি দেবেন না। তিনি বলেন, ইরানের বিরুদ্ধে তিনি নতুন নিষেধাজ্ঞা আরোপের নির্দেশ দেবেন যা ততদিন পর্যন্ত কার্যকর থাকবে যতদিন 'ইরান তার আচরণ না বদলাবে।' তবে এ ব্যাপারে তিনি ভেঙ্গে কিছু বলেননি। তিনি বলেন, ""১৯৭৯ সাল থেকে ইরানের বহু আপত্তিকর কর্মকান্ড সহ্য করা হচ্ছে, অনেক হয়েছে আর নয়।"" তবে একইসাথে তিনি বলেন, ""ইরান একটি মহান দেশ হতে পারে, সে যোগ্যতা তাদের রয়েছে...আমাদের সবার এখন উচিৎ ইরানের সাথে নতুন একটি চুক্তির চেষ্টা করা যাতে করে বিশ্ব নিরাপত্তা বাড়ে।"" ইরাক থেকে মার্কিন সৈন্য প্রত্যাহারের যে দাবি ইরাকের পার্লামেন্ট করেছে, সে ব্যাপারে কোনো কথা বলেননি মি. ট্রাম্প। তবে তিনি বলেন, 'মধ্যপ্রাচ্যের তেলের কোনো প্রয়োজন আমেরিকার নেই।' একইসাথে মি. ট্রাম্প বলেন, মধ্যপ্রাচ্যে অধিকতর ভূমিকা নেওয়ার জন্য নেটো জোটকে বলবেন। কাসেম সোলায়মানিকে হত্যার পক্ষে আবারো যুক্তি তুলে ধরেন তিনি। নিহত ইরানি জেনারেলকে সন্ত্রাসী হিসাবে আখ্যা দিয়ে মি ট্রাম্প বলেন, 'তার হাত হাজার হাজার ইরানি এবং আমেরিকানের রক্তে রঞ্জিত ছিল।' আয়াতোল্লাহ খামেনি আমেরিকার 'মুখে চপেটাঘাত' এর আগে ইরানের সর্বোচ্চ নেতা আয়াতোল্লাহ আলী খামেনি বলেন, ইরাকে মার্কিন ঘাঁটিতে হামলার মাধ্যমে তারা আমেরিকার 'মুখে চপেটাঘাত' করেছেন। ""গতরাতে আমরা তাদের মুখে চড় মেরেছি।"" ১৯৭৮ সালের কোম বিক্ষোভের স্মরণে আয়োজিত এক অনুষ্ঠানে আয়াতোল্লাহ খামেনি এ কথা বলেন। এ সময় সমবেত জনতা 'আমেরিকার ধ্বংস চাই বলে শ্লোগান' দেয়। ইরানের সর্বোচ্চ নেতা আরো বলেন, ""যখন সংঘাতের প্রসঙ্গ আসে তখন এ ধরণের সামরিক হামলা যথেষ্ট নয়। গুরুত্বপূর্ণ বিষয় হচ্ছে, (মধ্যপ্রাচ্যে) আমেরিকার উপস্থিতি শেষ করে দেয়া।"" ইরানের প্রেসিডেন্ট হাসান রুহানিও বলেছেন, আমেরিকাকে মধ্যপ্রাচ্য থেকে বিতাড়িত করতে পারলেই কাসেম সোলেইমানির হত্যার প্রতিশোধ নেওযা হবে।","প্রেসিডেন্ট ডোনাল্ড ট্রাম্প বলেছেন, ইরাকে মার্কিন ঘাঁটিতে মিসাইল হামলা চালানোর পর ইরান 'মনে হচ্ছে ক্ষান্ত দিয়েছে'।","মার্কিন প্রেসিডেন্ট ডোনাল্ড ট্রাম্প বলেছেন, ইরানের ক্ষেপনাস্ত্র হামলায় ক্ষয়ক্ষতি হয়েছে খুবই সামান্য।",0.35714285714285715,0.23076923076923075,0.28571428571428575,0.8300353,12,16
"আবহাওয়া অফিস বলছে, গত ৫০ বছরে ঢাকায় সবচাইতে বেশি গরম পড়েছে এবার। আর তাতেই হঠাৎ করে বেড়ে গেছে শীতাতপ নিয়ন্ত্রণের যন্ত্র বা এসি বিক্রি। বিক্রেতারা বলছেন, এসির চাহিদা এতই বেশি যে তারা সরবরাহ করতে পারছেন না। কিছু দোকান একবারেই খালি। বিক্রেতারা বলছেন, এক বা দেড়টনের এসি - যেটা সাধারণ মাপের ঘরের জন দরকার - তা বাজারে প্রায় নেই। পাওয়া যাচ্ছে শুধু দুই টনের এসি। ঢাকার একটি বিপণী বিতানে এসি কিনবেন বলে এসেছেন ব্যবসায়ী মোহাম্মদ হানিফ। তিনি বলছেন, বেশি চাহিদার কারণে দামও বাড়িয়ে দিয়েছেন বিক্রেতারা। ""আমি অনেক ঘুরেছি মার্কেটে। বাজারে এসি নেই। দেড়টনের এসি - যার দাম ৫২ হাজার টাকা ছিল - তা ৬০ হাজার টাকা দিয়ে কিনতে হচ্ছে।"" এসি কেনার পর তা লাগিয়ে দেবার লোকও পাওয়া যাচ্ছে না। ইমাম হোসেন নামে এক বিক্রেতা জানালেন যে পরিমাণ চাহিদা, সে পরিমাণ ফিটিংএর লোক নেই। দিনে ১০টার বেশি এসি ফিটিং করা সম্ভব হচ্ছে না। একটি স্কুলের কর্মকর্তা চৌধুরী ওবায়দুল হক বলছেন, পুরো এসিতে আর ঘর ঠান্ডা হচ্ছে না। কিন্তু নতুন এসি লাগাতে তাদের বেশ কয়েকদিন অপেক্ষা করতে হচ্ছে। অন্যদিকে এসির ঠান্ডা হাওয়া উপভোগ করতে বাড়ছে বিদ্যুতের ব্যবহার। ফলে এই গরমে তা আবার বাড়িয়ে দিচ্ছে লোডশেডিং।",গত বেশ কিছুদিন বাংলাদেশের রাজধানী ঢাকায় বাসিন্দাদের আলোচনার প্রধান বিষয় দু:সহ গরম।,বাংলাদেশের রাজধানী ঢাকায় শীতাতপ নিয়ন্ত্রণের যন্ত্র বা এসি বিক্রি বেড়ে গেছে।,0.2608695652173913,0.1904761904761905,0.2608695652173913,0.720042,11,12
"ভারতের জম্মু শহরের বাইরে রোহিঙ্গা শরণার্থীদের আবাস। কর্মকর্তারা বলছেন, ছয় জনের ঐ পরিবারের ভাষ্যমতে, ভারতীয় নিরাপত্তা বাহিনী গভীর রাতে তাদের বাংলাদেশের ভূখণ্ডে ঠেলে দিয়েছে। মেহেরপুর জেলার পুলিশ সুপার আনিছুর রহমান জানান, বুধবার সকালে মেহেরপুরের মুজিবনগর থানার কেদারগঞ্জ বাজারে স্থানীয় লোকেরা ঐ রোহিঙ্গা পরিবারটিকে অপেক্ষা করতে দেখেন। তারা বাংলায় কথা বলতে পারেন না বুঝতে পেরে এবং রোহিঙ্গা সন্দেহে স্থানীয় বাসিন্দারা মুজিবনগর থানায় খবর দেন। থানা থেকে পুলিশ গিয়ে তাদেরকে নিরাপত্তা হেফাজতে নেয়। মি. রহমান বলেন, ঐ পরিবারকে প্রাথমিক জিজ্ঞাসাবাদে তারা জানতে পারেন যে তারা রোহিঙ্গা এবং তাদেরকে ভারত থেকে গভীর রাতে বাংলাদেশে পাঠিয়ে দেয়া হয়েছে। পরিবারটিতে বাবা-মা এবং তাদের দুটি শিশুপুত্র এবং দুটি শিশুকন্যা রয়েছে। রোহিঙ্গা পরিবারটির ভাষ্যমতে, মঙ্গলবার আনুমানিক রাত দুটা থেকে তিনটার মধ্যে তাদেরকে ভারত সীমান্ত থেকে বাংলাদেশ ভূখণ্ডের দিকে ঠেলে দেয় ভারতীয় নিরাপত্তা বাহিনী। পুলিশ বলছে, ঐ পরিবারটি মিয়ানমারে সাম্প্রতিক সহিংসতা শুরু হওয়ার প্রায় সাত মাস আগে মিয়ানমার থেকে সীমান্ত পাড়ি দিয়ে ভারতে প্রবেশ করে বলে জানিয়েছে। শ্রীনগরের বাইরে এক আশ্রয় শিবিরে রোহিঙ্গা মা ও শিশু। এই সময়ের মধ্যে তারা ভারতের পাঞ্জাব প্রদেশে অবস্থান করেছিল বলে তারা জানায়। তবে সেখান থেকে কীভাবে তারা মেহেরপুরের পার্শ্ববর্তী ভারতের পশ্চিমবঙ্গের নদীয়া জেলায় এসেছে এবিষয়ে পুলিশ বিস্তারিত কিছু জানাতে পারেনি। বাংলাদেশে এর আগে এ মাসেই সাতক্ষীরা সীমান্ত দিয়ে ভারত থেকে বাংলাদেশে রোহিঙ্গা প্রবেশের খবর ব্যাপকভাবে গণমাধ্যমে এসেছিল। সে সময় স্থানীয় বিজিবির সূত্র উল্লেখ করে খবরে বলা হয়েছিল, সাতক্ষীরার পদ্মশাখরা সীমান্ত দিয়ে প্রায় ১৮ জন রোহিঙ্গাকে বাংলাদেশে ঠেলে দেয়া হলে তাদের আটক করা হয়। এ নিয়ে সংবাদমাধ্যমগুলোতে তাদের ছবিও প্রকাশিত হয়। তবে এ বিষয়ে যোগাযোগ করা হলে তাদেরকে আটক বা পরে তাদেরকে কী করা হয়েছে সেবিষয়ে বিজিবি থেকে কোন মন্তব্য করা হয়নি। যে এলাকা থেকে তাদেরকে আটক করা হয়েছিল সেই সাতক্ষীরার ভোমরা ইউনিয়নের চেয়ারম্যান ইসরায়েল গাজী বলেন, আটককৃতদের কক্সবাজারে পাঠিয়ে দেয়া হয়েছে বলে তারা শুনেছেন। তবে আনুষ্ঠানিকভাবে তাদের কিছু জানানো হয়নি। তিনি বলেন, 'রোহিঙ্গারা আসতে পারে' এই সন্দেহে বিজিবির স্থানীয় ক্যাম্প থেকে তাদেরকে এলাকায় পাহারা জোরদার করতে বলা হয়েছিল। সে জন্য তিনি এলাকায় চৌকিদারদের সতর্ক করে দিয়েছেন এবং পাহারা দেয়ার জন্য এলাকার কিছু যুবককেও নিয়োগ করেন। তবে তারা কোন রোহিঙ্গা খুঁজে পাননি। এর আগে সাতক্ষীরার বিভিন্ন এলাকা থেকে প্রায় ৩৯ জন রোহিঙ্গাদের আটকের খবর গণমাধ্যমে এসেছে। তবে পুলিশ বলছে, তাদের কয়েকজন মিয়ানমার থেকে সরাসরি বাংলাদেশে এসেছিল এবং তাদেরকে সাতক্ষীরায় আটকের পর কক্সবাজারের উখিয়ায় পাঠিয়ে দেয়া হয়েছে। এখন মেহেরপুরে আটক পরিবারটির বিষয়ে কী করা হবে এবিষয়ে ঊর্ধ্বতন কর্তৃপক্ষের সাথে কথা হচ্ছে বলে জানিয়েছে পুলিশ। ওদিকে কলকাতা থেকে বিবিসি সংবাদদাতা জানাচ্ছেন, বিএসএফ-এর দক্ষিণ বঙ্গ ফ্রন্টিয়ারের আইজি এস. আর. আঞ্জানিয়েলু জানিয়েছেন, ""বিএসএফ কোনও ধরণের পুশ ব্যাক করে না। যে সাম্প্রতিক দুটি ঘটনার কথা বলা হচ্ছে, সেরকম কোনও ঘটনার কথা বি এস এফের জানা নেই।"" যে দুটি এলাকায় রোহিঙ্গাদের পুশব্যাক করে দেয়া হয়েছে বলে বলা হচ্ছে, সেই দুটি এলাকাই বিএসএফ-এর দক্ষিণ বঙ্গ ফ্রন্টিয়ারের এক্তিয়ারে পড়ে।",বাংলাদেশের পুলিশ দক্ষিণ-পশ্চিমাঞ্চলীয় জেলা মেহেরপুর থেকে ভারত থেকে 'পুশ-ব্যাক' হয়ে আসা একটি রোহিঙ্গা পরিবারকে আটক করেছে।,বাংলাদেশের মেহেরপুর জেলায় একটি রোহিঙ্গা পরিবারকে নিরাপত্তা হেফাজতে নিয়েছে পুলিশ।,0.38461538461538464,0.16666666666666669,0.38461538461538464,0.80393845,10,16
"নাক থেকে নমুনা সংগ্রহ করছেন স্বাস্থ্যকর্মীরা। বাংলাদেশে যেখানে বারবার টেস্ট করার সুযোগ সীমিত সেখানে টেস্টের এই ভুল ফলাফলের একটা বিরূপ প্রভাব পড়তে পারে বলে আশঙ্কা করছেন বিশেষজ্ঞরা। সম্প্রতি ঢাকায় করোনাভাইরাসে আক্রান্ত হয়ে এক বেসরকারি ব্যাংক কর্মকর্তা মারা যান। তিনি বেশ কিছুদিন ধরে জ্বর ও কাশিতে ভোগায় চিকিৎসকের পরামর্শে তার নমুনা পরীক্ষা করিয়েছিলেন। কিন্তু পর পর দুইবারের পরীক্ষাতেই ফলাফল এসেছিল নেগেটিভ। কিন্তু পরিস্থিতি ক্রমেই অবনতি হওয়ায় পরে তাকে মুগদা জেনারেল হাসপাতালে ভর্তি করা হয়। সেখানে তৃতীয় দফায় তার নমুনা পরীক্ষায় জানা যায় তিনি আসলে করোনাভাইরাস পজিটিভ। এ রকম উদাহরণ কম নেই। গলা থেকে নমুনা সংগ্রহ করা হচ্ছে। ৩০% ভুল হতে পারে করোনাভাইরাস পরীক্ষায় অন্যান্য দেশের মতো বাংলাদেশেও ""আরটি-পিসিআর"" পদ্ধতি ব্যবহার করা হয়। এ ধরণের পরীক্ষায় কখনও শতভাগ নিশ্চিত ফলাফল পাওয়া যায় না বলে জানিয়েছেন সংক্রামক ব্যাধি বিশেষজ্ঞ আরিফুল বাশার। তার মতে ""আরটি-পিসিআর"" পদ্ধতিতে ৩০% ফলাফল ভুল হওয়ার আশঙ্কা থাকে। এ কারণে যুক্তরাষ্ট্র বা ইউরোপের দেশগুলোয় ম্যাস টেস্টিং এবং একজন ব্যক্তিকে বার বার টেস্ট করা হয়। কিন্তু বাংলাদেশে এই সুযোগ সীমিত। করোনাভাইরাস: বিশ্বে মৃত ও আক্রান্ত কোথায় কত? কোয়ারেন্টিন ও আইসোলেশনের যে ব্যাখ্যা দেয়া হচ্ছে বাংলাদেশে নিজেকে যেভাবে নিরাপদ রাখবেন করোনাভাইরাস থেকে নতুন করোনাভাইরাস কত দ্রুত ছড়ায়? কতটা উদ্বেগের? করোনাভাইরাস ঠেকাতে যে সাতটি বিষয় মনে রাখবেন টাকার মাধ্যমে করোনাভাইরাস ছড়াতে পারে কি? পরীক্ষার ফলাফল কেন ভুল হয় নমুনা পরীক্ষার এই ফলাফল কতোটা নির্ভুল আসে তার অনেকটাই নির্ভর করে কিভাবে নমুনা সংগ্রহ করা হচ্ছে, কিভাবে সেটা পরিবহন ও সংরক্ষণ করা হচ্ছে এবং কোন ল্যাবে সেটা পরীক্ষা করা হচ্ছে তার ওপর। মি. বাশার বলেন, কিছু রোগীর ক্ষেত্রে করোনাভাইরাস লক্ষণ খুব হালকা হতে পারে। অনেক সময় কোন লক্ষণই থাকে না। এ ধরণের রোগীর শরীরে ভাইরাসের পরিমাণ কম থাকে। যখন তাদের নমুনা সংগ্রহ করা হয় তখন অনেক সময় তাদের শরীরে থাকা ভাইরাস ওই নমুনায় উঠে আসে না। আবার নমুনা কোথা থেকে সংগ্রহ করা হচ্ছে। নাক থেকে, গলা থেকে নাকি ফুসফুস থেকে সেটার ওপরও এই ফলাফলের নিশ্চয়তা নির্ভর করে। সাধারণত গলা থেকে নেয়া নমুনায় ভুল হওয়ার আশঙ্কা বেশি থাকে। অনেক সময় তাড়াহুড়া করে নমুনা সংগ্রহ করলেও ভুল হতে পারে। ফুসফুস থেকে নেয়া নমুনা পরীক্ষায় প্রায় শতভাগ নিশ্চিত ফল পাওয়া গেলেও, এই নমুনা সংগ্রহ করা যায় একমাত্র তখন, যখন রোগী লাইফ সাপোর্টে থাকেন। এছাড়া সঠিক নিয়মে সঠিক তাপমাত্রায় নমুনাগুলো পরিবহন ও সংরক্ষণ করা হচ্ছে কিনা, এমন নানা বিষয়ের ওপর নমুনা পরীক্ষার ফলাফল ভুল আসতে পারে বলে জানিয়েছেন মি. বাশার। বাংলাদেশে করোনারোগীর সংখ্যা বাড়তে থাকায় ল্যাবের সংখ্যা বাড়ানো হয়। দক্ষ জনবল, আধুনিক ল্যাবরেটরির অভাব করোনাভাইরাসের এই নমুনা সংগ্রহ থেকে শুরু করে রিপোর্ট প্রস্তুত করা পর্যন্ত পুরো প্রক্রিয়ায় দক্ষ জনবলের প্রয়োজন, সেইসঙ্গে প্রয়োজন আধুনিক ল্যাবরেটরির। নতুন করে মানসম্মত ল্যাব প্রতিষ্ঠা এবং টেকনোলজিস্টদের প্রশিক্ষণ দেয়ার মতো যথেষ্ট সময় বাংলাদেশ পায়নি বলে জানিয়েছেন জাতীয় রোগতত্ত্ব, রোগ নিয়ন্ত্রণ ও গবেষণা ইন্সটিটিউট আইইডিসিআর-এর ভাইরোলজি বিভাগের প্রধান তাহমিনা শিরিন। তিনি জানান বাংলাদেশে নতুন করে যে ল্যাবগুলো প্রতিষ্ঠা করা হয়েছে, সেগুলোয় আগে পিসিআরে পরীক্ষা হয়নি। তাই সেখানে প্রশিক্ষিত জনবলও স্বাভাবিকভাবে কম। এছাড়া ল্যাবগুলো যে মানের হওয়া প্রয়োজন যেমন: তাপমাত্রা নিয়ন্ত্রণের সুব্যবস্থা, কঠোরভাবে মানুষের প্রবেশ নিয়ন্ত্রণ, বিভিন্ন আধুনিক যন্ত্র যেমন বাষ্প স্টেরিলাইজার বা অটোক্লেভ মেশিন, ক্যালিব্রেটেড বায়োসেফটি হুড, ইত্যাদি সুবিধা নতুন ল্যাবগুলোয় নেই বলে তিনি জানান। তিনি বলেন, এই ল্যাবের কাজে যারা যুক্ত থাকেন অর্থাৎ ল্যাব অ্যাটেনডেন্ট থেকে ল্যাব প্রধান পর্যন্ত সবার যে প্রটোকল মেনে চলা দরকার সেটা নিশ্চিত করা কঠিন হয়ে যায়, যেহেতু যথাযথ প্রশিক্ষণ নেই। খুব দ্রুত প্রশিক্ষণ দিয়ে যেসব ল্যাব সম্প্রতি প্রস্তুত করা হয়েছে সেগুলো বিশ্ব স্বাস্থ্য সংস্থার বিধিমালা কতটুকু মেনে চলছে সেটা নিয়েও প্রশ্ন আছে। এজন্য নিবিড় প্রশিক্ষণ এবং আধুনিক যন্ত্রপাতির ব্যবস্থা করা প্রয়োজন বলে তাহমিনা শিরিন জানান। জেলা উপজেলা পর্যায়ের স্বাস্থ্যকর্মীদের মূলত সেফটি ট্রেনিং দেয়া হয়েছে। ""প্রশিক্ষণের কোন ঘাটতি নেই"" তবে, স্বাস্থ্য অধিদফতর শুরু থেকেই জানিয়ে আসছে যে তারা দক্ষ জনবল গড়ে তুলতে কাজ করে যাচ্ছে। এছাড়া পর্যাপ্ত পরিমাণে টেস্টিং কিটও তাদের কাছে আছে। বাংলাদেশের বিভাগীয়, জেলা ও উপজেলা পর্যায়ে যেসব স্বাস্থ্যকর্মী বর্তমানে নমুনা সংগ্রহের সঙ্গে জড়িত তারা আগে থেকেই দক্ষ বলে জানিয়েছেন স্বাস্থ্য অধিদফতরের জনস্বাস্থ্য ইন্সটিটিউটের কর্মকর্তা মাহবুবা জামিল। তিনি জানান, এই স্বাস্থ্যকর্মীরা আগে থেকেই ইনফ্লুয়েঞ্জা, হাম, পোলিও ইত্যাদি নানা রোগের নমুনা সংগ্রহের সাথে যুক্ত ছিলেন। যেটা করোনাভাইরাসের নমুনা সংগ্রহের সঙ্গে মিলে যায়। প্রতি বছর তাদের স্বাস্থ্য অধিদফতরের সিডিসি বিভাগের মাধ্যমেও প্রশিক্ষণ দেয়া হয় বলেও তিনি জানান। কিন্তু করোনাভাইরাস যেহেতু সংক্রামক ব্যাধি এজন্য তাদেরকে নিজেদের সুরক্ষিত রাখার বিষয়ে অনলাইনে বাড়তি নির্দেশনা দেয়া হয়েছে। মিসেস জামিল বলেন, ""যখন বাংলাদেশে করোনাভাইরাসে আক্রান্তের সংখ্যা বাড়তে থাকলো তখন জনস্বাস্থ্য ইন্সটিটিউট একটি অনলাইন কোর্স করে এবং এ সংক্রান্ত নির্দেশনা প্রস্তুত করে। এরপর সারা বাংলাদেশের স্বাস্থ্যকর্মীদের অনলাইনে প্রশিক্ষণ দেয়া হয়। এরপর কয়েকটি মেডিকেল কলেজের মাইক্রোবায়োলজিস্ট এবং ভাইরোলজিস্টরাও ট্রেনিং দেন। এছাড়া তারা প্রতিবছর সিডিসি থেকে ট্রেনিং পেয়ে থাকে। প্রশিক্ষণের কোথাও ঘাটতি নেই,"" । বাংলাদেশে পোলিও বা হামের নমুনা যেভাবে বিশ্ব স্বাস্থ্য সংস্থার বিধিমালা অনুযায়ী পরিবহন করা হয় ঠিক একই নিয়মে করোনাভাইরাসের নমুনাও পরিবহন করা হচ্ছে বলে তিনি জানান। তবে একজন কোভিড-১৯ এ আক্রান্ত কিনা সেটা নিশ্চিত হতে দেশব্যাপী ম্যাস টেস্টিং শুরু করা এবং একজনকে বারবার পরীক্ষা করার কোন বিকল্প নেই বলে মনে করছেন বিশেষজ্ঞরা। তার আগ পর্যন্ত তারা মানুষকে নিরাপদ থাকতে সামাজিক দূরত্ব বজায় রাখার পরামর্শ দিয়েছেন।",করোনাভাইরাসে বিশ্বব্যাপী যে পদ্ধতিতে নমুনা পরীক্ষা করা হচ্ছে সেটায় শতভাগ নিশ্চিত ফলাফল পাওয়া যায় না। এ কারণেই বিশ্বব্যাপী বার বার টেস্ট করার ওপর জোর দেয়া হচ্ছে।,বাংলাদেশে করোনাভাইরাসের টেস্টের ফলাফল ভুল হওয়ার কারণে অন্যান্য দেশের মতো বাংলাদেশেও এ ধরণের পরীক্ষা করা হয় না।,0.23255813953488372,0.048780487804878044,0.13953488372093026,0.7462276,17,26
"গবেষকরা বলছেন, বাংলাদেশ প্রায় ৭০ লাখ মাদকাসক্ত রয়েছে, যাদের বয়স ১০ থেকে ৭০ বছরের মধ্যে এমন প্রেক্ষাপটে দেশজুড়ে মাদকবিরোধী অভিযান শুরু করেছে আইনশৃঙ্খলা বাহিনী। গত কয়েক সপ্তাহের অভিযানে এ পর্যন্ত অন্তত ৩০জন নিহত হয়েছে আর আটক হয়েছে কয়েকশো ব্যক্তি। কিন্তু পরিবারের কোন সদস্য মাদকাসক্ত হয়ে উঠলে অন্যরা সেটি কীভাবে বুঝবেন? বাংলাদেশে এ ধরণের সমস্যায় চিকিৎসার কী ব্যবস্থা রয়েছে? কী কী লক্ষণ দেখলে সতর্ক হওয়া উচিত? বাংলাদেশের একটি মাদকাসক্তি নিরাময় কেন্দ্র 'মুক্তি'র প্রধান আলি আসকার কোরেশী বলছেন, ''কেউ মাদকাসক্ত হয়ে উঠলে একদম শুরুর দিকে বুঝা আসলে একটু শক্ত। তারপরেও বেশ কিছু লক্ষণ রয়েছে, যা দেখা গেলে সন্তানের বিষয়ে সতর্ক হতে হবে।'' ''যদি দেখা যায় যে, সন্তানের আচার আচরণে কিছু পরিবর্তন লক্ষ্য করা যায়, যে শান্তশিষ্ট ছেলেটা হঠাৎ করে অপরিচিতের মতো আচরণ করছে। ঘুমের প্যাটার্ন পাল্টে যাচ্ছে। আগে যে সকালে স্কুলে যেতো, এখন সে নানা অজুহাতে স্কুলে যেতে চাইছে না। বিভিন্ন অজুহাতে টাকা চাইছে যে, আজকে এটা কিনতে হবে, কাল অন্য কাজে টাকা লাগবে। তখন সতর্ক হতে হবে।'' বাংলাদেশে সব মাদক ছাড়িয়ে ব্যবহারের শীর্ষে উঠে এসেছে ইয়াবা আরো কিছু লক্ষণের মধ্যে রয়েছে মন-মেজাজের হঠাৎ পরিবর্তন, ঘুম থেকে উঠে মেজাজ খারাপ করা, খাওয়া-দাওয়ার দিকে নজর না থাকা বা অতিরিক্ত ঘুমানো, রাতে জেগে দিনে ঘুমানো, এ ধরণের প্রবণতা দেখা গেলে সতর্ক হওয়ার পরামর্শ দিচ্ছেন চিকিৎসকরা। পরিবারের কোন সদস্য ঘন ঘন অতিরিক্ত টাকা দাবি করলে, প্রাইভেট বা স্কুলের খরচের নাম করে বারবার টাকা চাইলেও সতর্ক হতে হবে। তিনি পরামর্শ দিচ্ছেন, এসব ক্ষেত্রে সন্তান কোথায় যায়, কাদের সঙ্গে মিশছে, আসলেই স্কুলে বা প্রাইভেটে যাচ্ছে কিনা, এসব অভিভাবকদের নজরদারি করতে হবে। স্কুলের বেতন থেকে শুরু করে প্রাইভেট টিউটরের বেতনও অভিভাবকদের নিজেদের দেয়া উচিত, কারণ অনেক সময় প্রাইভেট বা স্কুলের নাম করে অতিরিক্ত টাকা নিয়ে তারা নেশা করে। মাদকাসক্ত ব্যক্তিদের মিথ্যা বলা বেড়ে যাওয়া, দায়িত্ব এড়িয়ে যাওয়া বা অনেক সময় চুরির অভ্যাস তৈরি হওয়ার প্রবণতাও দেখা যায়। বন্ধুদের মধ্যে যদি মাদকাসক্ত কেউ থাকে, তাহলেও তার মাদকাসক্তিতে জড়িয়ে পড়ার সম্ভাবনা তৈরি হয়। আরো পড়ুন: 'টেলিফোন করলেই পৌঁছে যায় ইয়াবা' 'বাংলাদেশে মাদকাসক্ত ফিলিপিনের চেয়েও বেশি' 'শুরু করার পরে বেরিয়ে আসতে পারছে না বাংলাদেশে বিগত কয়েক বছরে উদ্ধারকৃত ইয়াবার পরিমাণ মাদকাসক্ত বোঝা গেলে কী করণীয়? ডা. আলী আসকর কোরেশী বলছেন, চিৎকার চেঁচামেচি বা মারধর না করে এক্ষেত্রে একটাই পদক্ষেপ, তাকে সরাসরি একজন মানসিক চিকিৎসকের কাছে নিয়ে যাওয়া। মানসিক চিকিৎসকদের মধ্যে অনেকে রয়েছেন যাদের মাদকাসক্তি নিরাময়ে বিশেষ দক্ষতা রয়েছে। তাদের কাছে যেতে পারলে আরো ভালো। এক্ষেত্রে ওই চিকিৎসক রোগীকে বিশ্লেষণ করে তার চিকিৎসা পদ্ধতি ঠিক করেন। মি. কোরেশী বলছেন, ছোটখাটো ক্ষেত্রে বা প্রথম দিকে হয়তো ওষুধ আর নিয়মিত ফলোআপে মাদকাসক্তি দূর করা যায়। কিন্তু এই আসক্তি পুরনো বা গভীর হলে হাসপাতালে ভর্তি হয়ে চিকিৎসা নিতে হয়। তিনি জানান, বাংলাদেশে মূলত দুই পদ্ধতিতে মাদকাসক্তির চিকিৎসা হয়। একটি হচ্ছে রিহ্যাব পদ্ধতি। সাধারণত হেরোইন, প্যাথেড্রিন, ফেন্সিডিল বা মরফিন আসক্তদের এ ধরণের পদ্ধতিতে চিকিৎসা দেয়া হয়। এক্ষেত্রে রোগীকে দুই থেকে তিন মাস রিহ্যাব সেন্টারে আটকে রাখা হয়। নিয়মিত নেশা করতে না পেরে একসময় রোগীর নেশার প্রবণতা কেটে যায়। পাশাপাশি মানসিক পরামর্শে তিনি আসক্তি কাটিয়ে ওঠেন। বাংলাদেশে র‍্যাব-পুলিশের সঙ্গে বন্দুক যুদ্ধে গত দুই সপ্তাহে নিহত হয়েছে অন্তত ৩০ জন 'চিকিৎসায় ভালো হয়ে আবারো মাদকে জড়িয়ে পড়ে' কিন্তু রোগীর আসক্তির সঙ্গে মানসিক রোগ, যেমন হতাশা, বিষণ্ণতা ইত্যাদি থাকলে ডিটক্স পদ্ধতির ক্লিনিক বা হাসপাতালে ভর্তি হওয়া যায়। সেখানেও তাকে কয়েক মাস থাকতে হবে। তবে রিহ্যাবের সঙ্গে এখানে পার্থক্য হলো যে, এখানে রোগীদের আসক্তি কাটাতে নানা ওষুধের ব্যবহার করা হয়। আলী আসকর কোরেশী বলছেন, ''পুরোপুরি মাদকাসক্তি কাটাতে অন্তত ছয় মাস একজন রোগীর ক্লিনিকে থাকা উচিত। ক্লিনিক থেকে ছাড়া পেলেও আরো অন্তত এক বছর চিকিৎসকের তত্ত্বাবধানে থাকা দরকার।'' তিনি বলছেন, ''অনেক সময় আমরা দেখেছি, চিকিৎসায় ভালো হয়ে বাড়ি যাবার পর আবার তারা মাদকে জড়িয়ে পড়ে। তাদের পরিবেশ, আসক্ত বন্ধুদের কারণে আবার তারা সেই পথে পা বাড়ায়। ফলে নিয়মিত ফলোআপের পাশাপাশি তার পরিবেশের পরিবর্তনও জরুরি।'' বাংলাদেশে কথিত বন্দুক যুদ্ধে নিহত মাদক ব্যবসায়ীদের সংখ্যা পরিবারের সহায়তা পরিবারের কোন স্বজন মাদকাসক্ত হয়ে উঠলে অনেক সময় পরিবারের সদস্যরা তাকে এড়িয়ে চলেন বা খারাপ ব্যবহার করেন। ড. কোরেশী বলছেন, আসলে এ সময়টাতেই পরিবারের সহমর্মিতা তার জন্য সবচেয়ে বেশি দরকার। চিকিৎসার পাশাপাশি তাদের আন্তরিকতা ও ভালোবাসা তার ভুল পথে যাওয়া ঠেকাতে পারে। কোথায় কী চিকিৎসা? বাংলাদেশে সরকারিভাবে সীমিত পরিসরে আর বেসরকারিভাবে অনেক মাদকাসক্তি নিরাময় ক্লিনিক তৈরি হয়েছে। বাংলাদেশের কর্মকর্তাদের অভিযোগ, মিয়ানমার থেকেই ইয়াবা বাংলাদেশে আসে, কিন্তু সেই দেশটির সরকার এর বিরুদ্ধে কোন ব্যবস্থা নেয় না বাংলাদেশ মাদকদ্রব্য নিয়ন্ত্রণ অধিদপ্তরের চিকিৎসা ও পুনর্বাসন বিষয়ক পরিচালক মোঃ মফিদুল ইসলাম বলছেন, দেশের চারটি বিভাগীয় শহরে সরকারি চারটি মাদকাসক্তি নিরাময় কেন্দ্র রয়েছে, যেখানে খুবই কম খরচে চিকিৎসা করা হয়। এছাড়া সরকারি তালিকাভুক্ত ২৩২টি মাদকাসক্তি নিরাময় কেন্দ্র রয়েছে। তবে ডাঃ আলী আসকর কোরেশী বলছেন, বেসরকারিভাবে কয়েক হাজার মাদকাসক্তি নিরাময় কেন্দ্র তৈরি হয়েছে। অনেক সময় দেখা যায়, চিকিৎসায় সুস্থ হওয়ার পর সাবেক মাদকসেবীরা নিজেরাই নিরাময় কেন্দ্র খুলেছেন। তবে এখনো এ ধরণের সেবাটি ঢাকা এবং বিভাগীয় শহরকেন্দ্রিক। নেশার কবলে ঝড়ে পড়ছে অনেক সুস্থ প্রাণ মোঃ মফিদুল ইসলাম বলেছেন, দেশে যে সংখ্যক মাদকসেবী রয়েছে, সে তুলনা এরকম চিকিৎসা কেন্দ্র সত্যিই অপ্রতুল। তাই আমরা স্বাস্থ্য অধিদপ্তরকে অনুরোধ করেছি যেন, প্রতিটি জেলা শহরে হাসপাতাল ও মেডিকেল কলেজে মাদকাসক্তদের নিরাময়ে কয়েকটি বেড বরাদ্ধ থাকে। মাদকাসক্তি নিরাময়ে খরচ বাংলাদেশের সরকারি হাসপাতাল গুলোয় মাদকাসক্তি নিরাময় একহাজার টাকার মধ্যেই পনেরো দিনের জন্য চিকিৎসা সম্ভব। এর মধ্যে থাকা ও খাওয়া অন্তর্ভুক্ত। তবে বেসরকারি চিকিৎসার ক্ষেত্রে প্রতিমাসের জন্য ২০ হাজার থেকে শুরু করে ৫০ হাজার টাকা পর্যন্ত ব্যয় হয়ে থাকে। এর মধ্যে চিকিৎসা, ওষুধ, থাকা ও খাওয়া অন্তর্ভুক্ত। বিবিসি বাংলায় আরো পড়তে পারেন: কওমী শিক্ষা বোর্ডের নেতাদের মধ্যে বিরোধ কেন? বাংলাদেশে কওমী মাদ্রাসায় কী পড়ানো হয়? উত্তর কোরিয়া কেন পরমাণু স্থাপনা ধ্বংস করছে? রাজকীয় বিয়ে: কেনিয়ানরা কেন অর্থ খরচ করলো?","বাংলাদেশের গবেষকরা বলছেন, দেশে এখন প্রায় ৭০ লাখ মাদকসেবী রয়েছে, যাদের বেশিরভাগ তরুণ। এদের মধ্যে ১০ বছর থেকে ৭০ বছরের বৃদ্ধও রয়েছেন।",বাংলাদেশে সব মাদক ছাড়িয়ে ব্যবহারের শীর্ষে উঠে এসেছে ইয়াবা।,0.0,0.0,0.0,0.67342097,9,22
"জাতীয় পার্টির প্রধান জেনারেল এইচ এম এরশাদ। দিল্লি সফররত জাতীয় পার্টির নেতারা বিবিসিকে জানিয়েছেন, বাংলাদেশে সাংবিধানিক ধারাবাহিকতা ও গণতন্ত্র বজায় রাখার ক্ষেত্রে তাদের দলের যে ভূমিকা এই সফরে ভারত কার্যত তারই স্বীকৃতি দিচ্ছে। দিল্লিতে পর্যবেক্ষকরাও মনে করছেন, বাংলাদেশের রাজনীতিতে একটা তৃতীয় শক্তি হিসেবে জাতীয় পার্টির যে জায়গাটা আছে সেটাকে আরও ভালভাবে বুঝতেই জেনারেল এরশাদকে ভারত আমন্ত্রণ জানিয়েছে। কিন্তু বাংলাদেশে ভোটের বছরে মি. এরশাদের এই দিল্লি সফরের তাৎপর্য কী? আসলে গত দু-তিনমাসে আওয়ামী লীগ ও বিএনপি- বাংলাদেশের এই প্রধান দুই দলের নেতারাই ভারতের রাজধানীতে সফর করে গেছেন। এখন মি. এরশাদের নেতৃত্বে জাতীয় পার্টির যে দলটি দিল্লিতে রয়েছে, ভারত সরকারের হয়ে নিজে গিয়ে তাদের আমন্ত্রণ জানিয়ে এসেছিলেন ঢাকায় ভারতের রাষ্ট্রদূত হর্ষবর্ধন শ্রিংলা। জাতীয় পার্টির প্রেসিডিয়াম সদস্য জিয়াউদ্দিন আহমেদ বাবলু জানাচ্ছেন, ""অন্য দলের কথা বলতে পারব না, তবে আমরা এসেছি খোদ ভারত সরকারের আমন্ত্রণে আর দিল্লিতেও এখন অবস্থান করছি তাদের আতিথ্যেই।"" ""আসার পর প্রথম দিনেই আমাদের বৈঠক হয়েছে ভারতের স্বরাষ্ট্রমন্ত্রী ও বিজেপির সাবেক সভাপতি রাজনাথ সিংয়ের সঙ্গে। পরদিন আমরা বৈঠকে বসি ভারতের পররাষ্ট্রমন্ত্রী সুষমা স্বরাজের সঙ্গে।"" তিনি বিবিসিকে আরও বলেছেন, দিল্লিতে তাদের বৈঠক হয়েছে ভারতের জাতীয় নিরাপত্তা উপদেষ্টা অজিত ডোভালের সঙ্গেও। কিন্তু ভারতের এই নীতি-নির্ধারকদের সঙ্গে মি. এরশাদ ও তার সঙ্গীরা ঠিক কী নিয়ে কথাবার্তা বললেন? ""দেখুন ভারত হল বিশ্বের বৃহত্তম গণতন্ত্র। আর ওদিকে বাংলাদেশেও সংবিধানকে সমুন্নত রাখতে ও গণতান্ত্রিক প্রক্রিয়াকে অব্যাহত রাখতে জাতীয় পার্টি লাগাতার চেষ্টা চালিয়ে যাচ্ছে। গত নির্বাচনে আমরা শুধু এই কারণে অংশ নিয়েছিলাম যাতে বাংলাদেশে সাংবিধানিক ধারাবাহিকতা অক্ষুণ্ন থাকে।"" ""বাংলাদেশের গণতন্ত্র এখনও বিকাশশীল - আমাদের হয়তো অনেক সীমাবদ্ধতাও আছে। কিন্তু যে কোনও অবস্থাতেই আমরা গণতান্ত্রিক প্রতিষ্ঠানগুলোকে আরও শক্তিশালী করতে চাই, আর এ ব্যাপারে ভারতও আমাদের সাথে পুরোপুরি একমত। মূলত এই বিষয়েই দু'পক্ষের মধ্যে কথাবার্তা হয়েছে"", বলছিলেন জিয়াউদ্দিন আহমেদ বাবলু। বাংলাদেশের ঢাকায় নির্বাচনী প্রচারণা, ফাইল ফটো। আরো পড়তে পারেন: চুম্বনের ভাইরাল সেই ছবি নিয়ে বিতর্কের ঝড় ভারতে গরুর দুধের চেয়েও গোমূত্রের দাম বেশি বাংলাদেশে ছাত্রীদের নিয়ে মন্তব্য করে নেপালি মন্ত্রীর পদত্যাগ দিল্লির থিঙ্কট্যাঙ্ক অবজারভার রিসার্চ ফাউন্ডেশনের সিনিয়র ফেলো জয়িতা ভট্টাচার্য আবার বলছেন, ভারত এখন জামায়াত ছাড়া বাংলাদেশের সব রাজনৈতিক শক্তির সঙ্গেই একটা সম্পর্ক রাখতে আগ্রহী - জাতীয় পার্টিকে আমন্ত্রণ সেই প্রক্রিয়ারই অংশ। তার কথায়, ""তা ছাড়া সে দেশে তারা গুরুত্বপূর্ণ একটি তৃতীয় শক্তি, এবং আপনি চান বা না-চান তারা পার্লামেন্টে প্রধান বিরোধী দলও বটে। এর ওপরে মি. এরশাদ নিজে একজন সাবেক রাষ্ট্রপ্রধান, কাজেই কেন নয়?"" ২০১৪ সালের বিতর্কিত নির্বাচনের মতো না-হলেও এবারের নির্বাচনেও জাতীয় পার্টির ভূমিকা গুরুত্বপূর্ণ হয়ে উঠতে পারে, ভারত এই ফ্যাক্টরটাও মাথায় রাখছে বলে বলছিলেন মিস ভট্টাচার্য। ""প্রথমত বিএনপি এখনও পরিষ্কার করে বলেনি তারা নির্বাচনে যাবে কি না। তবে তারপরও গণতন্ত্রে একটা তৃতীয় শক্তির সব সময়ই কিন্তু বড় ভূমিকা থাকে।"" ""আসলে আমরা এখনও পর্যন্ত জানি না নির্বাচনী চিত্রটা শেষ পর্যন্ত কী দাঁড়াবে। কিন্তু কে বলতে পারে, জাতীয় পার্টি বাংলাদেশের নির্বাচনী রাজনীতিতে একটা বড় ভূমিকা নেবে না?"", বলছিলেন জয়িতা ভট্টাচার্য। কিন্তু এই দিল্লি সফরে ভারতীয় নেতৃত্বর কাছ থেকেই বা জাতীয় পার্টি ঠিক কী প্রত্যাশা করছে? জিয়াউদ্দিন আহমেদ বাবলুর কথায়, ""আমাদের সাংবিধানিক ধারাবাহিকতা রক্ষার ক্ষেত্রে ভারত কিন্তু বরাবরই আমাদের সমর্থন জুগিয়ে এসেছে। গতবারও তারা ঠিক সেটাই করেছে।"" ""আসলে ভারতের সাহায্য বলতে কি, ভারতে গণতন্ত্র কিন্তু একটা প্রাতিষ্ঠানিক রূপ পেয়ে গেছে এবং তাদের থেকে আমরা অনেক অভিজ্ঞতা অর্জন করতে পারি, অনেক কিছু শিখতে পারি। কোনও দিনই ভারতে সামরিক শাসন আসেনি, তাদের গণতন্ত্র অনেক দৃঢ় ভিত্তির ওপর প্রতিষ্ঠিত - এগুলো নিয়ে আমাদের অনেক কথাবার্তা হল!"", জানাচ্ছেন তিনি। চারদিনের সফর শেষে কাল বুধবারই ঢাকায় ফিরছেন জেনারেল এরশাদ ও তার সঙ্গীরা। আর তারা এই বার্তা নিয়েই ফিরছেন, যে বাংলাদেশে গণতন্ত্রের কোনও সঙ্কটে জাতীয় পার্টি ইতিবাচক ভূমিকা নিলে ভারতও তাদের পাশেই থাকবে। আরো পড়তে পারেন: সৌদিতে নারী শ্রমিক নির্যাতনের কেন সুরাহা নেই? হলি আর্টিজান:আইএস সম্পৃক্ততা 'না থাকা' নিয়ে বির্তক বাংলাদেশে ইন্টারনেটের দাম এত বেশি কেন?",বাংলাদেশের সাবেক রাষ্ট্রপতি ও জাতীয় পার্টির চেয়ারম্যান এইচ এম এরশাদ ভারত সরকারের আমন্ত্রণে দিল্লি সফরে এসে গুরুত্বপূর্ণ নেতা-মন্ত্রীদের সঙ্গে দেখা করছেন।,বাংলাদেশের জাতীয় পার্টির প্রধান জেনারেল এইচ এম এরশাদ ভারতের রাজধানী দিল্লিতে তাদের আমন্ত্রণ জানিয়েছে।,0.34285714285714286,0.18181818181818185,0.34285714285714286,0.8134811,14,21
"আদালত কক্ষের ভেতর এমন ঘটনা তেমন শোনা যায় না। কুমিল্লা কোতওয়ালি থানার ভারপ্রাপ্ত কর্মকর্তা মোহাম্মদ সালাহউদ্দিন বিবিসিকে জানিয়েছেন, সোমবার দুপুর সাড়ে বারোটার দিকে এই ঘটনা ঘটে। তিনি জানিয়েছেন, আসামি দুইজন - হাসান এবং ফারুক - একই হত্যা মামলার আসামি। কিভাবে ঘটলো এই হত্যাকাণ্ড পুলিশ কর্মকর্তা মি. সালাহউদ্দিন জানিয়েছেন, নিহত ব্যক্তির নাম ফারুক হোসেন। তিনি অপর আসামি মোহাম্মদ হাসানের ফুফাতো ভাই। তাদের একজনের নানা ও অন্যজনের দাদা হাজী আব্দুল করিম হত্যা মামলার আসামি এই দুই ব্যক্তি। ২০১৫ সালে হওয়া ঐ হত্যা মামলায় এই দুইজনই জামিনে ছিলেন। মি. সালাহউদ্দিন জানিয়েছেন, সোমবার মামলার শুনানিতে হাজিরা দিতে এসে মোহাম্মদ হাসান ছুরি হাতে আদালত কক্ষের সামনের করিডর থেকে তাড়া করেন ফারুক হোসেনকে। সেসময় আদালতে তাদের মামলার শুনানি চলছিল। পুলিশের ভাষ্য অনুযায়ী, ফারুক দৌড়ে আদালত কক্ষে ঢুকে পড়ার পর, বিচারকের সামনেই হাসান ছুরিকাঘাত করে ফারুককে গুরুতর জখম করে। ঘটনাস্থলেই মারা যান ফারুক। পুলিশ বলছে, হত্যা মামলা এবং জমিজমা সংক্রান্ত কারণে দুই আসামির মধ্যে পূর্ব বিরোধ ছিল বলে তাদের প্রাথমিক ধারণা। মোহাম্মদ হাসানকে গ্রেপ্তার করেছে পুলিশ। তার বিরুদ্ধে মামলার প্রস্তুতি চলছে বলে জানিয়েছে। বিবিসি বাংলায় আরো পড়ুন: এরশাদের অবর্তমানে জাপা ‘বিলুপ্ত হতে পারে’ 'বাচ্চারা, তোমরা খেলাধুলায় এসো না'- ম্যাচ শেষে জিমি নিশাম যেকারণে ম্যান অফ দা টুর্নামেন্ট উইলিয়ামসন",কুমিল্লায় আদালত কক্ষের মধ্যে বিচারকের উপস্থিতিতে শুনানি চলাকালে এক আসামির ছুরিকাঘাতে নিহত হয়েছেন আরেক আসামি।,বাংলাদেশের কুমিল্লায় এক ব্যক্তিকে ছুরি হাতে হত্যা করেছে আদালত।,0.16666666666666669,0.0,0.16666666666666669,0.75631315,9,15
"ট্রেসটুগেদার টোকেন স্মার্টফোন অ্যাপের বাইরে কন্ট্যাক্ট ট্রেসিংএর বিকল্প একটি ব্যবস্থা। সরকার স্মার্টফোনে ব্যবহার করার যে কন্ট্যাক্ট ট্রেসিং অ্যাপ চালু করেছে নতুন এই ব্লুটুথ যন্ত্রটি তার বিকল্প একটি ব্যবস্থা। এটি 'ট্রেসটুগেদার' নামে একটি টোকেন ব্যবস্থা। যাদের স্মার্টফোন নেই বা যারা মোবাইল ফোন ব্যবহার করতে চান না, তাদের জন্য নতুন এই ব্যবস্থা চালু করা হচ্ছে। স্মার্টফোনে এই অ্যাপ ব্যবহার করলে ব্যক্তিগত তথ্য নিয়ে গোপনীয়তা রক্ষা করা যাবে কিনা, তা নিয়ে কোন কোন মহল থেকে উদ্বেগ প্রকাশ করার পর নতুন এই যন্ত্রটি চালুর ঘোষণা করা হয়েছে। এই যন্ত্রের প্রথম ব্যাচটি দেয়া হচ্ছে সেইসব বয়স্ক ব্যক্তিদের যারা ঝুঁকিতে এবং যাদের পরিবারের কেউ তাদের দেখাশোনার জন্য নেই অথবা যাদের চলাফেরার অসুবিধা রয়েছে। এই টোকেনে প্রত্যেক টোকেনধারীকে চিহ্ণিত করার জন্য সুনির্দিষ্ট কোড বা সঙ্কেত থাকবে এবং এই টোকেন যন্ত্রে চার্জ দেয়ার প্রয়োজন হবে না। এটির ব্যাটারি কাজ করবে নয় মাস পর্যন্ত। এই যন্ত্র ব্লুটুথের মাধ্যমে আশেপাশে টোকেন বা স্মার্টফোনের মাধ্যমে 'ট্রেসটুগেদার' ব্যবহার করছে এমন ব্যক্তিদের সিগনাল ধরবে। করোনাভাইরাসে সংক্রমিত হয়েছে এমন কেউ আশেপাশে আছে বলে এই যন্ত্র যদি ধরতে পারে, তাহলে কন্ট্যাক্ট ট্রেসিং কর্মকর্তা যন্ত্র ব্যবহারকারীর সাথে যোগাযোগ করে তাকে সতর্ক করে দেবে। আশপাশের কারও সংস্পর্শে আসার কারণে সেই ব্যক্তি যদি কোভিড-১৯ পজিটিভ শনাক্ত হয়, তাহলে ওই টোকেন থেকে সেই তথ্য ডাউনলোড করা হবে। ব্যবহারকারীদের বক্তিগত গোপনীয়তা লংঘন নিয়ে উদ্বেগ মন্ত্রীরা ইতোমধ্যেই নাকচ করে দিয়েছেন। তারা যুক্তি দিয়েছেন যে, মানুষের গতিবিধির ওপর নজরদারি করার লক্ষ্যে এই যন্ত্র তৈরি করা হয়নি। সিঙ্গাপুর সরকার বলেছেন যে তথ্য এই টোকেন সংগ্রহ করবে তা বিশেষভাবে সুরক্ষিত রাখা হবে এবং সর্বোচ্চ ২৫দিন তা ওই টোকেনে মজুত রাখা হবে। সিঙ্গাপুরে অভিবাসী শ্রমিকদের বড় অংশটি দক্ষিণ এশিয়ার দেশগুলোর বাসিন্দা কর্তৃপক্ষ আরও বলেছে যে এই তথ্য দূর থেকে কেউ সংগ্রহ করতেও পারবে না কারণ এই টোকেনে কোন ইন্টারনেট যোগাযোগ নেই বা সেলফোনের মত যান্ত্রিক সক্ষমতাও এর নেই। বিবিসি বাংলায় আরও পড়তে পারেন: সিঙ্গাপুরে এতো বাংলাদেশি শ্রমিক করোনাভাইরাসে আক্রান্ত হচ্ছেন কেন? করোনাভাইরাস: সিঙ্গাপুরের অভিজ্ঞতা কি বাকি বিশ্বের জন্য উদ্বেগের কারণ হতে পারে? সংক্রমণ রোধে যেভাবে কাজ করেছেন সিঙ্গাপুরের গোয়েন্দারা অর্থনীতি আবার চালু সরকার বলেছে এই টোকেনে গ্লোবাল পজিশনিং সিস্টেম বা জিপিএস ব্যবস্থা থাকছে না। ফলে আপনি কোন জায়গায় আছেন তা এই টোকেন নির্ধারণ করতে পারবে না। সিঙ্গাপুর সরকার বলছে মার্চ মাসে তারা স্মার্টফোনে ব্যবহারযোগ্য ট্রেসটুগেদার অ্যাপটি চালু করার পর প্রায় ২১ লাখ মানুষ এটি ডাউনলোড করেছে। কর্তৃপক্ষ বলছে সিঙ্গাপুরে অর্থনৈতিক কর্মকান্ড যেহেতু আবার খুলে দেয়া শুরু হয়েছে, ব্যবসাবাণিজ্য দোকানপাট আবার খুলছে তাই ট্রেসটুগেদার কর্মসূচি যাতে আরও বিস্তৃতভাবে ব্যবহার করা হয়, যাতে সমাজের সব স্তরের মানুষ এতে আরও ব্যাপকভাবে অংশ নিতে পার, সেটা তারা নিশ্চিত করতে চায়। এ মাসের গোড়ায় সিঙ্গাপুর সরকার জরুরি নয় এমন দোকান খুলতে শুরু করেছে। রেস্তোরাঁ এবং পানশালাগুলোও সবে খুলেছে। পিসিআই নামে সিঙ্গাপুর ভিত্তিক একটি ইলেকট্রনিক্স কোম্পানি এই টোকেন তৈরি করেছে। তারা প্রথম দফায় তিন লাখ টোকেন তৈরি করেছে যার খরচ পড়েছে টোকেন প্রতি ২০ সিঙ্গাপুর ডলার। গতকাল রোববার সিঙ্গাপুরে নতুন করে ২১৩টি সংক্রমণ ধরা পড়েছে। এর মধ্যে মাত্র ১১জনের সংক্রমণ হয়েছে দেশের ভেতর থেকে। বাকি সবগুলো সংক্রমণের ঘটনা ঘটেছে অভিবাসী শ্রমিকদের আবাসিক হস্টেলে। এর ফলে সিঙ্গাপুরে কোভিড-১৯এ মোট আক্রান্তের সংখ্যা দাঁড়াল ৪৩,৪৫৯।",সিঙ্গাপুরে করোনাভাইরাসের বিস্তার ঠেকাতে ব্লুটুথ দিয়ে ব্যবহারযোগ্য কন্ট্যাক্ট ট্রেসিং-এর যন্ত্র্র বিতরণ শুরু হয়েছে।,"করোনাভাইরাসে সংক্রমিত হয়েছে এমন কেউ আশেপাশে আছে কিনা, তা নিয়ে নতুন একটি যন্ত্র চালু করা হয়েছে।",0.06896551724137931,0.0,0.06896551724137931,0.7475251,16,13
"গানের অন্যতম দুইজন শিল্পী প্রতিবেশী দুই দেশের বৈরিতা নতুন নয়। কাশ্মীর নিয়ে সাম্প্রতিক সময়ে দুই দেশের মধ্যে উত্তেজনার পারদ আরো ওপরে উঠেছে। এমন প্রেক্ষাপটে সামাজিক যোগাযোগ মাধ্যমে ভাইরাল হয়েছে ভারত এবং পাকিস্তানের একদল তরুণ শিল্পীর গাওয়া একটি গান, যাকে উদ্যোক্তারা বলছেন 'পিস অ্যানথেম' বা শান্তির জাতীয় সঙ্গীত। 'ভয়েস অব রাম' নামে শান্তির পক্ষে প্রচারণা চালানো ফেসবুক ভিত্তিক একটি গ্রুপ গত রাতে গানটি পোষ্ট করেছে। ১২ ঘণ্টার মধ্যেই প্রায় সাড়ে তিন লাখ বার দেখা হয়েছে ভিডিওটি। দশ হাজারের মত শেয়ার করা হয়েছে গানটি। পাকিস্তানি শিল্পীদের মধ্যে নাতাশা বেগও গান গেয়েছেন এই ভিডিওতে ভিডিওর শুরুতেই পর্দায় ভেসে ওঠে একটি বাক্য ""শিল্পের জন্য আমরা যখন সীমান্ত খুলে দেই, তখন শান্তির দেখা মেলে""। দেখা যায়, একটি গানেরই প্রথম অংশে পাকিস্তানের জাতীয় সঙ্গীত 'পাক সার জমিন সাদ বাদ' গাইছেন একদল শিল্পী। পরের অংশে সেই শিল্পীদেরই দেখা যায় ভারতের জাতীয় সঙ্গীত 'জনগনমন অধিনায়ক জয় হে' গাইছেন। এদের কাউকে কাউকে রেকর্ডিং স্টুডিও থেকে, আবার কাউকে কাউকে দুই দেশের বিভিন্ন লোকেশনে গানে গলা মেলাতে দেখা যায়। গানটি শেষে পর্দায় ভেসে ওঠে ""আসুন শান্তি পক্ষে দাড়াই""। 'ভয়েস অব রাম' এর প্রধান চলচ্চিত্রকার এবং রাজনৈতিক আন্দোলন কর্মী রাম সুব্রামানিয়ন বলেছেন, অনেক মানুষই আছেন যারা শান্তির পক্ষে কথা বলতে ভয় পায়। তাদের অযৌক্তিক ভীতি দূর করার জন্য এই ভিডিও। গানটি নিয়ে এখন সামাজিক যোগাযোগ মাধ্যমে চলছে তুমুল আলোচনা সমালোচনা। পাকিস্তানের ডন পত্রিকা একে 'অবাক করা' উপহার হিসেবে আখ্যা দিয়ে বলছে গানটি শুনতে বেশ ভালো। গত বছর কাশ্মীর নিয়ে সীমান্তে নতুন করে উত্তেজনা শুরু হবার পর থেকে দুই তরফের হতাহতের ঘটনা ঘটেছে। দুই দেশের মধ্যে শান্তির কোন উদ্যোগ বা বিনিময়কে উভয় দেশের জাতীয়তাবাদীরা বিশ্বাসঘাতক বলে আখ্যায়িত করার একটি সাধারণ প্রবণতা দুই দেশেই আছে।",পাকিস্তানের ৭০ তম স্বাধীনতা দিবস আজ। আগামীকাল তার ঐতিহাসিক প্রতিপক্ষ ভারত পালন করবে নিজের ৭০ তম স্বাধীনতা দিবস।,ভারত এবং পাকিস্তানের মধ্যে নতুন করে উত্তেজনা চলছে।,0.15384615384615383,0.0,0.07692307692307691,0.6588917,8,18
"জামায়াতের সংস্কারপন্থীদের সংবাদ সম্মেলন। ঢাকায় একটি হোটেলে সংবাদ সম্মেলন করে জামায়াত থেকে বহিস্কৃত নেতা মজিবুর রহমান মঞ্জু তাদের এই নতুন দল গঠনের প্রক্রিয়া শুরুর কথা আনুষ্ঠানিকভাবে তুলে ধরেছেন। তিনি বলেছেন, বাংলাদেশের মুক্তিযুদ্ধে জামায়াতে ইসলামীর বিরোধিতা বা রাজনৈতিক অবস্থানের বোঝা '৭১ পরবর্তী প্রজন্মের' বহন করা উচিত নয়। এখন সংস্কারপন্থীদের নতুন এই দল গঠনের উদ্যোগ জামায়াতে ইসলামীর উপর কী ধরনের প্রভাব ফেলবে-সেই প্রশ্ন উঠেছে। মাঠ পর্যায়ের একাধিক নেতা নাম প্রকাশ না করার শর্তে বলেছেন, তাদের দলে তরুণ প্রজন্মের মাঝে নতুন এই দলটি প্রভাব ফেলতে পারে। কিন্তু জামায়াতে ইসলামীর সেক্রেটারি জেনারেল ডা: শফিকুর রহমান বিবিসিকে বলেছেন, তাদের সাবেক নেতার নতুন দল জামায়াতে ইসলামীর উপর কোন প্রভাব ফেলবে না বলে তিনি মনে করেন। কেন নতুন দল মুক্তিযুদ্ধের বিরোধিতার জন্য জাতির কাছে ক্ষমা চাওয়া এবং দলে সংস্কার প্রশ্নে সম্প্রতি জামায়াতে ইসলামীতে বিরোধ তীব্র হয়। গত ফেব্রুয়ারি মাসে দলটির প্রভাবশালী একজন নেতা সহকারি সেক্রেটারি জেনারেল ব্যারিষ্টার আব্দুর রাজ্জাক দল থেকে পদত্যাগ করেন। একই ইস্যুতে দলে প্রকাশ্য অবস্থান নেয়ায় জামায়াত থেকে বহিস্কৃত হন মজিবুর রহমান মঞ্জু। ইসলামী ছাত্র শিবিরের সাবেক সভাপতি মি: মঞ্জু পরে জামায়াতের কেন্দ্রীয় মজলিসে শুরার সদস্য হয়েছিলেন। তিনি এখন একটি নতুন রাজনৈতিক দল গঠন করতে যাচ্ছেন। 'জন আকাঙ্ক্ষার বাংলাদেশ' - এই শ্লোগান নিয়ে দল গঠনের জন্য ১৯টি ইস্যু তুলে ধরা হয়েছে। মজিবুর রহমান মঞ্জু বলেছেন, মুক্তিযুদ্ধে জামায়াতের রাজনৈতিক অবস্থানের বোঝা '৭১ পরবর্তী প্রজন্মের' বহন করা উচিত নয়। ""মুক্তিযুদ্ধের বিরোধিতাকারী একমাত্র দল না হলেও পরবর্তী সময়ে জামায়াতে ইসলামীর অবস্থান এবং ভূমিকা নিয়েই বেশি প্রশ্ন আর বিতর্ক তৈরি হয়েছে।"" জামায়াতের সেক্রেটারি জেনারেল শফিকুর রহমান জামায়াতকে কতটা নাড়া দিয়েছেন ব্যারিস্টার রাজ্জাক জামায়াত কি সংস্কারের পথ থেকে পিছিয়ে যাচ্ছে? সংস্কার নিয়ে মতভেদ কীভাবে নিরসন করবে জামায়াত? তিনি বলেন, ""দল হিসেবে জামায়াত মুক্ত ও স্বাধীন বাংলাদেশে সক্রিয় হওয়ার সিদ্ধান্ত নিলেও মুক্তিযুদ্ধের সময়ের ভূমিকার জন্য দায় দায়িত্ব স্বীকার এবং ঐতিহাসিক ক্ষত উপশমের জন্য আন্তরিক উদ্যোগ গ্রহণের দাবিকে বরাবরই অগ্রাহ্য করেছে। এই রাজনৈতিক অবস্থানের বোঝা ৭১ পরবর্তী প্রজন্মের বহন করা উচিত নয় বলে আমরা বিশ্বাস করি।"" কেমন হবে নতুন দল নতুন দলের রাজনৈতিক ভিত্তি, কৌশল বা সাংগঠনিক কাঠামো কি হবে, কী হবে দলের নাম- এসব বিষয়ে প্রস্তাব তৈরির জন্য পাঁচটি কমিটি গঠন করা হয়েছে। মজিবুর রহমান মঞ্জু বলেছেন, তারা ধর্মভিত্তিক কোন রাজনৈতিক দল গঠন করছেন না। তাদের দল হবে একট উন্মুক্ত প্লাটফরম। ""আমরা প্রত্যেক নাগরিকের ধর্মীয় স্বাধীনতায় বিশ্বাস করি। আমরা কোন ধর্মভিত্তিক রাজনৈতিক দল গঠন করবো না। আমরা যে রাজনৈতিক দল গঠন করতে যাচ্ছি, তা হবে ধর্ম, জাতি,লিঙ্গ নির্বিশেষে সকলের জন্য গ্রহণযোগ্য উন্মুক্ত একটি প্লাটফরম। এটা সম্পূর্ণ স্বাধীন উদ্যোগ এবং একটি স্বতন্ত্র ধারা। জামায়াতে ইসলামীসহ বিদ্যমান কোন রাজনৈতিক দলের সাথে আমাদের কোন সম্পর্ক নেই।"" জামায়াত কিভাবে দেখছে দলটির সেক্রেটারি জেনারেল ডা: শফিকুর রহমান বিবিসিকে বলেছেন, তাদের সাবেক নেতার দল গঠনের উদ্যোগ জামায়াতে ইসলামীর উপর কোন প্রভাব ফেলবে না। তিনি উল্লেখ করেছেন, মজিবুর রহমান মঞ্জু এক সময় জামায়াতের সাথে ছিলেন এবং একটা প্রক্রিয়ার মধ্য দিয়ে এসেছেন। এখন মি: মঞ্জু যে দল গঠন করছেন, এমন অনেক দল বাংলাদেশে থাকতে পারে। তিনি বলেছেন, কেউ দল গঠন করতে চাইলে, সে অধিকার তার আছে। তবে মুক্তিযুদ্ধে জামায়াতের ভূমিকার জন্য ক্ষমা চাওয়ার ইস্যু বা সংস্কার নিয়ে যে বিরোধের কথা আসছে, সেই প্রশ্নে ডা: শফিকুর রহমান বলেছেন, ""আমাদের দলে সংস্কারপন্থী বলে কিছু নেই। কাউকে সেভাবে চিহ্নিতও করা হয় না। কোন ইস্যুতে ভিন্নমত আসতে পারে, সে ধরনের মতামতকে আমরা সম্মান করে এগুচ্ছি।"" তবে কয়েকটি জেলার নেতাদের সাথে কথা বলে মনে হয়েছে, তাদের একজন সাবেক নেতার দল গঠনের বিষয়কে তারা গুরুত্ব দিচ্ছেন। এর একটা প্রভাব তাদের দলে তরুণ প্রজন্মের উপর পড়তে পারে বলেও তারা মনে করছেন। তবে তারা এবিষয়ে সতর্ক রয়েছেন বলে উল্লেখ করছেন। জামায়াতে ইসলামীর কার্যালয়, দলটি এখন অনেকটা গোপন সংগঠনের মত কাজ করছে কী করছে জামায়াত ৭১-এ যুদ্ধাপরাধের দায়ে জামায়াতের শীর্ষ নেতাদের ফাঁসি কার্যকর হয়েছে বেশ আগে। তাদের একজন মুহাম্মদ কামারুজ্জামান দলে সংস্কারের পক্ষে অবস্থান নিয়েছিলেন। এছাড়াও বিভিন্ন সময় দলটিতে মুক্তিযুদ্ধ ইস্যু এবং সংস্কারের পক্ষে অনেকে অবস্থান নিয়েছেন। এখন এই একই ইস্যুতে আলাদা একটি দল গঠিত হচ্ছে। জামায়াতের ঘনিষ্ট পর্যবেক্ষক শাহ আব্দুল হান্নান বলছিলেন, জামায়াতে বড় কোনো প্রভাব পড়বে না বলে তার মনে হয়েছে। ""যদি তিন চারজন বা পাঁচ সাতজন লোক বেরিয়ে যায়, তাতে জামায়াতের কোন সমস্যাই হবে না। আমার জানা মতে, তারা এটুকুই সতর্ক তাদের লোক যেনো না যায়। তারা তাদের কর্মীদের বলে দিয়েছে, তোমরা মজিবুর রহমান বা এ রকম দু'চারজন থাকলে তাদের সাথে যোগাযোগ করো না। এই সতর্কতার বাইরে আর কিছুই তারা করেনি।"" নতুন দলে কারা যুদ্ধাপরাধের অভিযোগে জামায়াতের শীর্ষ নেতাদের বিচার কার্যক্রমে তাদের পক্ষে অন্যতম আইনজীবী ছিলেন তাজুল ইসলাম। তিনি এই নতুন দল গঠনের সংবাদ সম্মেলনে মি: মঞ্জুর পাশে ছিলেন। তাজুল ইসলাম অবশ্য বলেছেন, তিনি পেশাগত কারণে সেই দায়িত্ব পালন করেছিলেন এবং তিনি কখনও জামায়াতের রাজনীতির সাথে ছিলেন না। তবে এখন তিনি নতুন দল গঠনের এই প্রক্রিয়ায় রয়েছেন। সংবাদ সম্মেলনে আরও যারা ছিলেন, তারা এক সময় জামায়াতের সাথে ছিলেন, কিন্তু তারা তেমন পরিচিত নন। ব্যারিষ্টার আব্দুর রাজ্জাক আরো পড়তে পারেন: 'আমরা ভাবিনি এই লোকটা আমাদের মারতে এসেছে' শ্রীলঙ্কায় সন্দেহজনক জঙ্গি আস্তানায় ১৫টি মৃতদেহ লাশের পেটে পাওয়া গেল ১১ প্যাকেট ইয়াবা ব্যারিষ্টার রাজ্জাক বা জামায়াতের প্রভাবশালী আর কোন নেতা এই উদ্যোগে আছেন কিনা, সে ব্যাপারে সংবাদ সম্মেলনে পরিস্কার করে কিছু বলা হয়নি। এছাড়া আমন্ত্রিত অতিথিদের মধ্যে রাজনৈতিক বিশ্লেষক অধ্যাপক দিলার চৌধুরী এবং নুরুল ইসলাম ভূঁইয়া ছোটনসহ কয়েকজন উপস্থিত ছিলেন। অধ্যাপক দিলারা চৌধুরী বিবিসিকে বলেছেন, নতুন দলের প্রভাব জামায়াতের উপর পড়বে বলে তিনি মনে করেন। ""এই গ্রুপটার কথা শুনে আমার মনে হলো যে, তারা মূলত মধ্য ডানপন্থী দল হিসেবে দাঁড়াতে চাইছে। এতে জামায়াত কিছুটা হুমকি অনুভব করবে। প্রথম কথা হলো, বাংলাদেশের সবাই চাইছে যে জামায়াত মুক্তিযুদ্ধে তাদের ভূমিকার জন্য মাফ চাক। এরাতো পরিস্কার করে দিয়েছে যে, তারা মাফ চাওয়ার পক্ষে ছিল। ফলে জামায়াতে সংকট আরও ঘনীভূত হবে।"" সংস্কারপন্থীদের অনেকে অভিযোগ করে আসছেন, সংস্কারের কথা উঠলেই একটা কমিটি করে পরিস্থিতি সামাল দেয়ার চেষ্টা করা হয়। কিন্তু কোন সংস্কার আর হয় না। তারা আরও বলেছেন, এবারও মুক্তিযুদ্ধ এবং সংস্কার ইস্যুতে বিরোধ যখন তীব্র হয়, তখনও একটি কমিটি করা হয়েছে। জামায়াতে ইসলামীর নাম পরিবর্তন করার কথাও বলা হয়েছে।",বাংলাদেশে জামায়াতে ইসলামীর সংস্কারপন্থী একটি অংশের নেতারা আগামী কয়েক মাসের মধ্যে একটি নতুন রাজনৈতিক দল গঠনের কথা ঘোষণা করেছেন।,বাংলাদেশের জামায়াতে ইসলামীর সাবেক নেতা মজিবুর রহমান মঞ্জুর একটি নতুন রাজনৈতিক দল গঠন করতে যাচ্ছেন।,0.35294117647058826,0.25,0.35294117647058826,0.7981599,15,19
"টেক্সাসের ম্যাকালেন-এর একটি বন্দীশালার ছবি। টেক্সাসের রিও গ্রান্ডে থেকে পাওয়া ছবিতে দেখা যাচ্ছে, বন্দিশালায় যেখানে ৪০ জন পুরুষের থাকার কথা সেখানে ৫১ জন নারীকে বন্দী করে রাখা হয়েছে। যেখানে ৪২ জন নারী থাকার কথা সেখানে ৭১ জন পুরুষ অভিবাসীকে আটকে রাখা হয়েছে। কোন কোন কারাকক্ষে শুধু দাঁড়ানোর মতো জায়গা রয়েছে। আর সেখানে পুরুষদের এক সপ্তাহ থাকতে হয়েছে। এধরনের একটি বন্দিশালার একজন ম্যানেজার বলছেন, পরিস্থিতি টাইম বোমার মতো। যে কোন সময়ে বিস্ফোরণ ঘটতে পারে। মার্কিন ইনস্পেকটর জেনারেল অফিসের কর্মকর্তারা রিও গ্রান্ডে এলাকার সাতটি অভিবাসী বন্দিশালায় এই তদন্ত চালিয়েছেন। টেক্সাসের ওয়েসলাকো এলাকার আরেকটি অভিবাসী বন্দিশিবির। আরও পড়তে পারেন: লিবিয়ায় অভিবাসী শিবিরে বিমান হামলায় 'নিহত ৪০' বাংলাদেশকে 'চিবিয়ে খাব' বিজ্ঞাপন নিয়ে ভারতে বিতর্ক সোশ্যাল মিডিয়া নিয়ন্ত্রণে কোন দেশ কী করছে ""ভিড় আর দীর্ঘ সময় আটক থাকার ফলে সরকারি কর্মকর্তা এবং বন্দীদের স্বাস্থ্য ঝুঁকি ও নিরাপত্তা নিয়ে আমরা উদ্বিগ্ন,"" এই রিপোর্টে বলা হয়েছে। কারাগারগুলো পরিদর্শন করে তদন্তকারীরা দেখেছেন, শিশুদের সর্বোচ্চ ৭১ ঘণ্টা আটক রাখার নিয়ম থাকলেও ৩৩% শিশুকে তার চেয়েও বেশি সময় আটক রাখা হয়েছে। এ সময় তাদের গরম খাবার দেয়া হয়নি, গোসল করার পানি কিংবা পরিষ্কার পোশাক সরবরাহেরও ব্যবস্থাও ছিল না। ইনস্পেকটারদের রিপোর্টে বলা হয়েছে, ""বন্দিশালায় যাওয়ার পর আমাদের দেখে আটক অভিবাসীরা চিৎকার করতে থাকে, কারাকক্ষের দরোজা-জানালায় আঘাত করতে থাকে এবং আমাদের কাছে চিরকুট পাঠানোর চেষ্টা করে।"" মার্কিন কাস্টমস অ্যান্ড বর্ডার পেট্রোল বিভাগের হিসেব অনুযায়ী রিও গ্রান্ডে এলাকায় অভিবাসনকারীদের সংখ্যা সবচেয়ে বেশি। গত এক বছরে এই এলাকা থেকে ২৫০,০০০ অভিবাসীকে আটক করা হয়েছে।","যুক্তরাষ্ট্রের এক সরকারি তদন্তের রিপোর্ট বলছে, সে দেশের দক্ষিণাঞ্চলের অঙ্গরাজ্যগুলির অভিবাসী বন্দিশালাগুলো বিপদজনকভাবে ভরপুর।","মার্কিন কর্মকর্তারা বলছেন, যুক্তরাষ্ট্রের টেক্সাসে একটি অভিবাসী বন্দিশালায় ৪০ জনের বেশি মানুষকে বন্দী করে রাখা হয়েছে।",0.13333333333333333,0.0,0.13333333333333333,0.7745679,16,14
"ভারত-বাংলাদেশ সীমান্ত পথ। এরা মূলত পশ্চিমবঙ্গের বাসিন্দা এবং বাংলাদেশে কাজ করতেন। বিশেষ পারিবারিক প্রয়োজন এবং অসুস্থতার মতো কারণ ছাড়া স্থল সীমান্ত দিয়ে এখনও ভারতে কাউকে প্রবেশ করতে দেয়া হচ্ছে না। আবার ঢাকা থেকে বিমানে করে বাংলাদেশে আটকে পড়া ভারতীয়দের দেশে ফেরানোর যে ব্যবস্থা করেছিল দিল্লি, অর্থনৈতিক কারণে এরা সেই সুযোগও নিতে পারছেন না। ভারতের বিদেশ মন্ত্রকের সূত্রগুলো জানাচ্ছে, বেনাপোল এবং বাংলাবান্ধা - শুধু এই দুটি সীমান্ত অঞ্চলেই প্রায় আড়াই হাজার ভারতীয় নাগরিক আটকিয়ে আছেন। এরা প্রায় সকলেই পশ্চিমবঙ্গের বাসিন্দা। তবে অন্যান্য কয়েকটি সূত্র যা বলছে তা থেকে আন্দাজ করা যাচ্ছে যে আটকে পড়া মানুষের সংখ্যাটা আরও অনেকটা বেশি। এরা সীমান্ত এলাকাগুলিতে কারও বাড়িতে আশ্রয় নিয়েছেন, বা কোথাও স্কুল-বাড়ির বারান্দায় কোনও মতে থাকছেন। অনেক নারীও রয়েছেন বলে জানা গেছে। সীমান্তে নিরাপত্তা বাহিনীর টহল। আরো পড়তে পারেন: বাংলাদেশে ফিরছে আসামের জেলে মৃত বকুল মিয়ার দেহ ছয় মাসে ভারত সীমান্তে বাংলাদেশিদের হত্যাকাণ্ড আরও বেড়েছে বেনাপোল থানার ওসি মামুন খান জানিয়েছেন, ভারতীয় ইমিগ্রেশন বিভাগ এদের গ্রহণ করছে না এখনও। নিয়মিতই এইসব আটকে পড়া মানুষ তার কাছে আসছেন, বা ফোন করছেন। তবে এদের আটকে পড়ার কারণটা স্পষ্ট করে কোনও সরকারের তরফেই জানানো হয় নি। বিবিসি বাংলার তরফ থেকে ভারতের বিদেশ মন্ত্রক এবং পশ্চিমবঙ্গ সরকার -- উভয়ের সঙ্গেই যোগাযোগের চেষ্টা করা হয়েছিল, কিন্তু কেউই আনুষ্ঠানিকভাবে কোনও ব্যাখ্যা দেয় নি এখনও পর্যন্ত। কিন্তু নানা সূত্র থেকে যেটা জানা যাচ্ছে তাহলো ভারতের স্থল বন্দরগুলি দিয়ে এখনও নিয়মিত মানুষ চলাচল শুরু হয় নি, শুধু পণ্য আমদানি-রপ্তানি হচ্ছে। আবার ভারতে যেসব বাংলাদেশি নাগরিক আটকা পড়ে ছিলেন, তাদের নিজের দেশে ফিরে যেতে দেয়া হচ্ছে। কিন্তু ভারতে কাউকে প্রবেশ করতে দেওয়া হচ্ছে না। যদিও মে মাসের ২৪ তারিখে ভারতের স্বরাষ্ট্র মন্ত্রকের জারি করা এক নির্দেশিকায় জানানো হয়েছিল, বিমানে যেসব ভারতীয় নাগরিক দেশে ফিরবেন, তাদের কী প্রোটোকল মেনে চলতে হবে। সীমান্ত পথে কিছু যাত্রীকে এখনও আসতে দেয়া হচ্ছে। ওই নির্দেশিকাতেই লেখা আছে যে স্থল-সীমান্ত দিয়ে যারা আসবেন, তাদেরও একই প্রোটোকল মেনে আসতে হবে। নির্দেশিকা থাকা সত্ত্বেও কেন এই কয়েক হাজার ভারতীয় সীমান্ত এলাকাগুলিতে আটকে আছেন, সেটা স্পষ্ট নয়। দীর্ঘদিন ধরে সীমান্তে আটকে থাকার ফলে ভারতীয়দের খাবার যোগাড় করতেও সমস্যা হচ্ছে। হাতে সেরকম অর্থও বিশেষ নেই অনেকের। স্থানীয়ভাবেই কিছু খাবারদাবার হয়তো তারা যোগাড় করছেন এখনও, কিন্তু এভাবে আর কতদিন চালাতে পারবেন, তা অনেকেই জানেন না। আবার সামনে আসছে কোরবানির ঈদ। বাংলাদেশে বেশ কয়েকদিন দোকানপাটও বন্ধ থাকবে। সেই সময়ে কীভাবে খাবার দাবার যোগাড় করা যাবে, সেটা অনিশ্চিত। তবে কিছু চাল, ডাল তেল লবণ এসব পাঠানোর বন্দোবস্ত করছেন ঢাকার কয়েকজন সমাজকর্মী।",করোনাভাইরাস মহামারির মধ্যে ভারত-বাংলাদেশ সীমান্ত এলাকাগুলিতে কয়েক হাজার ভারতীয় নাগরিক আটকা পড়ে আছেন।,ভারতের বেনাপোল এবং বাংলাবান্ধা সীমান্ত অঞ্চলে প্রায় আড়াই হাজার ভারতীয় নাগরিক আটকিয়ে আছেন।,0.38461538461538464,0.16666666666666666,0.38461538461538464,0.82043374,13,13
"১৯৭১ সালে হত্যাকাণ্ডের শিকার বুদ্ধিজীবীদের কয়েক জন। ইতিহাসবিদরা বলছেন, সংখ্যার দিক থেকে বিবেচনা না করে যদি জনসংখ্যা আর মৃত্যুর হার হিসেবে হিসাব করা হয় তাহলে অন্যান্য ঢাকার বাইরে জেলাগুলোতে আরো বেশি সংখ্যক বুদ্ধিজীবী মারা গেছেন কিন্তু তাদেরকে আসলে সেভাবে স্মরণ করা হয় না। মুক্তিযুদ্ধ বিষয়ক গবেষক আফসান চৌধুরী বলেন, ""অন্যান্য এলাকায় যদি খেয়াল করেন তাহলে সেখানেও অনেক বড় সংখ্যায় মারা গেছে। আমাদের একটু তাদেরও স্মরণ করা উচিত। পুরো বিষয়টা একটু ঢাকা-কেন্দ্রিক হয়ে গেছে।"" বাংলাপিডিয়ার হিসাবে, কুমিল্লায় মারা গেছে ৮৬ জন, যশোরে ৯১, রংপুরে ৭২, দিনাজপুর ৬১, পাবনা ৫৩, ময়মনসিংহ ৭৫, ফরিদপুর ৪৩, চট্টগ্রাম ৬২, খুলনা ৬৫, বরিশাল ৭৫ এবং রাজশাহীতে ৫৪ জনসহ সব মিলিয়ে বুদ্ধিজীবীদের সংখ্যা ১১শ ১১ জন। মি. চৌধুরী বলেন, ""আমরা এদেরকে স্মরণ করতে ভুলে গেছি। ওই যে কেন্দ্র আর প্রান্তিকের যে সমস্যা সেটার কারণে। ঢাকা কেন্দ্রিক স্মৃতিচারণটা একটু বেশি হয়।"" তার মতে, মুক্তিযুদ্ধে বাংলাদেশের সব মানুষের অবদান রয়েছে। তাদের সবাইকে স্মরণ করা উচিত। তাহলেই বাংলাদেশকে সত্যিকার অর্থে বোঝা সম্ভব হবে। তিনি বলেন, নির্যাতিত নারীদের কোন দিবস নেই, গ্রামের মানুষের অনেক বড় ভূমিকা রয়েছে, স্মরণ করতে হলে তাদের সবাইকেই স্মরণ করতে হবে। ""বৈষম্যমূলক স্মরণ সমাজে বিভেদ বাড়ায়।"" শুধু স্মরণ নয় বরং স্বীকৃতির ক্ষেত্রেও একই ধরণের ঘটনা ঘটেছে। তিনি বলেন, মুক্তিযুদ্ধের সময় শহর থেকে লাখো মানুষ গ্রামে গিয়ে আশ্রয় নিয়েছে। সেসময় তাদেরকে যারা আশ্রয় দিয়েছে তাদেরও অবদান রয়েছে যুদ্ধে। তাদেরকেও তেমন তোড়জোড় করে স্মরণ করা হয় না বলে মত দেন তিনি। ""আমরা নির্ধারণ করে নিয়েছি কে স্মরণযোগ্য, কে স্বীকৃতি যোগ্য।"" ২৬শে মার্চে ঢাকা বিশ্ববিদ্যালয়ে অনেক বুদ্ধিজীবী মারা গেছেন। কারণ জাতীয়তাবাদী আন্দোলনসহ সব ধরণের আন্দোলনের কেন্দ্রস্থল ছিল ঢাকা বিশ্ববিদ্যালয়। তিনি বলেন, পাকিস্তান আর্মির প্রধান লক্ষ্য ছিল সশস্ত্র মানুষ যেমন পিলখানা, রাজারবাগের মতো জায়গাগুলো। তার মতে, ঢাকা বিশ্ববিদ্যালয়ে দুই ধরণের আক্রমণ হয়েছিল। একটি হয়েছিল ঢাকা বিশ্ববিদ্যালয়ের ইকবাল হল ও অন্য জায়গায়। আরেকটি আক্রমণ হয়েছে জগন্নাথ হলে। এই হলের শিক্ষক, শিক্ষার্থীসহ চতুর্থ শ্রেণীর কর্মচারীদের উপরও আক্রমণ হয়। জাতিগতভাবে হিন্দু জনগোষ্ঠীর উপর হামলা হয়েছিল। হত্যাকাণ্ডের একটা প্যাটার্ন ছিল পাকিস্তানি বাহিনীর। তারা কোন একটি জায়গায় গিয়ে যখন কাউকে শত্রু মনে করতো বা ত্রাস সৃষ্টি করতে চাইতো সেখানেই তারা হত্যাকাণ্ড চালাতো। ১৪ই ডিসেম্বর কেন বুদ্ধিজীবী দিবস? বাংলাদেশের স্বাধীনতা যুদ্ধের পরিকল্পিতভাবে বুদ্ধিজীবী হত্যাকাণ্ডের শেষ একটি আঘাত এসেছিল ১৯৭১ সালের ১৪ই ডিসেম্বর। সেদিন ধরে নিয়ে যাওয়া হয় মুনির চৌধুরী, অধ্যাপক আনোয়ার পাশা, শহীদুল্লাহ কায়সারসহ আরো অনেককে। এরপর এদের অনেকের লাশ পাওয়া যায় বধ্যভূমিতে আর অনেককে আর কখনো খুঁজেই পাওয়া যায়নি। তবে শুধু ১৪ই ডিসেম্বর নয় বরং ২৫শে মার্চ অপারেশন সার্চ লাইটের মাধ্যমে বাঙালিদের উপর গণহত্যার পর থেকে শুরু করে পরবর্তী ৯ মাস ধরে চলা মুক্তিযুদ্ধ-পুরোটা সময় জুড়েই বুদ্ধিজীবীদের হত্যা করা হয়েছে। অনেকেই অভিযোগ করেন যে, ঢাকার বাইরে নিহতদের তেমন স্মরণ করা হয় না। এ নিয়ে ইতিহাসবিদ মুনতাসীর মামুন এর আগে বিবিসি বাংলাকে বলেন, সুনির্দিষ্ট করে বুদ্ধিজীবীদের হত্যার যে পরিকল্পনা সেটি আল-বদরদের হাতে তুলে দেয়া হয় জুন মাসের দিকে যখন এই বাহিনী গঠিত হয়। এর পর থেকে আল-বদর বাহিনী এই হত্যাকাণ্ডগুলো ঘটিয়েছে এবং সঙ্গে অন্যরাও ছিল। ১৬ই ডিসেম্বর এসে সবাই বুঝতে পারে যে আসলে বুদ্ধিজীবীদের হত্যা হয়েছে। ""১৪ই ডিসেম্বরটাকে করা হয়েছে এই কারণে যে, বিজয় দিবস হচ্ছে ১৬ই ডিসেম্বর। ১৪ই ডিসেম্বরে বুদ্ধিজীবী হত্যা হয়েছে। বাংলাদেশের মানুষ বা সরকার বাংলাদেশের বুদ্ধিজীবীদের যাদের ৫২ বা ৪৭ থেকে একটা বড় অবদান আছে মুক্তিযুদ্ধের সমস্ত আন্দোলনের, তাদের সম্মান জানানোর জন্য।"" বলছিলেন মুনতাসীর মামুন। কিন্তু এরপরও ১৪ই ডিসেম্বরকেই কেন বুদ্ধিজীবী দিবস ঘোষণা করা হলো এমন প্রশ্নে মুক্তিযুদ্ধের সময় অন্যতম সাব-সেক্টর কমান্ডার এবং মুক্তিযুদ্ধ বিষয়ক গবেষক শামসুল আরেফিন বলেন, বাংলাদেশের ইতিহাস বিশ্লেষণ করলে একটি বৈশিষ্ট্য চোখে পড়ে। আর সেটি হচ্ছে, আনন্দের দিনের আগে একটি বিষাদময় দিন ছিল। তিনি বলেন, ২৬শে মার্চ স্বাধীনতা দিবস আর ১৬ ডিসেম্বর বিজয় দিবস। এই দুটি দিনের ঠিক আগের দিনটাতেই হত্যাকাণ্ড চলেছে। মি. আরেফিন বলেন, বুদ্ধিজীবীদের হত্যা একটা পরিকল্পিত বিষয় ছিল। বাংলাদেশ যদি স্বাধীন হয় তাহলে এটা যারা পরিচালনা করবে সেই বুদ্ধিজীবীদেরকেই হত্যার পরিকল্পনা ছিল পাকিস্তানিদের। ""বেছে বেছে যখন বেশ কিছু মানুষকে হত্যা করা হলো, আজ পর্যন্ত জাতি এই জায়গা থেকে উত্তরণ করতে পারে নাই""। মাখদুমা নাসরীন যিনি একজন চিকিৎসক এবং মুক্তিযুদ্ধে অংশ নিয়েছেন তিনি বলেন, বুদ্ধিজীবীদের হত্যার বিষয়টি ধারাবাহিকভাবে জাতীয় জীবনে প্রভাব রেখেছে। তবে এতে করে বাংলাদেশে থেমে থাকেনি বলে মন্তব্য করেন তিনি। বলেন, শূন্যস্থান পূরণের জন্য নতুন প্রতিভা জন্মেছে। বাংলাদেশ এগিয়ে যাচ্ছে। ""বেগম রোকেয়া মারা যাওয়ার পর তাকে কলকাতায় সমাহিত করতে দেয়া হয়নি। তাই বলে তার প্রভাব তো আর থেমে থাকেনি নারীদের জীবনে। মুক্তিযুদ্ধের বিষয়টিও তেমনি।"" বুদ্ধিজীবীদের স্মৃতি রক্ষায় উদ্যোগ কতটা? বুদ্ধিজীবীদের স্মৃতি এবং তাদের তালিকা প্রণয়নের ক্ষেত্রে খুব বেশি কাজ হয়নি বলে মনে করেন অনেক বিশেষজ্ঞ। আবার অনেকেই মনে করেন যে, এ বিষয়ে কাজ হলেও আসলে সেগুলো একসাথে সংকলিত হয়নি সেভাবে। এ বিষয়ে মাখদুমা নাসরীন বলেন, বুদ্ধিজীবী হত্যা হয়েছে এটা সেই '৭১ সালের ১৫ই ডিসেম্বর রাত থেকে শুরু করে ১৬ই ডিসেম্বরও জানতে পেরেছিলেন তারা। তবে সেটা বিচ্ছিন্ন ছিল। তিনি বলেন, পুরো চিত্র সামনে আসে আরো অনেক পরে। ৩১শে ডিসেম্বর ঢাকায় ফেরার পর ধীরে ধীরে জানতে পারেন তারা। তবে এসব তথ্য সংরক্ষণে এখনই উদ্যোগ নেয়া উচিত বলে মনে করেন মাখদুমা নাসরীন। তিনি বলেন, স্বাধীনতার যেহেতু ৫০ বছর হয়ে গেছে তাই আরো দেরি হলে হয়তো সংরক্ষণের জন্য উপাদান পাওয়া কঠিন হয়ে পড়বে। তিনি বলেন, মুক্তিযুদ্ধ বিষয়ক মন্ত্রণালয় হয়েছে। বুদ্ধিজীবীদের তালিকা তৈরির চেষ্টা হয়েছে। এগুলোকে একটি সূত্রে নিয়ে এসে পূর্ণাঙ্গ করার পদক্ষেপ নিতে হবে মুক্তিযুদ্ধ মন্ত্রণালয়কে। সাথে তাদের জীবন বৃত্তান্ত থাকতে হবে যাতে পরবর্তী প্রজন্ম জানতে পারে। এ বিষয়ে মি. আরেফিন বলেন, স্মৃতি সংরক্ষণ বা তালিকা নিয়ে কাজ হয়নি তা নয়। তবে সেগুলো বিচ্ছিন্নভাবে হয়েছে। রাষ্ট্রীয় পর্যায় থেকে খুব বড় উদ্যোগ নেয়া হয়নি। বাংলা একাডেমী কথ্য ইতিহাস তৈরির একটি বড় উদ্যোগ নিয়েছিল। তবে সেগুলো সংকলিত হয়নি। এ বিষয়ে সরকারকে বড় উদ্যোগ নিতে হবে বলে মনে করেন তিনি।","বাংলাপিডিয়ার হিসাব বলছে, মুক্তিযুদ্ধের সময় ১ হাজার ১১১ জন বুদ্ধিজীবীকে হত্যা করেছিল পাকিস্তানি বাহিনী। যার মধ্যে সবচেয়ে বেশি ছিল ঢাকায়। ১৪৯ জন।",বাংলাদেশে ১৯৭১ সালের মুক্তিযুদ্ধের সময় হত্যাকাণ্ডের শিকার বুদ্ধিজীবীদের সংখ্যা ১১শ ১১ জন।,0.1764705882352941,0.0625,0.1764705882352941,0.77583617,12,22
"চীনের উত্তর-পশ্চিমের জিনজিয়াং প্রদেশে সন্তানদের সাথে এক উইগর নারী চীনা গবেষক আদ্রিয়ান জেনজের লেখা রিপোর্টটি প্রকাশিত হওয়ার পর এই ঘটনার তদন্ত করতে জাতিসংঘের প্রতি আহ্বান জানিয়েছে আন্তর্জাতিক নানা মহল। চীন অবশ্য এই রিপোর্টের দাবিগুলোকে 'ভিত্তিহীন' বলে প্রত্যাখ্যান করেছে। ইউগরদের ডিটেনশন ক্যাম্পে রাখার কারণে বেশ কিছুদিন ধরেই চীনের সমালোচনা হচ্ছে। ধারণা করা হয় চীনে প্রায় ১০ লাখ উইগর ও অন্যান্য জাতির মুসলিম সংখ্যালঘুদের 'নতুন করে শিক্ষা' দেয়ার উদ্দেশ্যে ক্যাম্পে বন্দী করে রাখা হয়েছে। শুরুতে চীন এসব ক্যাম্পের অস্তিত্ব অস্বীকার করলেও পরে তারা দাবি করে যে সন্ত্রাসবাদ দমনের লক্ষ্যে এই ধরণের ক্যাম্প পরিচালনা করা জরুরি পদক্ষেপ। সাম্প্রতিক বছরগুলোতে উইগরদের বিরুদ্ধে নেয়া পদক্ষেপের কারণে তুমুল সমালোচনার মুখে পরে চীন। ২০১৯ সালে বিবিসি'র করা এক তদন্তে উঠে আসে যে জিনজিয়াংয়ের মুসলিম শিশুদের তাদের পরিবার থেকে বিচ্ছিন্ন করা হচ্ছে যেন তারা মুসলিম সম্প্রদায়ের থেকে আলাদা হয়ে বড় হয়। আরো পড়তে পারেন: চীনে উইগর মুসলিম নির্যাতনের ব্যাপারে যা জানা গেছে চীনের মুসলিম বন্দী শিবিরগুলো এখন 'বৈধ' চীনে মুসলিম শিশুদের বিছিন্ন করার অভিযোগ অস্বীকার মোবাইল অ্যাপ দিয়ে উইগরদের ওপর নজরদারি করছে চীন বিশ্বের অন্যতম বৃহৎ বন্দীশিবিরে উইগুর মুসলিমরা মসজিদ ভাঙার পরিকল্পনায় চীনে অস্থিরতা রিপোর্টে দাবি করা হয়, উইগর নারীরা 'নির্মম' জন্মনিয়ন্ত্রণ কার্যক্রমের শিকার হচ্ছে কী উঠে এসেছে রিপোর্টে? ঐ অঞ্চলের আনুষ্ঠানিক তথ্য, আইনি কাগজপত্র এবং জিনজিয়াংয়ের নৃতাত্বিকভাবে সংখ্যালঘু নারীদের বক্তব্যের ভিত্তিতে তৈরি করা হয় আদ্রিয়ান জেনজের রিপোর্টটি। রিপোর্টে অভিযোগ তোলা হয় যে সরকারি নির্ধারিত সংখ্যার চেয়ে বেশি সংখ্যায় সন্তান জন্ম দেয়ায় উইগার ও অন্যান্য সংখ্যালঘু নারীদের ক্যাম্পে বন্দী করে রাখার হুমকি দেয়া হচ্ছে। রিপোর্টে আরে দাবি করা হচ্ছে যে যেসব নারী দুটির চেয়ে কম সন্তান জন্ম দিতে আইনিভাবে বৈধ, তাদের জরায়ুতে আইইউডি (ইন্ট্রা-ইউটেরিন ডিভাইস - যেটি সাধারণত ৫ থেকে ১০ বছরের জন্য নারীদের গর্ভধারণ করা থেকে বিরত রাখে) প্রবেশ করানো হচ্ছে এবং অন্যদের বন্ধ্যা করানোর উদ্দেশ্যে জোর করে সার্জারি করানো হচ্ছে। মি. জেনজের বিশ্লেষণ অনুযায়ী জিনজিয়াংয়ের জনসংখ্যার স্বাভাবিক প্রবৃদ্ধির হারে সাম্প্রতিক বছরগুলোতে বড় ধরণের পরিবর্তন এসেছে। সংবাদ সংস্থা এপিকে দেয়া এক সাক্ষাৎকারে মি. জেনজ বলেন, ""জনসংখ্যার বৃদ্ধিতে এই ধরণের পতন অভূতপূর্ব, এখানে নির্মম একটা বিষয় রয়েছে। এটি উইগরদের বশে আনার জন্য বিস্তৃত একটি পরিকল্পনার অংশ।"" জিনজিয়াংয়ের বন্দী শিবিরে থাকা সাবেক সদস্যদের বক্তব্যে উঠে আসে যে সেখানে থাকা নারীদের গর্ভ নিয়ন্ত্রণের উদ্দেশ্যে তাদের মাসিক বন্ধ করতে বিভিন্ন রকম ওষুধ প্রয়োগ করা হতো তাদের ওপর। রিপোর্টে বলা হয়, ""সামগ্রিকভাবে দেখলে মনে হয়, তিন বা তার চেয়ে বেশি সংখ্যক সন্তান আছে যেসব নারীর, তাদের ঢালাওভাবে বন্ধ্যা করার লক্ষ্যে পদক্ষেপ নিচ্ছে কর্তৃপক্ষ।"" চীনের গোপন ক্যাম্প সোমবার প্রকাশিত হওয়া অ্যাসোসিয়েটেড প্রেসের রিপোর্ট অনুযায়ী জিনজিয়াংয়ের নারীরা আইনিভাবে বৈধ সংখ্যার চেয়ে বেশি সংখ্যায় সন্তান জন্ম দেয়ার কারণে বড় অঙ্কের জরিমানা ও ক্যাম্পে নিয়ে যাওয়ার হুমকির মুখে পড়ছে। এপি'র একটি খবর অনুযায়ী, চীনে জন্ম নেয়া কাজাখ নারী গুলনার ওমিরজাখ তার তৃতীয় সন্তান জন্ম দেয়ার পর তার জরায়ুতে আইইউডি প্রবেশ করাতে নির্দেশ দেয়া হয়। দুই বছর পর, ২০১৮ সালের জানুয়ারিতে, সেনাবাহিনীর ছদ্মবেশে চারজন কর্মকর্তা তিনদিনের মধ্যে ১৭,৫০০ আরএমবি (২ হাজার পাউন্ড) জরিমানা দিতে নির্দেশ দেয় ওমিরজাখকে। দুটির বেশি সন্তান থাকাকে ওমিরজাখের অপরাধ হিসেবে চিহ্নিত করে তারা। কর্তৃপক্ষের হেফাজতে থাকা এক সকজি বিক্রেতার কপর্দকহীন স্ত্রী ওমিরজাখকে হুমকি দেয়া হয় যে জরিমানার টাকা না দিলে তাকেও তার স্বামীর মত বন্দী শিবিরে নেয়া হবে। সোমবার প্রকাশিত হওয়া রিপোর্টের দাবিগুলোকে চীনের পররাষ্ট্র মন্ত্রণালয় 'ভিত্তিহীন' হিসেবে আখ্যা দিয়েছে এবং এই রিপোর্টের পেছনে 'প্রচ্ছন্ন কারণ' রয়েছে বলে মন্তব্য করেছে। গণমাধ্যমগুলো 'জিনজিয়াং সম্পর্কিত বিষয়ে মিথ্যা তথ্য বানাচ্ছে' অভিযোগ করে পররাষ্ট্র মন্ত্রণালয়ের মুখপাত্র ঝাও লিজিয়ান মন্তব্য করেছেন। চীনের এক সন্তান নীতি অনুযায়ী কয়েক দশক ধরে শহরে থাকা সংখ্যালঘুদের সর্বোচ্চ দু'টি সন্তান জন্ম দেয়ার অনুমতি দেয়া হয় আসছে, যেখানে গ্রামে বাস করা সংখ্যালঘুদের জন্য এই সংখ্যা ছিল তিনটি। ২০১৭ সালে শি জিনপিংয়ের অধীনে হওয়া নীতিগত পরিবর্তনে জাতিগত প্রভেদটি বাদ দেয়া হয় এবং হান বংশদ্বূত চীনাদের সংখ্যালঘুদের সমান সন্তান নেয়ার অনুমতি দেয়া হয়। মি. জেনজের রিপোর্টে জিনজিয়াংয়ে জোরপূর্বক জন্মনিয়ন্ত্রণ কার্যক্রমকে উগরদের 'গণহত্যার উদ্দেশ্যে জনতাত্বিক ক্যাম্পেইন' হিসেবে বিবৃত করা হয়েছে।",নতুন এক গবেষণায় উঠে এসেছে যে জিনজিয়াংয়ে উইগর মুসলিমদের জনসংখ্যা নিয়ন্ত্রণের লক্ষ্যে মুসলিম নারীদের দেহে জোর করে জন্মনিয়ন্ত্রণকারী যন্ত্র বাসনো বা বন্ধ্যা করানোর কার্যক্রম পরিচালনা করছে চীন।,চীনের জিনজিয়াং প্রদেশে উইগর মুসলিমদের 'নির্মম' জন্মনিয়ন্ত্রণ কার্যক্রমের শিকার হওয়ার অভিযোগ উঠেছে।,0.10256410256410256,0.05405405405405406,0.10256410256410256,0.7789638,12,27
"ঢাকায় হযরত শাহজালাল বিমানবন্দরে করোনাভাইরাস সংক্রান্ত স্বাস্থ্য পরীক্ষার ডেস্ক মাসখানেক আগে ঢাকায় বিবিসি বাংলার সংবাদদাতা ফয়সাল তিতুমীরকে বিমানবন্দরের এইসব কর্মসূচী সবিস্তার দেখিয়েছিলেনও স্বাস্থ্য কর্মকর্তারা। কিন্তু তারপরও নানা সময়ে বিদেশ থেকে আগত অনেক যাত্রীই সামাজিক যোগাযোগের মাধ্যমগুলোতে তাদের বিমানবন্দর অভিজ্ঞতার কথা লিখে অসন্তোষ প্রকাশ করেছেন। অনেকেই লিখেছেন যে, তারা মনে করেন বাংলাদেশের আন্তর্জাতিক প্রবেশপথগুলোতে করোনাভাইরাস ইস্যুতে যথেষ্ট পরীক্ষা-নীরিক্ষা করা হচ্ছে না। আসলে পরিস্থিতি কী? বিবিসি বাংলার দুজন সংবাদদাতা সম্প্রতি দুটি ভিন্ন গন্তব্য থেকে শাহজালাল আন্তর্জাতিক বিমানবন্দর হয়ে ঢাকা এসেছেন। যাত্রী হিসেবে বিমানবন্দরে তারা কী দেখলেন, এই প্রতিবেদনে থাকছে সেই অভিজ্ঞতা: চীনের উহান থেকে ফেরত আসা বাংলাদেশিদের স্বাস্থ্য পরীক্ষার জন্য নিয়ে যাওয়া হচ্ছে সায়েদুল ইসলাম ব্রডকাস্ট জার্নালিস্ট, বিবিসি বাংলা সিঙ্গাপুর এয়ারলাইন্সের একটি ফ্লাইটে ২৭শে ফেব্রুয়ারি যখন ঢাকার হযরত শাহজালাল আন্তর্জাতিক বিমানবন্দরে নামি, তখন তার সাড়ে দশটা। যদিও জার্মানি থেকে আসছি, কিন্তু আমার ট্রানজিট ছিল সিঙ্গাপুরে। একই ফ্লাইটে এসেছেন সিঙ্গাপুর, দক্ষিণ কোরিয়া, মালয়েশিয়াসহ আরো কয়েকটি দেশ থেকে আসা যাত্রীরা, যাদের বেশিরভাগই বাংলাদেশি। ঢাকা বিমানবন্দরে সিঙ্গাপুরের বিমানে নামার পর বোর্ডিং ব্রিজ দেয়া হয়নি। ফলে দূরে নামার পর যাত্রীদের বাসে করে অ্যারাইভাল টার্মিনালে নিয়ে আসা হয়। বিমান কর্মীরা জানালেন, সিঙ্গাপুর থেকে আসা বিমান বলে সেগুলোকে মূল টার্মিনালের দূরে রাখা হচ্ছে। বিমানেই একটি হেলথ ডিক্লারেশন ফরম দেয়া হয়েছিল, যেখানে ব্যাখ্যা করতে হয় যে, কোন দেশ থেকে যাত্রীরা আসছেন, গত দুই সপ্তাহের মধ্যে চীনে ভ্রমণ করেছেন কিনা, কারো জ্বর আছে কিনা ইত্যাদি। আরো পড়ুন: করোনাভাইরাস কতোটা প্রাণঘাতী? করোনাভাইরাস: লক্ষণ, প্রতিরোধ ও আরো দশটি তথ্য করোনাভাইরাস: বিভ্রান্তিও ছড়াচ্ছে ভাইরাসের মতোই করোনাভাইরাসে আক্রান্ত প্রথম ব্যক্তিটি কে? ঢাকা হযরত শাহজালাল বিমানবন্দরের থার্মাল স্ক্যানার দিয়ে সব যাত্রীকে যেতে হচ্ছে ইমিগ্রেশনে প্রবেশের আগে করোনাভাইরাসজনিত স্বাস্থ্য পরীক্ষার একটি ডেস্ক বসানো হয়েছে। সেখানে কয়েকজন চিকিৎসক ও স্বাস্থ্যকর্মী রয়েছেন। তার ঠিক আগে আগে রয়েছে একটি থার্মাল স্ক্যানার, যার মাধ্যমে যাত্রীদের স্ক্রিনিং করা হয়। অর্থাৎ কারো জ্বর থাকলে এই স্ক্যানারে সেটা ধরা পড়বে। সিঙ্গাপুর বিমানবন্দরে দেখেছি, জায়গায় জায়গায় এরকম স্ক্যানার বসিয়ে লোকজন কড়া দৃষ্টিতে মনিটরের দিকে তাকিয়ে রয়েছেন। যাদের সন্দেহ হচ্ছে, হাতের জ্বর মাপার মেশিন দিয়ে আবার পরীক্ষা করা হচ্ছে। সেখানে এ নিয়ে সতর্কতার ব্যাপারটি পরিষ্কার বোঝা যায়। বিবিসি বাংলার অন্যান্য খবর: র‍্যাবের সাথে 'বন্দুকযুদ্ধে' ৭ জন রোহিঙ্গা নিহত সংকট যেখানে সন্তান পরিত্যাগে বাধ্য করছে আড়াই দিনে টেস্ট হার, কোহলি-বুমরাদের কী হলো বিবিসি জরিপে শ্রেষ্ঠ বাঙালি: ১৬-মুহম্মদ শহীদুল্লাহ করোনাভাইরাস নিরাপত্তায় যে সতর্কতা প্রয়োজন কিন্তু বাংলাদেশের বিমানবন্দরে থার্মাল স্ক্যানার মনিটরের দিকে কেউ তাকাচ্ছেন বলে মনে হলো না। বিমান থেকে নামা কয়েকশো যাত্রী লম্বা লাইনে দাঁড়িয়ে ফরম জমা দিচ্ছেন। স্বাস্থ্যকর্মীরা দ্রুত সেটার ওপর সিল দিয়ে একটা অংশ ফেরত দিচ্ছেন। কেউ একবার সেসব ফরম পড়েও দেখছেন না। একজন স্বাস্থ্যকর্মীকে জিজ্ঞেস করলাম, আপনারা ফরম জমা নিচ্ছেন, কিন্তু কারো তো স্বাস্থ্য পরীক্ষা করছেন না, কোন ফরম তো পড়েও দেখছেন না? তিনি জবাব দিলেন, থার্মাল স্ক্যানার তো আছে। কিন্তু সেটাও তো কেউ দেখছেন না? তিনি আর কোন জবাব দিলেন না। চীন থেকে ফেরত আসা অনেক বাংলাদেশিদের বিশেষ নজরে রেখেছে সরকার (ফাইল ফটো) আফরোজা নীলা ব্রডকাস্ট জার্নালিস্ট, বিবিসি বাংলা দিল্লি থেকে শাহজালাল বিমানবন্দরে যখন পৌঁছলাম তখন ঘড়ির কাঁটা ৩টা ছুঁইছুঁই করছে। আসার আগে থেকেই ভাবছিলাম বিদেশ থেকে আসা যাত্রীদের স্ক্যান করা হচ্ছে নিশ্চয়ই বিমানবন্দরে কিছুটা সময় লাগবে। করোনাভাইরাস নিয়ে এতউদ্বেগ-উৎকণ্ঠার মধ্যে দেশের বিমানবন্দরে থার্মাল স্ক্যানার বসিয়ে স্ক্যানিং কীভাবে করা হচ্ছে, স্বাস্থ্যপরীক্ষা কীভাবে সেটা দেখারও আগ্রহ ছিল কিছুটা। তবে যখন স্ক্যানিংয়ের জায়গায় পৌঁছলাম কিছুটা অবাকই হলাম। যাত্রীসংখ্যা কম ছিল। গেটের কাছে কাউকে দেখলাম না। কয়জন চীনা নাগরিককে দেখলাম স্বাস্থ্য বিষয়ক ফর্ম পূরণ করছেন। থার্মাল স্ক্যানার পার হবার সময় কোন মনিটরে কেউ সেটা দেখছে কিনা তাও চোখে পড়লো না। করোনাভাইরাস: লক্ষণ ও বাঁচার উপায় কী? যারা স্বাস্থ্য নিয়ে সচেতন তারা সবাই নিজ নিজ উদ্যোগে ফর্ম পূরণ করে জমা দিয়ে যাচ্ছেন, কাউকে সেটা খুলে দেখতেও দেখিনি। শুধু এক কর্মকর্তাকে দেখলাম দুজন যাত্রীকে ডেকে জিজ্ঞেস করছেন আপনি কোথা থেকে এসেছেন? ইমিগ্রেশনে ভিড় তেমন ছিল না, তাই খুব তাড়াতাড়িই বিমানবন্দরের কাজ শেষ হয় গেল। তবে, ইমিগ্রেশনের অনেক কর্মকর্তা মাস্ক পরে ছিলেন। কর্মকর্তারা বলছেন, প্রত্যেক যাত্রীকে থার্মাল স্ক্যানারের ভেতর দিয়ে যেতে হচ্ছে। কারো যদি তাপমাত্রা পাওয়া যায়, তাহলে তাকে পুনরায় পরীক্ষা করা হচ্ছে। কি বলছে কর্তৃপক্ষ? বাংলাদেশের রোগতত্ত্ব, রোগ নিয়ন্ত্রণ ও গবেষণা প্রতিষ্ঠান (আইইডিসিআর) জানিয়েছিল, বিমানবন্দরে আসা সব দেশের উড়োজাহাজের যাত্রীদের স্বাস্থ্য পরীক্ষা করা হচ্ছে। বাংলাদেশে সবকিছু বিশ্ব স্বাস্থ্য সংস্থার পরামর্শ ও নির্দেশনা অনুযায়ী করা হচ্ছে। শাহজালাল বিমানবন্দরের স্বাস্থ্য কর্মকর্তা মোহাম্মদ শাহরিয়ার সাজ্জাদ বিবিসি বাংলাকে বলছেন, বিমানবন্দরে যথাযথ নিয়মেই স্বাস্থ্য পরীক্ষা করা হচ্ছে। ''আমাদের চিকিৎসক ও নার্সরা পালাক্রমে কাজ করছেন। প্রত্যেক যাত্রীকে থার্মাল স্ক্যানারের ভেতর দিয়ে যেতে হচ্ছে। কারো যদি তাপমাত্রা পাওয়া যায়, তাহলে তাকে পুনরায় পরীক্ষা করা হচ্ছে। দরকার হলে হাসপাতালে পাঠানো হচ্ছে।'' তিনি বলছেন, একজন চিকিৎসক সবসময়েই এই মনিটরের দিকে লক্ষ্য রাখেন। সেটা হয়তো বাইরে থেকে বোঝা না যেতে পারে। কিন্তু সবসময়েই সেখানে নজরদারি করা হচ্ছে। এভাবেই ২৬জনের জ্বর শনাক্ত হয়েছে বলে তিনি জানান। ঢাকা শাহজালাল বিমানবন্দরের থার্মাল স্ক্যানার ''নভেল করোনাভাইরাসের লক্ষণ পুরোপুরি দেখা যেতে কিছুদিন সময় লাগে। ফলে আক্রান্ত কোন যাত্রী হয়তো বিমানবন্দর থেকে পার হয়ে যেতে পারেন, যার লক্ষণ এখনো দেখা যায়নি বা জ্বর বা কাশি হয়নি। একারণেই সবার তথ্য ফরমে নিয়ে রেখে দেয়া হচ্ছে এবং সেগুলো আইইডিসিআরে পাঠিয়ে দেয়া হচ্ছে।'' ''ফলে পরবর্তীতে কারো সমস্যা হলে যেন তাদের সনাক্ত করা যায়। আমাদের পরামর্শ হচ্ছে, লক্ষণ বুঝলে যেন তারা নিজে থেকেই চিকিৎসকদের সঙ্গে যোগাযোগ করেন।'' বলছেন মি. সাজ্জাদ। শাহজালাল আন্তর্জাতিক বিমানবন্দরের স্বাস্থ্য কন্ট্রোল রুম থেকে জানানো হয়েছে, ২১শে জানুয়ারি থেকে এ পর্যন্ত ১ লাখ ৬৬ হাজার ৫৬জন। রবিবার সকাল আটটা থেকে সোমবার সকাল আটটা পর্যন্ত ২৪ ঘণ্টায় পরীক্ষা করা হয়েছে ৫২৭৩জনকে। এখন পর্যন্ত ২৬জনের জ্বর সনাক্ত করা হয়েছে শাহজালাল বিমানবন্দরে। তাদের মধ্যে চারজনকে কোয়ারেন্টিনে পাঠানো হয়েছে।",করোনাভাইরাসের বিস্তার ঠেকাতে ঢাকার শাহজালাল আন্তর্জাতিক বিমানবন্দরসহ দেশটির আন্তর্জাতিক প্রবেশপথগুলোতে ব্যবস্থা নেয়ার কথা জানানো হয়েছে শুরু থেকেই।,বাংলাদেশে করোনাভাইরাস সংক্রমণ ঠেকাতে ঢাকার হযরত শাহজালাল আন্তর্জাতিক বিমানবন্দরে স্বাস্থ্য পরীক্ষার কর্মসূচী শুরু হয়েছে।,0.3225806451612903,0.13793103448275862,0.3225806451612903,0.79983586,14,17
"চার দশক ধরে দুই দেশের মধ্যে চলছে এই দ্বন্দ্ব। আর্মেনিয়ার প্রধানমন্ত্রী নিকোল পাশিনিয়ান দাবি করেছেন, আজারবাইজানই প্রথমে বিমান এবং আর্টিলারি হামলা চালিয়েছিল। অন্যদিকে আজারবাইজান বলছে, তারা আর্মেনিয়ার হামলার জবাবে পাল্টা হামলা করেছে। তাদের অভিযোগ, পুরো রণক্ষেত্র বরাবর আর্মেনিয়া গোলা নিক্ষেপ করছিল। দুই তরফ থেকেই জানানো হয়েছে, এই লড়াইয়ে কিছু বেসামরিক মানুষ মারা গেছে। নাগোর্নো-কারাবাখ অঞ্চল নিয়ে আর্মেনিয়া এবং আজারবাইজানের মধ্যে দ্বন্দ্ব অনেক পুরনো। কিন্তু সাম্প্রতিক মাসগুলোতে এই দ্বন্দ্ব আবারও মাথাচাড়া দিয়ে ওঠে। ১৯৯১ সালের আগে পর্যন্ত আর্মেনিয়া এবং আজারবাইজান, দুটি দেশই ছিল তৎকালীন সোভিয়েত ইউনিয়নের অন্তর্ভুক্ত। সোভিয়েত ইউনিয়ন ভেঙ্গে যাওয়ার পর দুটি স্বাধীন দেশ হিসেবে তারা আলাদা হয়। নিজেদের স্বাধীনতা ঘোষণার ২০তম বার্ষিকীতে নাগোর্নো -কারাবাখের সামরিক বাহিনীর কুচকাওয়াজ। নাগোর্নো-কারাবাখ নিয়ে গত চার দশক ধরে এই দুই দেশ দ্বন্দ্বে লিপ্ত। নাগোর্নো-কারাবাখ আজারবাইজানের বলেই আন্তর্জাতিকভাবে স্বীকৃত। কিন্তু এটি নিয়ন্ত্রণ করে জাতিগত আর্মেনিয়ানরা। গত জুলাই মাসেও দুই দেশের মধ্যে লড়াইয়ে ১৬ জন নিহত হয়। এ ঘটনার পর আজারবাইজানের রাজধানী বাকুতে বিরাট বিক্ষোভ শুরু হয়েছিল। এই বিক্ষোভ থেকে নাগোর্নো-কারাবাখ অঞ্চল পুনর্দখলে পূর্ণ সামরিক শক্তি প্রয়োগের আহবান জানানো হয় সরকারের প্রতি। দুই পক্ষ কী বলছে আর্মেনিয়ার প্রতিরক্ষা মন্ত্রণালয় জানায় নাগোর্নো-কারাবাখের বেসামরিক বসতির উপর হামলা শুরু হয় স্থানীয় সময় সকাল ৮ টা ১০ মিনিটে। হামলা চালানো হয় ওই অঞ্চলের রাজধানী স্টেপনাকার্টে। আর্মেনিয়ার প্রতিরক্ষা মন্ত্রণালয় আরো বলছে তারা দুটি হেলিকপ্টার এবং তিনটি ড্রোন গুলি করে ফেলে দিয়েছে এবং তিনটি ট্যাংক ধ্বংস করেছে। এক বিবৃতিতে প্রতিরক্ষা মন্ত্রণালয় বলেছে, ""আমরা এর উচিৎ জবাব দেব এবং পরিস্থিতির সম্পূর্ণ দায়িত্ব আজারবাইজানের সামরিক-রাজনৈতিক নেতৃত্বকেই নিতে হবে।"" ""পরে আর্মেনিয়ার প্রতিরক্ষা মন্ত্রণালয়ের মুখপাত্র সুশান স্টেপানিয়ান বলেন, এক নারী এবং এক শিশু মারা গেছে এবং আরো যে সব হতাহতের খবর এসেছে সেগুলো যাচাই করে দেখা হচ্ছে। আরও পড়ুন: আজাআরবাইজান এবং আর্মেনিয়ার মধ্যে যুদ্ধের দামামা কারাবাখ নিয়ে লড়াই:আযারবাইজানের যুদ্ধবিরতি নাগোর্নো-কারাবাখ আজারবাইজানের অংশ বলে আন্তর্জাতিকভাবে স্বীকৃত, কিন্তু এটি নিয়ন্ত্রণ করে জাতিগত আর্মেনিয়ানরা। নাগার্নো-কারাবাখের বিচ্ছিন্নতাবাদী অঞ্চলের কর্তৃপক্ষ সেখানে সামরিক আইন জারি করেছে। সেখানে সব সক্ষম পুরুষকে সামরিক বাহিনীতে ডাকা হয়েছে। এদিকে আজারবাইজান ঘোষণা করেছে যে, ""পুরো রণক্ষেত্র বরাবর সশস্ত্র বাহিনীর পাল্টা হামলা শুরু হয়েছে যার লক্ষ্য আর্মেনিয়ার বাহিনীর হামলা প্রতিহত করা এবং বেসামরিক জনগণের নিরাপত্তা বিধান।"" আজারবাইজানের প্রতিরক্ষা মন্ত্রণালয় বলছে, কয়েকটি গ্রামের ওপর ব্যাপক গোলাবর্ষণের ফলে সেখানে অনেক বেসামরিক মানুষ হতাহত হয়েছে এবং সেখানকার অবকাঠামোর ব্যাপক ক্ষতি হয়েছে। তারা আরো বলছে তাদের একটি হেলিকপ্টার নষ্ট হয়েছে তবে হেলিকপ্টারের ক্রুরা বেঁচে গেছে। তারা আরো দাবি করছে, আর্মেনিয়ার ১২টি বিমান প্রতিরক্ষা ব্যবস্থা ধ্বংস করে দেয়া হয়েছে। তবে আর্মেনিয়া আরো যেসব ক্ষয়ক্ষতির বিবরণ দিয়েছে সেগুলো আজারবাইজান অস্বীকার করছে। আজারবাইজান আর আর্মেনিয়ার এই বিরোধে বহু বছর ধরে মধ্যস্থতার চেষ্টা করছে অর্গানাইজেশন ফর সিকিউরিটি এন্ড কোঅপারেশন ইন ইউরোপ (ওএসসিই)। একটি যুদ্ধবিরতির জন্য এই প্রচেষ্টায় জড়িত আছে মিনস্ক গ্রুপ নামে কূটনীতিকদের একটি দল, যাতে আছেন ফ্রান্স, রাশিয়া এবং যুক্তরাষ্ট্রের কূটনীতিকরা।",আর্মেনিয়া এবং আজারবাইজানের সশস্ত্র বাহিনীর মধ্যে লড়াই শুরু হয়ে গেছে বিতর্কিত নাগোর্নো-কারাবাখ অঞ্চল নিয়ে। আজারবাইজানের অন্তত একটি হেলিকপ্টার গুলি করে ফেলে দিয়েছে আর্মেনিয়ার বাহিনী।,নাগোর্নো-কারাবাখ অঞ্চল নিয়ে আর্মেনিয়া এবং আজারবাইজানের মধ্যে সামরিক লড়াই শুরু হয়েছে।,0.4571428571428572,0.24242424242424243,0.34285714285714286,0.839783,11,24
"ব্রাজিলে জাতীয় দলের সাথে আছেন নেইমার। সাও পাওলোর পুলিশ বলছে, যৌন হয়রানির ঘটনাটি ঘটেছিল একটি হোটেলে। প্যারিসের ওই হোটেলে নেইমারের দল পিএসজির খেলোয়াড়েরা অবস্থান করছিলেন। যদিও এখন পর্যন্ত নেইমার কিংবা তার কোনো প্রতিনিধির কাছ থেকে এ বিষয়ে কোন প্রতিক্রিয়া পাওয়া যায়নি। নেইমার এখন ব্রাজিলে কোপা আমেরিকার জন্য গঠিত দেশটির জাতীয় দলের সাথে প্রশিক্ষণে রয়েছেন। অভিযোগে কী বলা হয়েছে? অভিযোগকারী নারীর নাম এখনো প্রকাশ করেনি পুলিশ। তবে পুলিশের ডকুমেন্টস থেকে পাওয়া তথ্য অনুযায়ী, ওই নারীর সাথে নেইমারের পরিচয় হয়েছিল ইন্সটগ্রামে। পরে নেইমার ওই নারীকে প্যারিসে তার সাথে দেখা করার প্রস্তাব দেন। তিনি ওই নারীকে ব্রাজিল থেকে প্যারিসের আসার জন্য একটি বিমান টিকেট পাঠান এবং প্যারিসের ওই হোটেলে তার জন্য রুম রিজার্ভেশন নিশ্চিত করেন। ওই নারীর অভিযোগ, গত ১৫ই মে নেইমার যখন হোটেলে ফিরেন তখন তিনি 'আপাতদৃষ্টিতে মাতাল' ছিলেন। একা হাতে যারা সন্তান বড় করেন বাবা মা যখন সন্তানের বিরুদ্ধে মামলা করেন কুঁড়েঘর থেকে মন্ত্রিসভায়ঃ প্রতাপ সারাঙ্গি আসলে কে? পর্বত শিখরে ঊঠতে গিয়ে নিখোঁজ আট পর্বতারোহী নেইমার হোটেলে এসেই তিনি ওই নারীর সাথে কিছু কথা বলে তাকে জড়িয়ে ধরেন। ""এক পর্যায়ে নেইমার আগ্রাসী হয়ে ওঠেন এবং জোর করেই ওই নারীর সম্মতি ছাড়াই তাকে যৌনতায় বাধ্য করেন।"" দুদিন পর ওই নারী ব্রাজিলে ফিরে যান, যদিও যাওয়ার আগে ফরাসি পুলিশের কাছে তিনি কোন অভিযোগ করেননি। তার দাবি, ""ওই ঘটনায় তিনি ছিলেন হতবিহবল, আর অন্য দেশে এ ধরণের অভিযোগ করার বিষয়ে তিনি ভয় পাচ্ছিলেন।"" নেইমারের বাবা কী বলছেন? নেইমারের বাবা নেইমার দস সান্তোস ব্রাজিলের একটি টিভিকে শনিবার বলেছেন, ""এটা পরিষ্কার যে ওটা ছিলো একটা ফাঁদ।"" ""জনমনে বিষয়টি পরিষ্কার না হলে নেইমারের হোয়াটসঅ্যাপ এবং সেখানে ওই মেয়ের সাথে নেইমারের কথোপকথন আমরা দেখাবো।"" কোপা আমেরিকার জন্য প্রস্তুত নেইমার? ২৭ বছর বয়সী ফুটবল তারকা সাম্প্রতিক সময়ে শৃঙ্খলা ভঙ্গ জনিত কারণে জাতীয় দলের অধিনায়কত্ব হারিয়েছেন। গত মাসে একজন ফ্যানকে আঘাত করার ঘটনায় ফরাসি ফুটবল কর্তৃপক্ষ তাকে তিনমাসের জন্য নিষেধাজ্ঞা দিয়েছে। এছাড়া ড্রেসিং রুমেও বিপত্তির জন্ম দিয়েছেন তিনি। দক্ষিণ আমেরিকার ন্যাশনাল টিম চ্যাম্পিয়নশিপ -কোপা আমেরিকা- শুরু হবে ব্রাজিলে আগামী ১৪ই জুন। একই গ্রুপের অন্য দলগুলো হলো - বলিভিয়া, ভেনিজুয়েলা ও পেরু। তবে গত মঙ্গলবার হাঁটুর আঘাতে ট্রেনিং বন্ধ করতে বাধ্য হয়েছেন নেইমার, যদিও মনে করা হচ্ছে ইনজুরিটা খুব মারাত্মক কিছু হয়নি।",ব্রাজিলের ফুটবল তারকা নেইমারের বিরুদ্ধে যৌন হয়রানির অভিযোগ করেছেন প্যারিসের এক নারী।,ব্রাজিল ফুটবল তারকা নেইমারের বিরুদ্ধে এক নারীর যৌন হয়রানির অভিযোগ উঠেছে।,0.6956521739130435,0.47619047619047616,0.6086956521739131,0.9163557,11,12
"বারাণসীতে কাশী বিশ্বনাথ মন্দিরের চূড়া, গঙ্গার বুক থেকে একজন হিন্দু আইনজীবীর আবেদনের পরিপ্রেক্ষিতে আদালত বলেছে, কোনও মন্দির ভেঙে ওই মসজিদ নির্মিত হয়েছিল কি না ভারতের প্রত্নতত্ত্ব বিভাগ তা সমীক্ষা করে দেখবে এবং সমীক্ষার খরচ উত্তরপ্রদেশ সরকারকে বহন করতে হবে। কিন্তু ভারতের মুসলিম নেতারা অনেকেই মনে করছেন কোর্টের এই রায় অসাংবিধানিক এবং প্রত্নতত্ত্ব বিভাগের ভূমিকাও আগে থেকেই প্রশ্নবিদ্ধ। এই রায় অযোধ্যার পর ভারতে আর একটি মন্দির-মসজিদ বিবাদ নতুন করে উসকে দেবে বলেও অনেক পর্যবেক্ষক আশঙ্কা করছেন। ভারতের সুপ্রাচীন শহর বারাণসী বা কাশী, যা এখন প্রধানমন্ত্রী নরেন্দ্র মোদীর সংসদীয় কেন্দ্রও বটে, সেখানে হিন্দুদের কাশী বিশ্বনাথ মন্দির ও মুসলিমদের জ্ঞানবাপী মসজিদ পাশাপাশি দাঁড়িয়ে আছে বেশ কয়েকশো বছর ধরে। জ্ঞানবাপী মসজিদ ও কাশী বিশ্বনাথ মন্দিরের মাঝে অভিন্ন দেওয়াল দুই ধর্মের এই দুটি উপাসনালয়ের মাঝে অভিন্ন দেওয়াল পর্যন্ত আছে। হিন্দুরা অনেকে বিশ্বাস করেন, মুঘল বাদশাহ আওরঙ্গজেবের হুকুমেই দুহাজার বছরের প্রাচীন কাশী বিশ্বনাথ মন্দিরের একটা অংশ ভেঙে ফেলে মসজিদ নিমির্ত হয়েছিল। সেই জমি হিন্দুদের ফিরিয়ে দেওয়ার দাবিতেই বছরদেড়েক আগে আদালতে পিটিশন দাখিল করেন আইনজীবী বিজয়শঙ্কর রাস্তোগি। মি রাস্তোগি বলছেন, ""পুরো জ্ঞানবাপী পরিসর জুড়েই আগে স্বয়ম্ভূ বিশ্বেশ্বর শিবের জ্যোতির্লিঙ্গ মন্দির ছিল।"" ""ধর্মীয় বিদ্বেষের কারণে ১৬৬৯ সালে বাদশাহ আওরঙ্গজেব সেই মন্দির ভেঙে ফেলার ফরমান জারি করেন, তবে সেই ফরমানেও কোথাও মসজিদ গড়ার কথা বলা ছিল না।"" আরও পড়তে পারেন: মুঘল জমানাকে অস্বীকার করে কী প্রমাণ করতে চান আদিত্যনাথ? ভারতে মুঘল ইতিহাস বাদ, এসেছে হিন্দু শাসকদের কথা সম্রাট আওরঙ্গজেব কি সত্যিই হিন্দু বিদ্বেষী ছিলেন? বারাণসীতে প্রধানমন্ত্রী মোদীর জন্মদিন উদযাপন। গত সাত বছর ধরে বারাণসী মোদীর সংসদীয় আসন সিভিল কোর্ট তার দাবির পরিপ্রেক্ষিতে এখন রায় দিয়েছে, প্রত্নতত্ত্ব বিভাগের পাঁচ সদস্যের একটি কমিটি মসজিদ চত্ত্বরের ভেতর সমীক্ষা চালিয়ে দেখবে সেখানে আগে কোনও মন্দির ছিল কি না - আর সেই কমিটির দুজন সদস্য হতে হবে মুসলিম। কিন্তু জ্ঞানবাপী মসজিদ কর্তৃপক্ষ আদালতের কাছ থেকে এ ধরনের রায় আশা করেননি। সুন্নি ওয়াকফ বোর্ডের সদস্য মহম্মদ তৌহিদ খানের কথায়, ""সাক্ষ্যপ্রমাণ সংগ্রহের জন্য প্রত্নতত্ত্ব বিভাগের সার্ভে কমিশনকে দায়িত্ব দেওয়ার নির্দেশ এই পর্যায়ে সমীচিন হয়নি বলেই আমরা মনে করি।"" ""তবু আদালতের রায়কে আমরা সম্মান করব, এবং সামনে যে ধরনের আইনি পদক্ষেপ নেওয়া দরকার সেটাও নেব।"" অল ইন্ডিয়া মুসলিম পার্সোনাল ল বোর্ডের সদস্য জাফরইয়াব জিলানিও প্রশ্ন তুলেছেন, জ্ঞানবাপী মসজিদ নিয়ে একটি মামলা যখন এলাহাবাদ হাইকোর্টে বিচারাধীন আছে এবং হাইকোর্ট সেখানে তাদের রায় মুলতুবি রেখেছেন - সেখানে কীভাবে সিভিল জজ এই আদেশ দিতে পারেন? তা ছাড়া ভারতে ১৯৯১ সালে পাস হওয়া ধর্মীয় উপাসনালয় আইনও বলে, অযোধ্যা ছাড়া দেশের সব ধর্মীয় উপাসনালয়ে স্থিতাবস্থা বজায় রাখতে হবে। বারাণসী সিভিল কোর্টের নির্দেশ সেই রায়েরও লঙ্ঘন বলে অনেকে মনে করছেন। দেশের বিশিষ্ট ইতিহাসবিদ মৃদুলা মুখার্জি যেমন বিবিসিকে বলছিলেন, ""ওই আইনটাতে পরিষ্কার লেখা আছে দেশের সব ধর্মস্থানে যেভাবে উপাসনা চলছে সেটাকে কেউ বদলাতে পারবে না।"" ""শুধু অযোধ্যায় রামমন্দির-বাবরি মসজিদ প্রাঙ্গণকে সেই আইনের আওতার বাইরে রাখা হয়েছিল।"" ""কিন্তু আমরা জানি, রাজনীতির অঙ্ক অন্য হিসেবে চলে। ফলে বিজেপি-আরএসএস বা তাদের সমর্থক উগ্রপন্থী গোষ্ঠীগুলি এটাকে রাজনীতিতে কীভাবে ব্যবহার করবে সেটা তো বলা যায় না"", মন্তব্য ড: মুখার্জির। হায়দ্রাবাদের প্রভাবশালী এমপি আসাদউদ্দিন ওয়াইসি-ও এই রায়ের বৈধতা নিয়ে সন্দিহান। তিনি টুইট করেছেন ""ভারতের প্রত্নতত্ত্ব বিভাগ আগেও বহু হিন্দুত্ববাদী মিথ্যার ধাত্রী হিসেবে কাজ করেছে - তাদের কাছ থেকে কোনও নিরপেক্ষতা আশা করা যায় না।"" ভারতের সুপরিচিত ইসলামী পন্ডিত আতিকুর রেহমানও বলছেন, ""পঞ্চাশ বা ষাটের দশকেই কাশী বিশ্বনাথ মন্দির ট্রাস্ট ও জ্ঞানবাপী মসজিদ কর্তৃপক্ষের মধ্যে যে সমঝোতা হয়েছিল এই রায় তার লঙ্ঘন।"" কাশীতে জ্ঞানবাপী মসজিদের মিনার, গঙ্গাবক্ষ থেকে। শিল্পী রবার্ট এলিয়টের স্কেচ ""তা ছাড়া নানি পাল্কিওয়ালার মতো কিংবদন্তী আইন-বিশেষজ্ঞ অযোধ্যা মামলার শুনানিতেই বলেছিলেন আদালত আইনের প্রশ্ন নিয়ে মাথা ঘামাবে - প্রত্নতত্ত্ব বা ইতিহাসের ভেতর ঢোকার এক্তিয়ার কিন্তু তাদের নেই।"" ""আর অযোধ্যায় প্রত্নতত্ত্ব বিভাগের নাটক তো আমরা এর মধ্যেই দেখে ফেলেছি"", বলছেন আতিকুর রেহমান। ভারতে রামমন্দির আন্দোলনের সময় হিন্দুত্ববাদী গোষ্ঠীগুলোর খুব জনপ্রিয় স্লোগান ছিল, ""ইয়ে তো সির্ফ ঝাঁকি হ্যায়, কাশী-মথুরা বাকি হ্যায়!"" যাতে প্রচ্ছন্ন হুঙ্কার ছিল, অযোধ্যায় মসজিদ ভেঙে রামমন্দির গড়ার পর তারা কাশী-মথুরাতেও মসজিদ দখলের অভিযানে নামবে। জ্ঞানবাপী মসজিদের ভেতরে সার্ভের নির্দেশে সেই হুমকি বাস্তবায়নেরই চেষ্টা দেখতে পাচ্ছেন অনেক পর্যবেক্ষক। ভারতের নামী সম্পাদক ও সাংবাদিক শেখর গুপ্তা এদিন তার নিয়মিত কলামে এমনও মন্তব্য করেছেন, ভারতে অযোধ্যা বিতর্কের আর পুনরাবৃত্তি হবে না, সেই আশাতেও জল ঢেলে দিয়ে দেশের ভবিষ্যতের অগ্রযাত্রাকে অনিশ্চিত করে তুলতে পারে জ্ঞানবাপী মসজিদ নিয়ে কোর্টের এই বিতর্কিত রায়।","ভারতের বারাণসীতে জ্ঞানবাপী মসজিদ কমপ্লেক্সের ভেতর কোনও মন্দিরের অস্তিত্ব ছিল কি না, শহরের একটি দেওয়ানি আদালত তা খতিয়ে দেখার নির্দেশ দেওয়ার পর সেই রায় নিয়ে তীব্র বিতর্ক শুরু হয়েছে।",ভারতের সুপ্রাচীন শহর বারাণসীর কাশী বিশ্বনাথ মন্দির ও মুসলিমদের জ্ঞানবাপী মসজিদকে ফিরিয়ে দেয়ার দাবিতে উত্তরপ্রদেশের একটি আদালত রায় দিয়েছে।,0.20833333333333334,0.0,0.20833333333333334,0.7403585,19,29
"ব্রেক্সিট ইস্যুতে টানা কয়েকমাসের টানাপোড়েনের পর মঙ্গলবার আগাম নির্বাচনের পক্ষে ঐক্যমতে পৌঁছেছেন পার্লামেন্ট সদস্যরা । ব্রেক্সিট ইস্যুতে টানা কয়েকমাসের টানাপোড়েনের পর মঙ্গলবার আগাম নির্বাচনের পক্ষে ঐক্যমতে পৌঁছেছেন পার্লামেন্ট সদস্যরা । ব্রিটিশ সরকারের প্রস্তাবের পক্ষে ভোট পড়েছে ৪৩৮টি আর বিপক্ষে ভোট দিয়েছেন ২০জন। ১৯২৩ সালের পর এই প্রথমবার যুক্তরাজ্যে ডিসেম্বর মাসে সাধারণ নির্বাচন হতে চলেছে। দেশটিতে ২০১৭ সালে সর্বশেষ সাধারণ নির্বাচন অনুষ্ঠিত হয়েছিল। তবে বিলটি এখনো লর্ড সভায় অনুমোদন হওয়ার বাকি রয়েছে। এ সপ্তাহের শেষের দিকেই এটি আইনে পরিণত হতে পারে। আর তা হলে নির্বাচনী প্রচারণার জন্য বাকি থাকবে মাত্র পাঁচ সপ্তাহ। ব্রিটিশ প্রধানমন্ত্রী বরিস জনসন বলেছেন, দেশের জনগণের ব্রেক্সিট এবং দেশের ভবিষ্যৎ বিষয়ে মতামত দেয়ার অধিকার রয়েছে। মি. জনসন আশা করছেন যে, বেক্সিট চুক্তি এবং বর্তমান পার্লামেন্টে অচলাবস্থা নিরসনে তাকে নতুন করে ম্যান্ডেট এনে দেবে নির্বাচন, যে ব্রেক্সিটের জন্য ৩১শে জানুয়ারি পর্যন্ত এখন সময় পেয়েছে যুক্তরাজ্য। এর আগে ডাউনিং স্ট্রিট থেকে জানানো হয়েছে, বিদ্রোহের কারণে যে ২১জন টোরি এমপিকে পার্টি থেকে বহিষ্কার করা হয়েছিল, তাদের অর্ধেককে আবার ফিরিয়ে আনা হয়েছে এবং তারা কনজারভেটিভ প্রার্থী হিসাবে নির্বাচন করতে পারবেন। লেবার নেতা জেরেমি করবিন বলেছেন, দেশ সংস্কার এবং জনগণের স্বার্থ রক্ষা করার জন্য এই নির্বাচন বর্তমান প্রজন্মের কাছে একটি সুযোগ। তিনি জানিয়েছেন, তার দল এখন দেশের সত্যিকারের পরিবর্তনের জন্য সবচেয়ে উচ্চাকাঙ্ক্ষী আর জোরালো প্রচারণা শুরু করবে, যা এই দেশ এর আগে কখনো দেখেনি। বিবিসি বাংলার অন্যান্য খবর: দুই বছরের জন্য নিষিদ্ধ সাকিব আল হাসান: আইসিসি হোয়াটসঅ্যাপে জুয়াড়ির সাথে কী কথা হয়েছিল সাকিবের বিয়ের পর কেমন হয় নববধূর অভিজ্ঞতা সৌদি থেকে নারী শ্রমিকদের মৃতদেহ আসার সংখ্যা বাড়ছে",যুক্তরাজ্যে আগামী ১২ই ডিসেম্বর সাধারণ নির্বাচন আয়োজনের পক্ষে ভোট দিয়েছে দেশটির পার্লামেন্ট।,যুক্তরাজ্যের পার্লামেন্টে আগাম নির্বাচনের প্রস্তাব অনুমোদন করেছে সরকার।,0.0,0.0,0.0,0.80069226,8,12
"নারায়ণগঞ্জে বায়তুস সালাত মসজিদে বিস্ফোরণের ঘটনার পর নানা অভিযোগের তদন্ত করা হচ্ছে। ইসলামী চিন্তাবিদরা বলেছেন, ইসলামী ব্যাখ্যায় বলা হয়েছে যে, একেবারে নিষ্কন্টক জমি না হলে এবং পুরোপুরি স্বচ্ছ্বতা ছাড়া কোন মসজিদ নির্মাণ করা যায় না। মসজিদের ইমামদের একটি সংগঠন জাতীয় ইমাম সমিতির যুগ্ম মহাসচিব এবং লেখক মো: ওসমান গণি বলেছেন, ইসলাম ধর্মে মসজিদ নির্মাণে পুরোপুরি স্বচ্ছ্ব থাকার কথা বলা হয়েছে। ইসলামের নবীর মসজিদ নির্মাণের উদাহরণ তুলে ধরে তিনি বলেছেন, ""রসুল আকরাম সাল্লাল্লাহু আলাইহি ওয়াসাল্লাম মসজিদ নির্মাণের জন্য যে জায়গাটি পছন্দ করলেন, খবর নিলেন যে জায়গাটি কার- জানা গেলো দুই ভাইয়ের জায়গা। তারা যখন জানতে পারলো, নবীজী জায়গাটা মসজিদের জন্য পছন্দ করেছেন, তখন তারা জায়গাটা ফ্রিতে (বিনামূল্যে) দিতে চাইলো। নবীজী বললেন যে, না আমি তোমাদের জায়গা ফ্রিতে নেবো না। তখন নবী করীম (সা:) এটার জন্য একটা ফাণ্ড ক্রিয়েট করলেন এবং সেই ফাণ্ড থেকে উপযুক্ত বাজার মূল্য পরিশোধ করে তারপর সেখানে তিনি মসজিদ কমপ্লেক্স নির্মাণ করলেন। মদিনা শরীফ নামে পরিচিত মসজিদে নববী যেটি।"" ইসলামী ব্যাখ্যায় স্বচ্ছ্বতার বিষয়কেই গুরুত্ব দেয়া হয়েছে বলে তিনি বলেন। বাংলাদেশের আইনে কি ব্যবস্থা বলা আছে? বাংলাদেশের কর্মকর্তারা বলেছেন, অন্য সব স্থাপনা নির্মাণের ক্ষেত্রে যেমন নকশা থেকে শুরু করে বিভিন্ন ক্ষেত্রে অনুমোদনের প্রয়োজন হয়, মসজিদের ক্ষেত্রেও সেগুলো অনুসরণ করা প্রয়োজন। কিন্তু মসজিদের নির্মাণ থেকে শুরু করে নিরাপত্তার প্রশ্নে মনিটরিংয়ের কোন নীতিমালা নেই। সরকারের ইসলামিক ফাউণ্ডেশনের মহাপরিচালক আনিস মাহমুদ বলেছেন, মসজিদের জায়গার বৈধতা এবং নিরাপত্তাসহ সার্বিক বিষয় মনিটর করার জন্য কোন সুনির্দিষ্ট নীতিমালা এবং প্রাতিষ্ঠানিক কোন কাঠামো নেই। অনেকদিন ধরে ঝুলে থাকা একটি নীতিমালার খসড়া এখন চূড়ান্ত করার উদ্যোগ নেয়ার কথাও তিনি জানিয়েছেন। একইসাথে তিনি বলেছেন, নীতিমালা করতে যেহেতু সময় প্রয়োজন, ফলে এই মুহূর্তে নীতিমালা না থাকলেও সারাদেশে মসজিদের নিরাপত্তা খতিয়ে দেখার উদ্যোগ তারা নিচ্ছেন। বিবিসি বাংলায় আরও পড়ুন: যেখানে সেখানে মসজিদ নির্মাণ নিয়ে প্রধানমন্ত্রী যা বললেন নারায়ণগঞ্জের বিস্ফোরণের ঘটনায় তিতাস গ্যাস কোম্পানির ৮ কর্মকর্তা-কর্মচারী বরখাস্ত নারায়ণগঞ্জের যে মসজিদে বিস্ফোরণ ঘটে, সেই মসজিদের মেঝের নিচে দিয়ে গ্যাসের লাইন থাকার বিষয়ে প্রশ্ন উঠেছে। নব্বইয়ের দশকের শুরুতে স্থানীয়ভাবে নির্মিত এই মসজিদে বিদ্যুতের দু'টি লাইনের একটি অবৈধ বলে অভিযোগ উঠেছে। ওয়াকফ অধ্যাদেশ অনুযায়ী জায়গা নিয়ে সেখানে মসজিদ করা হয়েছে কিনা-এই বিষয়টিও সরকারি তদন্ত কমিটি খতিয়ে দেখবে বলে বলা হয়েছে। এই মসজিদের ব্যবস্থাপনা কমিটির সভাপতি আব্দুল গফুর বলেছেন, মসজিদের নকশা এবং নির্মাণসহ বিভিন্ন বিষয়ে অনুমোদন আছে কিনা-তা তার জানা নাই। ""তারাবারি নামাজের জন্য বিদ্যুতের দু'টা লাইন নেয়া হয়েছে। এটা নারায়ণগঞ্জে বিদ্যুতের কর্মকর্তাকে মৌখিকভাবে বলে এক মাসের জন্য বাড়তি লাইনটা নেয়া হয়েছিল। কিন্তু একটা লাইন বৈধ।"" তিনি আরও বলেছেন, ""মসজিদের নকশা এবং এটা কিভাবে নির্মাণ করেছে, এর অনুমতি নিছে কিনা-এগুলো বলতে পারতাম না। আমরাতো নতুন কমিটিতে এসেছি। পুরোনোরাতো অনেকে বেঁচে নাই।"" জাতীয় মসজিদ বায়তুল মোকাররম এখন মসজিদ নির্মাণে অনুমোদনের বিষয় সহ নিরাপত্তার নানা প্রশ্ন আলোচনায় এসেছে। মালিকানার দাবি না রেখে জায়গা মসজিদের জন্য দিয়ে দেয়া হলে সেটাকে নির্ধারিত একটি আইন অনুযায়ী ওয়াকফ সম্পত্তি হিসাবে অনুমোদন নিতে হয়। এভাবে অনেক মসজিদ গড়ে উঠেছে। সারাদেশে ব্যক্তিগত, পারিবারিক এবং স্থানীয়ভাবে গড়ে ওঠা তিন লাখের বেশি মসজিদ রয়েছে। ইসলামিক ফাউণ্ডেশনের অধীনে রয়েছে বায়তুল মোকাররম মসজিদসহ দেশে মাত্র চারটি মসজিদ । ইসলামিক ফাউণ্ডেশনের মহাপরিচালক আনিস মাহমুদ বলেছেন, যেসব প্রশ্ন এখন উঠছে, সেগুলো মনিটরিংয়ের উদ্যোগ এখন তারা নিচ্ছেন। ""বর্তমান ঘটনার পরে ধর্ম মন্ত্রণালয় একটা উদ্যোগ নিচ্ছে যে এই মনিটরিংয়ের ব্যাপারে একটা নীতিমালা খসড়া পর্যায়ে ছিল। সেটাকে আরও হালনাগাদ করে দ্রুত চুড়ান্ত করার উদ্যোগ নেয়া হচ্ছে। এই মুহূর্তে সুনির্দিষ্ট কোন নীতিমালা নেই। জায়গার ব্যাপারে যেমন খাসজমিতে মসজিদ করতে হলে অবশ্যই সরকারের কাছ থেকে সেই জমির বন্দোবস্ত নিতে হবে। আর বিদ্যুৎ এবং গ্যাসের ব্যাপারে সেসব বিভাগের অনুমতি নিতে হবে। এই নিয়মগুলো অন্যদের সবার মতো মসজিদকেও মানতে হয়।"" তিনি আরও বলেছেন, ""আমরা একটা উদ্যোগ নিচ্ছি। এখন সারাদেশে মসজিদগুলোর নিমার্ণের অনুমোদনসহ নিরাপত্তার বিষয়গুলো কী অবস্থায় আছে, সেগুলো স্থানীয় প্রশাসন এবং আইন শৃঙ্খলা রক্ষাকারী বাহিনীর সহায়তা নিয়ে আমরা হয়তো পদক্ষেপ নেবো।"" নারায়ণগঞ্জের ঘটনা নিয়ে কথা বলতে গিয়ে গত রোববার সংসদে প্রধানমন্ত্রী শেখ হাসিনা বলেছিলেন, যারা অপরিকল্পিতভাবে যেখানে সেখানে মসজিদ গড়ে তুলছেন, সেই জায়গা স্থাপনা করার মতো কিনা বা যথাযথ কর্তৃপক্ষের অনুমতি আছে কিনা- এসব বিষয় খতিয়ে দেখা দরকার। ইসলামী চিন্তাবিদদেরও অনেকে বলেছেন, অনেক সময় স্বার্থন্বেষী মহল সরকারি জায়গা, এমনকী নদী খাল দখলের ক্ষেত্রে মসজিদের ব্যানার ব্যবহার করে থাকে এবং সেখানে মসজিদ নির্মাণে যথাযথ কর্তৃপক্ষে অনুমতি থাকে না। কিন্তু আবেগ এবং ধর্মীয় বিষয় হওয়ায় কর্তৃপক্ষও নীরব থাকে বলে তারা মনে করেন। জাতীয় ইমাম সমাজ নামের একটি সংগঠনের মহাসচিব এবং ঢাকার চকবাজার শহীবাজার মসজিদের ইমাম মিনহাজ উদ্দিন বলেছেন, অনেক সময় ব্যত্যয় ঘটে। তবে এমন মসজিদের সংখ্যা অনেক কম বলে তিনি মনে করেন। ""মসজিদের নির্মাণ এবং মসজিদ সংক্রান্ত যাবতীয় বিষয়তো নির্ভেজাল এবং স্বচ্ছ্ব হওয়া দরকার। তবে কিছু ব্যত্যয় ঘটে-যা আমরা বিভিন্ন গণমাধ্যমে শুনতে পাই। কিছু কিছু জায়গায় শুনি যে জমি দখলকে কেন্দ্র করে কোন ধরণের বিভেদ-সেটাকে কেন্দ্র করে সেখানে মসজিদকে ব্যবহার করার জন্য স্বার্থন্বেষী মহলের একটা বিষয় কাজ করে। এই কাজগুলো অবশ্যই নিন্দনীয়।"" ""তবে নারায়ণগঞ্জের ঘটনাটিকে কেন্দ্র করে যাতে করে আবার হয়রানিমূলক কোন কার্যক্রম শুরু না হয়ে যায়,এ বিষয়টাও আমাদের চিন্তায় বা আমলে আনা দরকার।'' কর্মকর্তারা অবশ্য বলেছেন, তাদের উদ্যোগ বা পদক্ষেপ বাস্তবায়নের ক্ষেত্রে কোন হয়রানির ঘটনা যাতে না ঘটে, সে ব্যাপারে তারা সজাগ থাকবেন। নারায়ণগঞ্জে মসজিদে গত শুক্রবার রাতে বিস্ফোরণে অগ্নিদগ্ধ হয়ে এ পর্যন্ত ২৭জনের মৃত্যু হয়েছে। বিবিসি বাংলার আরো খবর: পেঁয়াজের মূল্যবৃদ্ধির জন্য ভারতের বাজারকে দায়ী করছেন ব্যবসায়ীরা মেজর সিনহা হত্যার তদন্ত রিপোর্ট জমা, ১৩ দফা সুপারিশ পেশ অগ্নিদগ্ধ হলে সাথে সাথে যে পাঁচটি কাজ করা জরুরি এসি দুর্ঘটনা এড়াতে যেসব তথ্য জেনে রাখতে পারেন",বাংলাদেশে নারায়ণগঞ্জের মসজিদে বিস্ফোরণে অনেক মানুষের হতাহতের ঘটনার পর মসজিদ নির্মাণের অনুমোদনের ইস্যুসহ নিরাপত্তা নিয়ে নানা প্রশ্ন উঠেছে।,বাংলাদেশের নারায়ণগঞ্জে বায়তুস সালাত মসজিদে বিস্ফোরণের ঘটনার পর নানা অভিযোগের তদন্ত করা হচ্ছে।,0.2580645161290323,0.06896551724137931,0.2580645161290323,0.7906901,13,18
"তাইপে-র রাস্তায় তাইওয়ানের পতাকা নিয়ে সে দেশের সেনা ও সাধারণ মানুষজন তাইওয়ানের জাতীয় দিবসের মাত্র দিনতিনেক আগে পাঠানো ওই চিঠিতে ভারতের মিডিয়াকে চীন বলেছে, তাইওয়ানকে যেন কিছুতেই একটি আলাদা 'দেশ' বলে উল্লেখ না-করা হয় এবং তাইওয়ানের নেতাকেও যাতে 'প্রেসিডেন্ট' বলে অভিহিত না-করা হয়। গত কয়েক মাস ধরেই ভারত-চীন সীমান্তে সামরিক উত্তেজনা চলছে, জুন মাসে লাদাখে চীনা বাহিনীর সঙ্গে সংঘর্ষে ২০ জন ভারতীয় সেনা প্রাণও হারিয়েছেন। তার মধ্যেই এই প্রথমবারের মতো চীনের পক্ষ থেকে ভারতীয় মিডিয়াকে এই ধরনের চিঠি দেয়া হল। দিল্লিতে চীনা দূতাবাসের প্রেস সেকশন থেকে পাঠানো ওই চিঠিতে ভারতীয় সংবাদমাধ্যমকে মনে করিয়ে দেওয়া হয়েছে, তাইওয়ান ""চীনের সার্বভৌম ভূখন্ডের এক অবিচ্ছেদ্য অংশ""। লাদাখে চীন সীমান্ত অভিমুখে যাচ্ছেন ভারতীয় সেনারা। সেপ্টেম্বর, ২০২০ প্রতি বছরের ১০ই অক্টোবর তাইওয়ান তাদের জাতীয় দিবস পালন করে থাকে। উনিশশো এগার সালের এই দিনটিতেই সেখানে য়ুচাং সশস্ত্র অভ্যুত্থানের সূচনা হয়েছিল, যার মাধ্যমে চিং রাজবংশকে ক্ষমতা থেকে উৎখাত করে 'রিপাবলিক অব চায়না'র জন্ম হয়। তাইওয়ানের সেই জাতীয় দিবস উদযাপনের ঠিক তিনদিন আগে, বুধবার ভারতের বিভিন্ন সংবাদপত্র ও টেলিভিশন চ্যানেলের কর্ণধার বা সাংবাদিকরা চীনা দূতাবাসের কাছ থেকে ওই চিঠি পেয়েছেন। মাসতিনেক আগেও ভারতে নিযুক্ত চীনা রাষ্ট্রদূত সুন ওয়েডং-ও ভারতীয় মিডিয়াকে প্রচ্ছন্ন হুঁশিয়ারির সুরেই বলেছিলেন, তারা যেন ভারতকে 'এক চীন' নীতির পুনর্বিবেচনা করার জন্য সওয়াল না-করে। লাদাখের গালওয়ান উপত্যকায় চীনা বাহিনীর সঙ্গে সংঘর্ষে ২০ জন ভারতীয় সেনা নিহত হওয়ার পরই ভারতীয় মিডিয়ায় লেখালেখি শুরু হয়েছিল, চীনকে চাপে ফেলতে দিল্লির উচিত তাইওয়ানের সঙ্গে কূটনৈতিক ঘনিষ্ঠতা বাড়ানো। আরও পড়তে পারেন: ভারতে নিযুক্ত চীনা রাষ্ট্রদূত সুন ওয়েডং ও তার স্ত্রী তবে 'এক চীন' নীতি মানাটা বেজিংয়ের কূটনীতির এক কঠোর শর্ত - যে সব দেশ তাইওয়ানকে স্বীকৃতি দিয়ে থাকে তাদের সঙ্গে সম্পর্ক রাখাতেই চীন বিশ্বাস করে না। এই পরিপ্রেক্ষিতেই চীনা রাষ্ট্রদূত সুন ওয়েডং জুলাই মাসে এক ওয়েবিনারে মন্তব্য করেন, ""তাইওয়ান, হংকং বা দক্ষিণ চীন সাগরে সীমান্ত বিরোধ প্রশ্নে ভারতের অবস্থান পরিবর্তনের জন্য জনমতকে প্রভাবিত করার চেষ্টা হচ্ছে - যা আমাকে উদ্বিগ্ন করেছে।"" গত ফেব্রুয়ারি মাসে ভারতের একটি খবরের কাগজ এ দেশে নিযুক্ত তাইওয়ানের প্রতিনিধির (যাকে 'রাষ্ট্রদূত' বলা হয় না) এক সাক্ষাৎকার ছাপার পর চীনা দূতাবাস তারও তীব্র সমালোচনা করেছিল। ভারতের সঙ্গে তাইওয়ানের এই মুহুর্তে পূর্ণাঙ্গ কূটনৈতিক সম্পর্ক নেই। তবে দিল্লি ও তাইপেই-তে দুপক্ষেরই 'বাণিজ্যিক কার্যালয়' বা ট্রেড অফিস আছে, যা কার্যত পরস্পরের দূতাবাস হিসেবেই কাজ করে। চীনা দূতাবাসের পাঠানো ওই চিঠির অংশবিশেষ এদিকে চীনা দূতাবাসের চিঠি পাওয়ার পর ভারতের বড় বড় মিডিয়া হাউস বা সংবাদপত্র গোষ্ঠীগুলো আনুষ্ঠানিকভাবে কোনও প্রতিক্রিয়া জানায়নি। বিবিসি জানতে পেরেছে, তাইওয়ানের জাতীয় দিবসে (১০ই অক্টোবর) এবার দিল্লির বিভিন্ন খবরের কাগজেই তাদের পাতাজোড়া বিজ্ঞাপন দেওয়ার বা বিজ্ঞাপনী ক্রোড়পত্র সংযুক্ত করার পরিকল্পনা ছিল। কোভিড মহামারিতে আর্থিক সঙ্কটে থাকা সংবাদপত্র শিল্পের জন্য সেই বিজ্ঞাপন খুব প্রয়োজনীয় কোনও সন্দেহ নেই। অন্য দিকে, চীনের হুঁশিয়ারি অগ্রাহ্য করলে ভারতে সক্রিয় নানা মোবাইল ফোন-সহ চীনা কোম্পানিগুলোর বিজ্ঞাপন তাদের হারাতে হতে পারে, এটাও মিডিয়া হাউসগুলোকে খেয়াল রাখতে হচ্ছে। বিবিসি বাংলায় অন্যান্য খবর:","ভারতের চীনা দূতাবাস এক নজিরবিহীন চিঠি পাঠিয়ে সে দেশের সংবাদমাধ্যমকে স্মরণ করিয়ে দিয়েছে, তারা যেন তাদের দেশের সরকারের অনুসৃত 'ওয়ান চায়না' বা 'এক চীন' নীতি থেকে বিচ্যুত না হয়।","চীনের পক্ষ থেকে পাঠানো এক চিঠিতে ভারতীয় মিডিয়াকে হুঁশিয়ারি দিয়েছে চীন, তাইওয়ানকে যেন 'রিপাবলিক অব চায়না' বলে মনে করা হয়।",0.20408163265306123,0.0,0.16326530612244897,0.73830193,20,29
"ভারতে লোকসভা নির্বাচনের দিনক্ষণ ঘোষণা করছেন নির্বাচন কমিশনাররা রাষ্ট্রপতির কাছে লেখা এক চিঠিতে তারা বিভিন্ন দৃষ্টান্ত দিয়ে দাবি করেছেন, বর্তমান নির্বাচন কমিশনের 'হাঁটু এখন দুর্বল' হয়ে পড়েছে - নিজের পায়ে দাঁড়িয়ে স্বাধীনভাবে সিদ্ধান্ত নেওয়ার ক্ষমতাও তাদের নেই। যে ৬৬জন এই চিঠিতে সই করেছেন তার মধ্যে ভারতের বহু প্রাক্তন সচিব, রাষ্ট্রদূত, পুলিশ-প্রধান বা জাতীয় নিরাপত্তা উপদেষ্টারা রয়েছেন। আর তাদের অনেকেই বিবিসিকে জানিয়েছেন, কমিশনের নির্লজ্জ পক্ষপাতিত্ব আর মেরুদন্ডহীনতাই তাদের এ চিঠি লিখতে বাধ্য করেছে। পশ্চিমবঙ্গের সাবেক মুখ্য সচিব অর্ধেন্দু সেন গত সত্তর বছরে ধরে ভারতে গণতন্ত্রর চর্চায় নির্বাচন কমিশন একটি অত্যন্ত গুরুত্বপূর্ণ ভূমিকা পালন করে এসেছে। বিশেষত সুকুমার সেন, টি এন শেষন বা জে এম লিংডোর মতো প্রধান নির্বাচন কমিশনাররা এই প্রতিষ্ঠানকে একটা আলাদা মর্যাদায় অধিষ্ঠিত করে গেছেন। কিন্তু এখন সেই নির্বাচন কমিশনের গ্রহণযোগ্যতা দারুণভাবে প্রশ্নবিদ্ধ বলেই মনে করছেন ভারতের একদল সাবেক শীর্ষস্থানীয় আমলা - যাদের অন্যতম হলেন পশ্চিমবঙ্গের প্রাক্তন মুখ্য সচিব অর্ধেন্দু সেন। মি. সেন বিবিসিকে বলছিলেন, ""আমরা দেখলাম একটা রাজ্যের রাজপাল একটা দলের হয়ে প্রকাশ্যে ভোট চাইছেন। আমরা দেখলাম এক রাজ্যের মুখ্যমন্ত্রী ভারতীয় সেনাবাহিনীকে 'মোদীজির সেনা' বলে বর্ণনা করছেন।"" বিবিসি বাংলায় আরো পড়তে পারেন: মোদী সরকার টিকছে কি না, জানা যাবে ২৩শে মে ভারতে ১১ এপ্রিল প্রথম পর্বের ভোটের প্রস্তুতি। নয়ডা ""আমরা আরও দেখলাম, প্রধানমন্ত্রী নাটকীয়ভাবে অ্যান্টি-স্যাটেলাইট পরীক্ষার কথা ঘোষণা করলেন, যেটা নির্বাচনী আচরণবিধি চালু হয়ে যাওয়ার তার করা একেবারেই উচিত হয়নি।"" ""এভাবে পরপর অনেকগুলো ঘটনার পর আমরা মনে করেছি, এর একটা প্রতিবাদ হওয়া দরকার।"" ""কারণ নির্বাচন কমিশন যদি এরপরও কঠোর ব্যবস্থা না-নেয় তাহলে তো সবাই ভাববে এরা চাপের কাছে নতি স্বীকার করেছে"", বলছিলেন অর্ধেন্দু সেন। নির্বাচন কমিশন মানুষের আস্থার জায়গাটা হারিয়ে ফেললে সেটা যে ভারতীয় গণতন্ত্রের জন্য চরম ক্ষতি, চিঠিতে সে কথাও লিখেছেন তারা। আর এই গোটা সমস্যার মূলে আছে নির্বাচন কমিশনারদের নিয়োগের প্রক্রিয়াটাই, মনে করছেন চিঠির অন্যতম স্বাক্ষরকারী ও ভারত সরকারের সাবেক পরিবহন সচিব টুকটুক কুমার। ড: টুকটুক কুমার ড: কুমার বিবিসিকে বলছিলেন, ""নির্বাচন কমিশন এত কমজোর হয়ে পড়েছে, কারণ সরকার কমিশনারদের নির্বাচন করছে বেছে বেছে - আর তারাও রাজনৈতিক প্রভুদের অনুগত হয়েই থাকছেন।"" ""তাদের ইচ্ছার বিরুদ্ধে গিয়ে কিছু করার ক্ষমতাই যেন কমিশনের নেই।"" ""শাসক দলের প্রতি কমিশনাররা একটু নরম মনোভাব বরাবরই দেখাতেন, কিন্তু এখন যেন সেই প্রবণতা চক্ষুলজ্জারও সব সীমা ছাড়িয়ে গেছে।"" ""আর পুরস্কার হিসেবে, অবসরের পরই একদিনও অপেক্ষা না-করেই তারা লোভনীয় অ্যাসাইনমেন্টও পেয়ে যাচ্ছেন!"" মহারাষ্ট্রের সাবেক পুলিশ কর্মকর্তা মীরন বোরওয়ানকরও রাষ্ট্রপতিকে লেখা ওই চিঠিতে সই করেছেন। মীরন বোরওয়ানকর তিনি মনে করছেন, তাদের প্রতিবাদে যে কাজ হচ্ছে তার প্রমাণ হলো: কমিশন আজ বুধবার নরেন্দ্র মোদীর ওপর নির্মিত বায়োপিকের মুক্তি আটকে দিয়েছে। কিন্তু একই সঙ্গে তার আক্ষেপ, ""মোদীকে নিয়ে তৈরি ওয়েব সিরিজ বা তার নামাঙ্কিত নমো টিভির সম্প্রচার কিন্তু এই কমিশন ঠেকাতে পারেনি।"" ""ভোটে ইলেকট্রনিক ভোটিং মেশিনের পাশাপাশি ভিভিপ্যাটের (ভোটার ভেরিফায়েবল পেপার অডিট ট্রেইল) ব্যবহার নিয়েও নির্বাচন কমিশন আমাদের বিভ্রান্ত করেছে।"" ""তারা বলেছে, ভিভিপ্যাট বেশি ব্যবহার করলে ফল গণনায় না কি তিন-চারদিন পর্যন্ত লেগে যেতে পারে, যে কথা মোটেও ঠিক নয়!"" ভারতের প্রধান নির্বাচন কমিশনার সুনীল অরোরা ""ফলে যখন একদিন ইতিহাস লেখা হবে, তখন এই কমিশন সম্বন্ধে কী আর লেখা হবে? মানুষ তো সবই দেখছেন!"", বলছিলেন মিস বোরওয়ানকর। দিল্লির সিনিয়র সাংবাদিক নলিনী সিং আবার বলছিলেন, রাজস্থানের রাজ্যপাল কল্যাণ সিংয়ের বিজেপির হয়ে ভোটের প্রচার করার ঘটনায় তীব্র আপত্তি জানিয়ে কমিশন যেভাবে রাষ্ট্রপতির কাছে বিষযটি 'রেফার' করেছে - তাতে তিনি খুশি। ""কারণ অন্তত এই একটি ক্ষেত্রে নির্বাচনী আচরণবিধি লঙ্ঘনের ঘটনায় কমিশন সাংবিধানিক পদে থাকে কোনও ব্যক্তির বিরুদ্ধে ব্যবস্থা নেওয়ারে সাহস দেখিয়েছে।"" কিন্তু ঘটনা হল, ভারতে নির্বাচন কমিশনের দিক থেকে এই ধরনের পদক্ষেপ খুবই বিরল হয়ে দাঁড়িয়েছে - আর সে কারণেই এবারের ভোটে তাদের ভূমিকা নিয়ে এত প্রশ্ন। বিবিসি বাংলায় আরো পড়তে পারেন: ভারতের নির্বাচনে মোদী জিতলেই ভালো, বলছেন ইমরান হোমিওপ্যাথি চিকিৎসায় কেন আস্থা রোগীদের? আদালতে আড়াই মাসের শিশু, আইন বদলানোর আদেশ সারা বিশ্বে দিনে কত জীবজন্তুর জন্ম হয়?",ভারতের নির্বাচন কমিশন একটি স্বাধীন ও সাংবিধানিক প্রতিষ্ঠান হলেও তারা এখন শাসক দলের অনুগত প্রতিষ্ঠানের মতোই আচরণ করছে বলে অভিযোগ করেছেন সে দেশের একদল সাবেক শীর্ষস্থানীয় আমলা।,ভারতের প্রধান নির্বাচন কমিশনারদের বেশিরভাগই দেশটির রাষ্ট্রপতি নরেন্দ্র মোদীর কাছে এক চিঠি লিখেছেন।,0.1,0.0,0.1,0.69084483,13,27
"গত বছর ঠিক এক বছর আগে ঘটেছিলো ভয়াবহ পাহাড় ধসের ঘটনা। রাঙামাটির জেলা প্রশাসক একেএম মামুনুর রশিদ জানিয়েছেন, নানিয়ার চরে তিনটি জায়গায় ভূমিধস হয়েছে। জেলা সদর সহ সব মিলিয়ে বিশটির মতো ভূমিধস হয়েছে গত রাত থেকে। জেলায় গত কয়েকদিন ধরেই টানা বৃষ্টি হচ্ছিলো। আরো পড়ুন: ভূমিধস ও বন্যার ঝুঁকিতে লাখ লাখ রোহিঙ্গা বাংলাদেশে এবার ভূমিধসে প্রাণহানি কেন এত বেশি তিনি জানিয়েছেন, ""এখনো একটানা বৃষ্টি হয়েই যাচ্ছে। বৃষ্টির যে অবস্থা, এভাবে যদি বৃষ্টি হতে থাকে তাতে আমরা আরো ভূমিধসের আশঙ্কা করছি"" তিনি জানিয়েছেন এ পর্যন্ত একুশটি আশ্রয় কেন্দ্র খোলা হয়েছে। মানুষজনকে আশ্রয়কেন্দ্রে নিরাপদে সরিয়ে নিয়ে যাওয়া হচ্ছে। নানিয়ার চরের বড়ফুলপাড়া, ধর্মচরণপাড়া এবং হাতিমারা এলাকায় এই ধসের পাশাপাশি রাঙামাটি সদরেও তিনটি বাড়ি মাটি চাপা পড়েছে। তবে তারা আগেই সরে যাওয়ায় সেখানে কেউ হতাহত হয়নি। রাঙামাটি খাগড়াছড়ির মধ্যে যান চলাচল বন্ধ হয়ে গেছে। গত বছর রাঙামাটি, চট্টগ্রাম ও বান্দরবান এই তিনটি জেলায় ঠিক ১৩ জুন ঘটেছিলো ভয়াবহ পাহাড় ধসের ঘটনা। যাতে প্রায় দেড়শ জনের মতো নিহত হয়েছিলো। ঘটনার এক বছর পূর্ণ হতেই নতুন করে আবারো দুর্যোগ নেমে এলো রাঙামাটিতে। আরো পড়ুন: বাংলাদেশের চট্টগ্রামে পাহাড় ধসের ঝুঁকির পরেও বহু মানুষের বসবাস কেন? রোহিঙ্গা শিবিরে ভূমিধসের আশংকাই সত্যি হলো মরে যাচ্ছে আফ্রিকার হাজার বছরের প্রাচীন গাছগুলো পালিয়ে যাবার ৩৫ বছর পরে খোঁজ মিলল বিমানসেনার",বাংলাদেশে পার্বত্য জেলা রাঙামাটির নানিয়ারচর উপজেলায় পাহাড়ে ভূমিধসে ১০ জন নিহত হয়েছে।,বাংলাদেশের দক্ষিণাঞ্চলীয় জেলা রাঙামাটিতে গত রাত থেকে ভূমিধসে অন্তত বিশ জন নিহত হয়েছে।,0.4,0.17391304347826086,0.4,0.825778,13,12
"চীনা ভ্যাকসিনের ট্রায়ালের অনুমতি দিলো বাংলাদেশ ঢাকায় চীনা রাষ্ট্রদূতের সঙ্গে বৈঠকের পর বাংলাদেশের স্বাস্থ্যমন্ত্রী জাহিদ মালেক এ সিদ্ধান্ত জানিয়েছেন। স্বাস্থ্যমন্ত্রী জাহিদ মালেক ঢাকায় ব্রিফিং করে বলেছেন, ""আমরা ট্রায়াল করতে দিবো। তবে যারা স্বেচ্ছায় আসবে তাদেরকেই ট্রায়াল করতে দেয়া হবে। আর অগ্রাধিকার পাবে ডাক্তার, নার্সসহ যারা স্বাস্থ্যসেবার সঙ্গে জড়িত তারা""। তিনি বলেন, ""আমরা ট্রায়াল চালাতে দিবো। কিন্তু ভ্যাকসিনের ক্ষেত্রে আমাদের অগ্রাধিকার দিতে হবে। যেসব দেশ পাবে তার ওপরের দিকেই বাংলাদেশের নাম থাকতে হবে। আর এ সংক্রান্ত খরচও তারা বহন করবেন""। এর আগে গত ২০শে অগাস্ট করোনাভাইরাসের টিকার ক্লিনিক্যাল ট্রায়াল বাংলাদেশে হওয়া উচিত বলে মন্তব্য করে বিবৃতি দিয়েছিলো বাংলাদেশের কোভিড-১৯ বিষয়ক জাতীয় কারিগরি পরামর্শক কমিটি। কমিটি তখন বলেছিলো বাংলাদেশের মানুষের রোগ প্রতিরোধ ক্ষমতা গড়ে তোলার উদ্দেশ্যে এই ট্রায়াল বাংলাদেশে চালানো উচিৎ। বিবিসি বাংলায় আরও পড়ুন: করোনাভাইরাস: ভ্যাকসিন পাওয়ার দৌড়ে বাংলাদেশ কতদূর? ভ্যাকসিন আসার আগেই কোভিড চলে যাবে স্বাস্থ্যমন্ত্রীর এই বক্তব্যে দ্বিমত বাংলাদেশে টিকার ট্রায়াল আয়োজনের সুপারিশ কারিগরি কমিটির টিকার মাধ্যমে পৃথিবী থেকে যেসব রোগ নির্মূল করা সম্ভব হয়েছে স্বাস্থ্যমন্ত্রী জাহিদ মালেক আজ ঢাকায় চীনা রাষ্ট্রদূতের সঙ্গে এক বৈঠকের পর স্বাস্থ্যমন্ত্রী বলছেন ভ্যাকসিন যারাই করুক ট্রায়াল এখানে করতে তো দিতেই হবে এবং ভ্যাকসিনের বিষয়ে সব প্রস্তাব বা অগ্রগতি সম্পর্কে প্রধানমন্ত্রীকে জানানো হয়েছে। বিশেষ করে চীনের, ভারতের এমনকি অক্সফোর্ডের টিকার বিষয়েও অগ্রগতি প্রধানমন্ত্রীকে জানানো হয়েছে। মন্ত্রী বলেন বাংলাদেশে মন্ত্রণালয় ও আইসিডিডিআরবির সহায়তা ট্রায়াল কার্যক্রম চালাবে চীনা কোম্পানি। ""আমরা চীনা কোম্পানি ও রাষ্ট্রদূতকে জানিয়ে দিয়েছি। বাংলাদেশে থাকা চীনের নাগরিক ও দূতাবাসের লোকদের ওপরও ট্রায়াল করবে কোম্পানিটি। আমরা তাদের বলেছি যে আপনার ট্রায়ালের ব্যবস্থা করুন,"" বলছিলেন স্বাস্থ্যমন্ত্রী জাহিদ মালেক। চীনা সরকার ও সংশ্লিষ্ট কোম্পানির সাথে আলোচনা করে তারা (বাংলাদেশে চীনা দূতাবাস) দ্রুত ট্রায়ালের ব্যবস্থা করবে বলেও জানান তিনি। ট্রায়াল চালাতে দেয়া উচিত বলে দেয়া বিবৃতিতে যা বলেছিলো জাতীয় পরামর্শক কমিটি ২০শে অগাস্ট দেয়া ওই বিবৃতিতে যেসব প্রতিষ্ঠান বা দেশ টিকার ট্রায়ালের তৃতীয় পর্যায়ে রয়েছে, টিকা বাজারে আসার পর অগ্রাধিকার ভিত্তিতে পাওয়া নিশ্চিত করতে তাদের সাথে এখনই যোগাযোগ করার সুপারিশ করেছিলো কমিটি। পাশাপাশি টিকা প্রদানের জন্য প্রয়োজনীয় সিরিঞ্জ উৎপাদন বা কেনার প্রস্তুতি রাখা, টিকা পাওয়ার পর তা সংরক্ষণ, বিতরণের পরিকল্পনা ঠিক করে রাখা এবং টিকা পাওয়ার পর জনসংখ্যার কারা অগ্রাধিকার পাবে তা এখনই ঠিক করে রাখার আহ্বান জানানো হয় কমিটির সুপারিশে। বিবৃতিতে বলা হয়, কয়েকটি সংস্থার টিকার তৃতীয় পর্যায়ের ক্লিনিক্যাল ট্রায়াল ব্রাজিল, ভারত, ইন্দোনেশিয়া, চিলি, সংযুক্ত আরব আমিরাতের পাশাপাশি বাংলাদেশে হলে বাংলাদেশের সক্ষমতা বৃদ্ধি ও তা প্রমাণের সুযোগ তৈরি হবে। পাশাপাশি টিকা সফল হিসেবে প্রমাণিত হলে তা বাংলাদেশের অগ্রাধিকার ভিত্তিতে পাওয়ার সুযোগও থাকবে। বাংলাদেশের মতো ঘনবসতিপূর্ণ দেশে ভ্যাকসিন খুবই দরকার বলে মনে করছেন জনস্বাস্থ্য বিশেষজ্ঞরা বাংলাদেশের জন্য করোনাভাইরাসের ভ্যাকসিন কতটা জরুরি সারা বিশ্বের প্রায় দুইশটির মতো কোম্পানি ও গবেষণা প্রতিষ্ঠান এখন করোনাভাইরাসের ভ্যাকসিন আবিষ্কারে কাজ করে যাচ্ছে। যার মধ্যে মানবদেহে ট্রায়ালে এগিয়ে রয়েছে, যুক্তরাজ্যের অক্সফোর্ড, চীনের সিনোভ্যাক, যুক্তরাষ্ট্রের মডার্না, অস্ট্রেলিয়ার মারডক চিলড্রেনস রিসার্চ ইন্সটিটিউট। ছয়টি ভ্যাকসিন ক্লিনিকাল ট্রায়ালের তৃতীয় ধাপে রয়েছে। সরকারি প্রতিষ্ঠান রোগতত্ত্ব, রোগ নিয়ন্ত্রণ ও গবেষণা ইন্সটিটিউটের প্রধান বৈজ্ঞানিক কর্মকর্তা ডা. এএসএম আলমগীর সম্প্রতি বিবিসি বাংলাকে বলছেন, ""বাংলাদেশের জন্য একটি ভ্যাকসিন খুবই দরকার কারণ বাংলাদেশ অত্যন্ত ঘনবসতিপূর্ণ একটি দেশ। এত দীর্ঘদিন ধরে আমাদের মতো উন্নয়নশীল দেশে সবকিছু বন্ধ রেখে মানুষকে ঘরে রাখা খুবই সমস্যার একটি বিষয়। কারণ জীবন টিকিয়ে রাখতে হলে জীবিকাও লাগবে।"" ""পৃথিবীর কোন দেশ থেকে কবে এই ভাইরাস চলে যাবে সেটাতো বলা মুশকিল। সংক্রমণ যদি দীর্ঘ দিনের জন্য থাকে তাহলে ভ্যাকসিন দিয়ে যদি এর সংক্রমণে একটা হস্তক্ষেপ করতে পারা যায় তাহলে কিছু জনগোষ্ঠী অন্তত নিরাপদে থাকতে পারলো।"" করোনাভাইরাস: সুস্থ হয়ে উঠতে কতদিন লাগে? নিজেকে যেভাবে নিরাপদ রাখবেন করোনাভাইরাস থেকে করোনাভাইরাস : কীভাবে বানাবেন আপনার নিজের ফেসমাস্ক আপনার কি দ্বিতীয়বার কোভিড ১৯ সংক্রমণ হতে পারে? টাকার মাধ্যমে করোনাভাইরাস ছড়াতে পারে কি? 'হার্ড ইমিউনিটি' কী, এর জন্য কতটা মূল্য দিতে হবে? কোথায় কতোক্ষণ বেঁচে থাকে কোভিড-১৯ এর জীবাণু, নির্মূলের উপায়",চীনা কোম্পানিকে বাংলাদেশে করোনাভাইরাসের প্রতিষেধক ভ্যাকসিনের ট্রায়াল চালাতে সম্মত হয়েছে বাংলাদেশ।,বাংলাদেশ করোনাভাইরাসের টিকার ট্রায়াল করতে চীনের অনুমতি দিয়েছে।,0.2105263157894737,0.0,0.2105263157894737,0.8061284,8,11
"ভারত-বাংলাদেশ সীমান্ত। অবৈধ অনুপ্রবেশের দায়ে আটক অনেক বাবা-মা'র কাছ থেকে সন্তানকে বিচ্ছিন্ন করে ফেলা হচ্ছে। গবেষণা প্রতিষ্ঠান ক্যালকাটা রিসার্চ গ্রুপের একটি সাম্প্রতিক প্রতিবেদনে বলা হয়েছে, অবৈধ অনুপ্রবেশের দায়ে কোনও বাংলাদেশি পরিবার ধরা পড়লে ভারতীয় কর্তৃপক্ষ বাবা-মাকে জেলে পাঠিয়ে দেয় - তবে তার বাচ্চাদের বয়স ছয় বছরের বেশি হলেই তাদের ঠাঁই হচ্ছে হোমে। কিন্তু এরপর বছরের পর বছর ধরে সেই সন্তানের সঙ্গে বাবা-মার আর দেখা হয় না। পশ্চিমবঙ্গের মানবাধিকার কর্মী, বিভিন্ন এনজিও-র প্রতিনিধিরাও মনে করছেন এই পদ্ধতিটা চরম অমানবিক - কিন্তু নিয়মের ফাঁদে এভাবেই চলে আসছে বছরের পর বছর। ভারতে ফরেনার্স অ্যাক্টের ১৪ এর ধারা অনুসারে অবৈধভাবে এ দেশে ঢুকলে সর্বনিম্ন দুবছরের আর সর্বোচ্চ আট বছরের জেল হতে পারে। এই আইনে প্রতি বছরই বহু বাংলাদেশির ঠিকানা হয় ভারতের বিভিন্ন জেলে - কিন্তু সমস্যাটা আরও বাড়ে যখন তাদের সঙ্গে থাকে ছয় বছরের বেশি বয়সী ছেলেমেয়েরা। জেনেভা ইউনিভার্সিটির গবেষক সুচরিতা সেনগুপ্ত বছর তিনেক আগে ক্যালকাটা রিসার্চ গ্রুপের হয়ে এই বিষয়ে সরেজমিনে প্রতিবেদন তৈরি করেছিলেন। তিনি জানান, ""একেবারে ছোট বাচ্চা হলে তাদের জেলের ভেতরে মায়ের সঙ্গে থাকতে দেওয়া হয়। কিন্তু বয়স ছয় বছরের বেশি হলেই তাদের পাঠিয়ে দেওয়া হয় হোমে। বিভিন্ন জেল কর্তৃপক্ষের সঙ্গে এনজিওদের যোগাযোগ থাকে - আর ওই বাচ্চাদের ঠাঁই হয় সেই এনজিওর নিজস্ব হোমে। কিন্তু এরপর যেটা ঘটে, তা নিয়ে আমি দু-তিনরকম ভাষ্য পেয়েছি।"" অভিবাসন নিয়ে গবেষণা করেন সুচরিতা সেনগুপ্ত ""একটা হয়, পুলিশ সুপার ব্যক্তিগত আগ্রহ নিয়ে মায়ের সঙ্গে নিয়মিত বাচ্চাদের দেখা করিয়ে দেওয়ার ব্যবস্থা করেন, অসম্ভব সাহায্য করেন আইনের বাইরে গিয়েও। কিন্তু পাশাপাশি বহু মা-ই আমাকে অভিযোগ করেছেন তারা একবার যখন জেলে চলে আসছেন তারা বাচ্চাদের থেকে আলাদা হয়ে যাচ্ছেন - তারপর কিন্তু পুরো জেল খাটার মেয়াদে তারা একবারও সন্তানের মুখ দেখতে পাননি!"" অথচ ভারতের স্বরাষ্ট্র মন্ত্রণালয়ের সাত বছরের পুরনো নির্দেশই বলছে সার্ক দেশ থেকে কোনও অবৈধ অভিবাসী ভারতে এলে জেল নয় - তাদের হোমে রাখার কথা। এ ধরনের হোম তৈরি হলে বাচ্চারা অনায়াসে বাবা-মার সঙ্গেই থাকতে পারত, কিন্তু মানবাধিকার সংস্থা মাসুমের কিরীটি রায় বলছিলেন আজ পর্যন্ত সেই নির্দেশ মানার কোনও গরজই দেখা যায়নি। মি রায়ের কথায়, ""ওরা 'ট্রানজিট হোম' কথাটা ব্যবহার করেছিলেন - যেখানে রাখার পর তাদের প্রত্যাবাসন করার কথা। সেই নির্দেশ এসেছিল ২০১১ সালে, কিন্তু আজ সাত বছর বাদেও কোনও পক্ষ - তা সে রাজ্য সরকারের পুলিশ বা আদালতই হোক কিংবা কেন্দ্র সরকারের বিএসএফ - সেই নির্দেশে কোনও গা করেনি।"" ""তারা গতানুগতিক পথেই যেভাবে চলছিলেন সেভাবেই আজও চলছেন। আরও যেটা দুর্ভাগ্যজনক, তা হল জাতীয় মানবাধিকার কমিশনও এই বিষয়ে চোখ বুজে রয়েছে।"" ফলে এমন ঘটনা বহু ঘটেছে যেখানে মা-কে বাংলাদেশে ফেরত পাঠিয়ে দেওয়া হয়েছে কিন্তু বাচ্চা এখানে পড়ে আছে। কিংবা বাচ্চা বাংলাদেশে চলে গেলেও মা-বাবা ভারতেই আটকে আছেন, জানাচ্ছেন কিরীটি রায়। ভারত-বাংলাদেশ সীমান্তে একদল শিশু এছাড়া অনেক ক্ষেত্রে এমনটাও হয় যে সরকারি হোমে এসে পড়া বাংলাদেশি কিশোরের বাবা-মার সন্ধানই বের করা যায় না। বহু বছর বাদে তার পরিবারের খোঁজ পাওয়া গেলেও এমনও জানা গেছে যে, ততদিনে তার বাবা-মা হয়তো বেঁচেই নেই, বলছিলেন পশ্চিমবঙ্গ সরকারের চাইল্ড ওয়েলফেয়ার কমিটির সর্বশেষ চেয়ারপার্সন ইন্দ্রানী গুহব্রহ্ম। তিনি বলছেন, ""আমি এমন বহু ঘটনা দেখেছি যেখানে একদম বাচ্চা বয়সে হোমে এসেছে, হয়তো ঠিকমতো ঠিকানাই বলতে পারেনি। কিংবা বাংলাদেশের যে অ্যাড্রেস দিয়েছে সেখানে যোগাযোগ করে কাউকে পাওয়া যায়নি। ফলে বছরের পর বছর ধরে তারা হোমেই রয়ে গেছে।"" ""তারপর একদিন হয়তো অনেক কষ্টে তার সঠিক ঠিকানা খুঁজে পাওয়া গেল। কিন্তু দেখা গেল বাবা-মা আর বেঁচেই নেই, হয়তো তার দিদি বা বড় বোন কেউ নিতে এল। এখন সে আসল দিদি কি না, পরিচয়পত্র আসল কি না সে সব যাচাই করার পর বহু বছর বাদে হয়তো সে বাংলাদেশে ফিরতে পারল, কিন্তু বাবা-মার সঙ্গে এ জীবনে তার আর দেখাই হল না!"" কলকাতার এনজিও 'সংলাপে'র নিজস্ব হোমেও বহু বছর ধরে আশ্রয় পেয়ে আসছে এই ধরনের বাচ্চারা। অন্যান্য খবর: থাই গুহায় যেভাবে বেঁচে ছিল শিশুরা কোটা আন্দোলন: দূতাবাসগুলোর বিবৃতির অর্থ কী? ট্রাম্প কি নেটোকে বিলুপ্তির মুখে ঠেলে দিচ্ছেন? সংলাপের অলোক বিশ্বাস বিবিসিকে বলছিলেন, আলাদা হয়ে পড়া রোহিঙ্গা শিশুদের সঙ্গে তাদের বাবা-মাকে মিলিয়ে দেওয়ার সময় তিনি যে ধরনের ট্র্যাজেডি দেখেছেন তা আরও মর্মান্তিক। ""রোহিঙ্গা অভিবাসীদের সঙ্গে যা ঘটেছে তা আরও যন্ত্রণার। রোহিঙ্গা বাবা-মা হয়তো জেলে বা জেলের বাইরে আছেন, কিন্তু তাদের নিজের বাচ্চা যে নিজেরই - এটা প্রমাণ করতে তাদের জান বেরিয়ে যেত। ""তারা বলছেন এইটাই আমার বাচ্চা, সেই বাচ্চাও বলছে এইটাই আমার বাবা - কিন্তু প্রশাসন তাতে কান দিলে তো? তারা কাগুজে প্রমাণ ছাড়া কিছুই বিশ্বাস করবেন না, আর রোহিঙ্গা বাবারও ক্ষমতা নেই পয়সা খরচ করে কোনও রকমে একটা কাগজ বের করার!"", বলছিলেন বহু বছরের অভিজ্ঞতাসম্পন্ন প্রবীণ ওই এনজিও কর্মী। সুচরিতা সেনগুপ্তর গবেষণায় আবার উঠে এসেছে বহরমপুর জেলে সাত বছরের মেয়াদ খাটা জনৈকা ভাদুড়ীবালার কথা, চল্লিশ বছর বয়সী যে মহিলা চার বছর ধরে নিজের দুই বাচ্চা ছেলে-মেয়ের মুখ অবধি দেখেননি। ""ভাদুড়ীবালার জেলের মেয়াদ ছিল অনেক বেশি - কারণ সে যখন আটক হয় তখনও ফরেনার্স অ্যাক্ট সংশোধন করে শাস্তির মেয়াদ দুবছর করা হয়নি। তখন অনেক লম্বা শাস্তি হত, কারাবাসটাও চলত বহুদিন ধরে।"" ভারত সরকারের এই নীতির শিকার হওয়া রোহিঙ্গারা আছেন সবচেয়ে বেশি বিড়ম্বনায় ""সেই মহিলা বারবার কান্নাকাটি করতেন আর বলতেন আমি একটিবার আমার ছেলেমেয়েকে দেখতে চাই - কিন্তু ওরকম কোনও পদ্ধতিই নেই, এত বছর হয়ে গেল ওদের একটিবারও দেখলাম না!"" বলছিলেন মিস সেনগুপ্ত। বহু ক্ষেত্রে স্রেফ যোগাযোগের অভাবেও যে জেলে থাকা মা-বাবা আর আশ্রয়কেন্দ্রে দিন কাটানো ছেলে-মেয়ের দেখা হচ্ছে না, সেটাও মনে করিয়ে দিচ্ছেন তিনি। ""এটা হয়তো ইচ্ছাকৃত নয়, পুলিশ বা হোমের কোনও দোষ তা-ও ঠিক বলব না। কিন্তু এমনটাও হয় যে ওই জেল কর্তৃপক্ষ আর সংশ্লিষ্ট হোমের মধ্যে কোনও যোগাযোগই নেই, তারা একে অপরে হয়তো জানেনও না যে বাবা-মা এইখানে আর বাচ্চারা ওখানে আছেন।"" ""এই কমিউনিকেশনের অভাবেই অনেক সময় মা জেল থেকে বেরোনোর আগেই বাচ্চাকে হোম থেকে ছেড়ে দেওয়া হয়, কিংবা বাচ্চা হোমে রয়ে গেলেও মা জেল থেকে বেরিয়ে আসেন। দুজনের আর দেখা হওয়াই কঠিন হয়ে পড়ে"", বলছিলেন সুচরিতা সেনগুপ্ত। সুতরাং আইনের জটিলতাই হোক বা যোগাযোগের অভাব - ভারতে ঢুকে পড়া এমন অজস্র বাংলাদেশী বাবা-মাই নানা কারণে তাদের সন্তানদের থেকে আলাদা হয়ে যাচ্ছেন, কখনও কখনও সেটা হয়তো চিরতরেও।",আমেরিকায় অবৈধ অভিবাসী পরিবারের সন্তানদের বাবা-মার কাছ থেকে বিচ্ছিন্ন করে দেওয়ার জন্য যেখানে ট্রাম্প প্রশাসনের বিরুদ্ধে দুনিয়া জুড়ে শোরগোল হচ্ছে - সেই একই ধরনের রেওয়াজ ভারত-বাংলাদেশ সীমান্তেও বহু বছর ধরে চলছে বলে অভিযোগ উঠেছে।,ভারতের বিভিন্ন জেলে অবৈধভাবে ভারতে ঢুকতে গিয়ে বাবা-মা'র কাছ থেকে সন্তানকে বিচ্ছিন্ন করে ফেলা হচ্ছে বলে অভিযোগ উঠেছে।,0.30769230769230765,0.16,0.30769230769230765,0.7962093,18,34
"বাংলাদেশে এখন ১৬ কোটির বেশি মোবাইল ফোন গ্রাহক রয়েছে টেলিযোগাযোগ নিয়ন্ত্রক সংস্থা বিটিআরসি'র কর্মকর্তারা বলেছেন, যে বিধিতে এই নোটিশ পাঠানো হবে, তাতে কোম্পানির লাইসেন্স বাতিলের বিষয় সর্বোচ্চ শাস্তি হিসেবে রয়েছে। গ্রামীণফোন এখনও সালিশের মাধ্যমে সমস্যার সমাধান চাইছে। আর রবি'র পক্ষ থেকে বলা হয়েছে, সরকার চূড়ান্ত কোন পদক্ষেপ হিসেবে তাদের নোটিশ দেয়া হলে রবি আদালতে যাবে। বিটিআরসি দাবি করে আসছে, গ্রামীনফোন এবং রবি, এই দু'টি কোম্পানির কাছে ২০ বছরে সাড়ে ১৩ হাজার কোটি টাকা বকেয়া রয়েছে। অডিট করে তারা এটি জানতে পেরেছে। এর মধ্যে গ্রামীণফোনের কাছে পাওনা ১২ হাজার ৫৭৯ কোটি ৯৫ লাখ টাকা এবং রবির কাছে ৮৬৭ কোটি ২৩ লাখ টাকা পাওনা রয়েছে বলে জানিয়েছে বিটিআরসি। এই পাওনা আদায়ে চাপ দিতে গিয়ে এর আগে কোম্পানি দু'টির ইন্টারনেটের গতি বা ব্যান্ডউইথ কমিয়ে দেয়া হয়েছিল। এছাড়া বিটিআরসি তাদের দেয়া অনাপত্তিপত্র বা এনওসি প্রদান বন্ধ করেছিল। এখন আরও কঠোর শাস্তির ব্যবস্থা নেয়ার জন্য টেলিযোগাযোগ মন্ত্রী মোস্তফা জব্বার কোম্পানি দু'টিকে নোটিশ দেয়ার সরকারের নির্দেশের কথা বলেছেন। বিটিআরসি'র ভারপ্রাপ্ত চেয়ারম্যান রেজাউল কাদের বলছিলেন, এখন তাদের কমিশন বৈঠক করে নোটিশ পাঠানোর প্রক্রিয়া শুরু করবে। ""আইন অনুযায়ী শো'কজ করতে হলে বা নোটিশ পাঠাতে হলে সরকারের অনুমোদন প্রয়োজন হয়। সরকার সে অনুমোদন দিয়েছে। সেটা এখন বিটিআরসিতে পরীক্ষা-নিরীক্ষা চলছে এবং সেটা কমিশন মিটিংয়ে উঠবে।"" তিনি আরও বলেছেন, ""বকেয়া না দেয়ায় আমরা প্রথমে তাদের ব্যান্ডউইথ কমিয়ে দিয়েছিলাম। কিন্তু গ্রাহকের কথা চিন্তা করে সেই পদক্ষেপ অব্যাহত রাখা হয় নাই।এখন তাদের যন্ত্রপাতি আমদানির ক্ষেত্রে এনওসি আমরা দিচ্ছি না।"" কোন ধরণের শাস্তি দিতে এই নোটিশ দেয়ার প্রয়োজন হয়- এই প্রশ্নে রেজাউল কাদের বলেছেন, মোবাইল ফোন পরিচালনার সম্পর্কিত যে বিধিতে এই নোটিশ দেয়া হবে, তাতে সর্বোচ্চ শাস্তি হিসেবে কোম্পানির লাইসেন্স বাতিলের বিষয় আছে। কিন্তু এর আগে বিভিন্ন ধরণের শাস্তির কথাও বলা আছে বলে তিনি উল্লেখ করেছেন। ""এটা ধারা অনুযায়ী বলা হবে যে, তুমি যদি পাওনা টাকা না দাও, তাহলে আইনগত ব্যবস্থা নেয়া হবে।এতে সর্বোচ্চ লাইসেন্স বাতিলের কথা আছে। তারমানে এই নয় যে, সর্বোচ্চ শাস্তিই হবে। নোটিশে তাকে পাওনা পরিশোধের জন্য ৬০দিনের একটা সময় দেয়া হবে। এরপর বিভিন্ন ব্যবস্থা নেয়া যেতে পারে।"" গ্রামীণ এবং রবি-এই দু‌টি কোম্পানির সাথে টেলিযোগাযোগ মন্ত্রণারয় এবং বিটিআরসি‌র দ্বন্দ্ব বেড়েই চলেছে। রবি আদালতে যাবে বকেয়া টাকা নিয়ে বিটিআরসি'র দাবির ব্যাপারে আপত্তি করে আসছে গ্রামীণফোন এবং রবি। বিটিআরসি'র অডিটের পদ্ধতি নিয়েও কোম্পানি দু'টির প্রশ্ন রয়েছে। তাদের বক্তব্য হচ্ছে, আলোচনার মাধ্যমে বিষয়টাতে একটা সমাধানের ব্যাপারে সরকার এবং বিটিআরসি সেভাবে আগ্রহ দেখায়নি। সরকার এবং বিটিআরসি নোটিশ পাঠানোর যে কথা বলছে, তাতে সমাধান সম্ভব নয় বলে মোবাইল ফোন কোম্পানি দু'টির কর্মকর্তারা মনে করেন। রবি'র চিফ কর্পোরেট অ্যান্ড রেগুলেটরি কর্মকর্তা সাহেদ আলম বলেছেন, এখন নোটিশ পাঠিয়ে কোন ব্যবস্থা নেয়ার কথা বলা হলে তারা আদালতের আশ্রয় নেবেন। ""পাবলিক রিকোভারি অ্যাক্ট আছে, সে অনুযায়ী না গিয়ে আপনি প্রশাসনিক ভাবে ব্যবস্থা নিচ্ছেন।প্রথমে আমাদের ব্যান্ডউইথ বন্ধ করা হলো। তারপর ব্যবসায় বিঘ্ন ঘটাতে এনওসি বন্ধ করা হলো।এখন বলছেন, লাইসেন্স তুলে নেয়া হবে। এ ধরণের পদক্ষেপ সম্পূর্ণভাবে বিনিয়োগ বিরোধী।"" ""আমরা খুব চেষ্টা করেছিলাম কোন আইনি ব্যবস্থায় না যাওয়ার জন্য।যাতে আলোচনার মাধ্যমে সমাধান হয়। এক্ষেত্রে সম্ভবত আমাদের বাধ্য করা হচ্ছে, আমরা যেন আইন ব্যবস্থায় যাই।"" রবি' এবং গ্রামীণ-দু'টি কোম্পানিই এতদিন সালিশের মাধ্যমেও সমাধানের দাবি করে আসছিল। গ্রামীণফোনের মুখপাত্র মোঃ: হাসান বলেছেন, তারা এখনও সালিশের মাধ্যমে সমাধান চান। বিটিআরসির হিসেব অনুযায়ী দেশে মোবাইল ফোন গ্রাহকের সংখ্যা ১৬ কোটির বেশি। এর মধ্যে গ্রামীণের ৭ কোটি ৪৮ লাখ আর রবির ৪ কোটি ৭৭ লাখ গ্রাহক আছে।",বাংলাদেশের সবচেয়ে বড় দু'টি মোবাইল ফোন কোম্পানি গ্রামীণ এবং রবি'র বিরুদ্ধে সাড়ে ১৩ হাজার কোটি টাকা বকেয়া না দেয়ার অভিযোগ তুলে সরকার তাদের শাস্তি দেয়ার প্রশ্নে নোটিশ পাঠাচ্ছে।,বাংলাদেশে সরকার মোবাইল ফোন কোম্পানি গ্রামীণফোনের লাইসেন্স বাতিল করার জন্য রবিকে নোটিশ পাঠানোর নির্দেশ দিয়েছে।,0.23255813953488372,0.0975609756097561,0.18604651162790697,0.77488273,15,28
"২১শে অগাস্টে গ্রেনেড হামলার পর বঙ্গবন্ধু অ্যাভেনিউতে জুতা, স্যন্ডেলের পাশেই পড়েছিল একটি অবিস্ফোরিত গ্রেনেড তারা বলছেন, গত ১৪ বছরে এই মামলার কার্যক্রম এগিয়ে নিয়ে যাওয়ার কাজ খুব একটা সহজ ছিল না। ২০০৪ সালে ঢাকার বঙ্গবন্ধু অ্যাভেনিউতে তৎকালীন বিরোধীদল আওয়ামী লীগের সমাবেশে চালানো গ্রেনেড হামলায় ২৪ জন নিহত হন। আহত হন শেখ হাসিনা সহ তিন শতাধিক মানুষ। দলের নেত্রী ও বর্তমান প্রধানমন্ত্রী শেখ হাসিনার আশেপাশে তার নেতাকর্মীরা ঘিরে থাকায় অল্পের জন্যে বেঁচে যান তিনি। আহতদের অনেকেই এখনও শরীরের গ্রেনেডের স্প্লিন্টার নিয়ে দু:সহ জীবন যাপন করছেন। তাদেরই একজন স্বেচ্ছাসেবক লীগের জ্যেষ্ঠ সহ সভাপতি মাহবুবা পারভিন। ঘটনার দিন সমাবেশের অস্থায়ী মঞ্চটির কাছাকাছি ছিলেন তিনি। বিবিসিকে তিনি জানান তার সেই বিভীষিকাময় অভিজ্ঞতার কথা। তিনি বলেন, ""শেখ হাসিনা আপা জয় বাংলা জয় বঙ্গবন্ধু বলতে পারেননি। তখনই একটা বিকট শব্দ হয়। এলাকা অন্ধকার হয়ে যায়। তখন আমরা কেউ কাউকে দেখতে পারছিলাম না। শুধু চিৎকার শুনতে পাচ্ছিলাম- বাঁচাও বাঁচাও।"" ""আমি দাঁড়ানো অবস্থা থেকে পড়ে যাই, সেন্স হারিয়ে ফেলি। পরে শুনেছি তখন নাকি আমার হার্ট অ্যাটাক হয়। অনেকে ভেবেছিল আমি মারা গিয়েছি। পরে আমাকে ব্যানারে করে হাসপাতালে নিয়ে যাওয়া হয়। ৭২ ঘণ্টা আইসিইউতে ছিলাম। ২৫ দিন পর স্মৃতিশক্তি ফেরে।"" বলেন মাহবুবা পারভিন। হামলার পরদিন মতিঝিল থানায় একটি মামলা দায়ের করে পুলিশ। তারপর জজ মিয়াসহ নানা নাটকীয়তার পর ২০০৮ সালে তত্বাবধায়ক সরকারের আমলে হত্যা ও বিস্ফোরক আইনে দুটি অভিযোগপত্র দায়ের করা হয়। হামলায় অল্পের জন্যে বেঁচে যান আওয়ামী লীগের নেত্রী ও বর্তমান প্রধানমন্ত্রী শেখ হাসিনা। ওই বছরই মামলা দুটি স্থানান্তর করা হয় দ্রুত বিচার ট্রাইব্যুনালে। পরের বছর অর্থাৎ ২০০৯ সাল আওয়ামী লীগ ক্ষমতায় আসার পর রাষ্ট্রপক্ষ মামলার অধিকতর তদন্তের জন্য আদালতে আবেদন করেন। আদালতের অনুমোদনের পর ২০১১ সালে সম্পূরক অভিযোগপত্র জমা দেয়া হয়। গত বছর সাক্ষ্য গ্রহণ শেষে যুক্তিতর্ক শুরু হয়, যা এখনও চলছে। ঢাকার দ্রুত বিচার ট্রাইব্যুনাল-১ এর বিশেষ এজলাসে সপ্তাহে তিন দিন করে মামলার কার্যক্রমটি চলছে। বর্তমানে আসামি সাবেক স্বরাষ্ট্র প্রতিমন্ত্রী লুৎফুজ্জামান বাবরের পক্ষে যুক্তিতর্ক উপস্থাপন চলছে। শুরুতে মামলার মোট আসামি ৫২জন হলেও পরে তিনজনের অন্য মামলায় ফাঁসি কার্যকর হওয়ায়, তাদের এই তালিকা থেকে বাদ দেয়া হয়। বর্তমানে আসামির সংখ্যা ৪৯জন। এর মধ্যে ১৮জন পলাতক ও ছয় জন জামিনে আছে। মামলায় মোট সাক্ষী করা হয়েছে প্রায় ৫শ জনকে। এরমধ্যে রাষ্ট্রপক্ষ ২২৫ জনের সাক্ষ্য উপস্থাপন করতে পেরেছেন। অন্যদিকে আসামীপক্ষ থেকে হাজির করা হয়েছে ২০ জনকে। সব সাক্ষ্য ও যুক্তি উপস্থাপনের ভিত্তিতে বিএনপির ভাইস চেয়ারম্যান তারেক রহমান এবং খালেদা জিয়ার সাবেক রাজনৈতিক সচিব হারিছ চৌধুরীসহ সব আসামির বিরুদ্ধে হত্যা, হত্যাচেষ্টা, ষড়যন্ত্রের অভিযোগে সর্বোচ্চ শাস্তির দাবি করেছে রাষ্ট্রপক্ষ। গ্রেনেড হামলায় মারা যান আওয়ামী লীগের মহিলা বিষয়ক সম্পাদক আইভী রহমান। দুই মামলার বিচারকাজ শেষ পর্যায়ে রয়েছে বলে জানান মামলার রাষ্ট্রপক্ষের প্রধান কৌঁসুলি ও আওয়ামী লীগের উপদেষ্টা পরিষদ সদস্য সৈয়দ রেজাউর রহমান। তিনি বলেন, ""আমরা রাষ্ট্রপক্ষ আগে যুক্তিতর্ক শেষ করি। তারপর আসামীপক্ষের যুক্তিতর্ক শুরু হয়। বর্তমানে আসামি লুৎফু্জ্জামান বাবরের পক্ষে ২৭, ২৮ ও ২৯ তারিখ যুক্তিতর্ক চলবে। বাবর সাহেবের পক্ষে যুক্তিতর্ক উপস্থাপন শেষে আমরা রাষ্ট্রপক্ষ থেকে একদিন আইনি যুক্তিতর্ক উপস্থাপন করবো।"" সেখানে রাষ্ট্রপক্ষ সকল আসামীর সর্বোচ্চ শাস্তি মৃত্যুদণ্ড চেয়ে আদালতে আবেদন জানাবেন বলে জানান সৈয়দ রেজাউর রহমান। তিনি বলেন, ""রাষ্ট্রপক্ষের এই আইনি যুক্তিতর্ক শেষ হলে আইনানুযায়ী ওই দিনে রায়ের তারিখ ঘোষণা করবেন আদালত। সেদিনই রায় এবং আদেশের দিন ধার্য হবে।"" তার প্রত্যাশা অচিরেই তারা দুটো মামলার রায় ও আদেশের তারিখ ধার্য করতে সক্ষম হবেন। তবে মামলার এই দীর্ঘসূত্রিতার পেছনে সৈয়দ রেজাউর রহমান আসামীপক্ষের আইনজীবীর ধীরগতিকে দায়ী করেন। তিনি বলেন, আসামীপক্ষের আইনজীবী মামলা দুটি পাঁচ বার উচ্চ আদালতে নিয়ে যাওয়ায় আদালতের ২৯২ কার্যদিবস ব্যয় হয়েছে। এছাড়া তারা যুক্তিতর্ক উপস্থাপনে কালক্ষেপণ করেছেন বলেও তিনি অভিযোগ করেন। আরও পড়তে পারেন: ড্রোন বোমা থেকে ভেনেজুয়েলার প্রেসিডেন্টের রক্ষা হলি আর্টিজান: চার্জশিটে অভিযুক্ত ৮, নেতৃত্বে রোহান তবে এসব অভিযোগ অস্বীকার করেন বিএনপির সহ আইন বিষয়ক সম্পাদক জয়নুল আবেদিন মেজবাহ। তিনি বলেন, ""এই মামলায় শুরুতে ৬১ জনের সাক্ষী নেয়ার পর অধিকতর তদন্তের আবেদন করা হয়। দ্বিতীয় রিপোর্ট আসা পর্যন্ত কয়েক বছর পেরিয়ে যায়। এছাড়া প্রত্যেকটা আসামীর পক্ষে আলাদা আলাদা আইনজীবী জেরা করছেন। রাষ্ট্রপক্ষ ২২৫ জনের সাক্ষ্য নিয়েছে। এটা অবশ্যই সময়সাপেক্ষ। সবই হয়েছে আইনানুগ প্রক্রিয়ায়। কোন কিছু সংক্ষিপ্ত করার কোন সুযোগ নেই। "" ২১ আগস্ট হামলার ১৪ বছর পেরিয়ে গেলেও সেই হামলায় বেঁচে ফেরা মাহবুবা পারভিনকে আজও অজস্র স্প্লিন্টারের যন্ত্রণা বয়ে বেড়াতে হচ্ছে। এই যন্ত্রণা থেকে মুক্তির আশা তিনি একরকম ছেড়েই দিয়েছেন। তবে শিগগিরই মামলার রায় শুনবেন এমন আশায় দিন গুনছেন তিনি।","বাংলাদেশে বহুল আলোচিত ২১ অগাস্টের গ্রেনেড হামলার মামলায় রাষ্ট্রপক্ষের কৌঁসুলিরা বলছেন, আগামী দু'মাসের মধ্যেই বিচারের রায় হতে পারে বলে তারা আশা করছেন।",বাংলাদেশে ২০০৪ সালে ঢাকার বঙ্গবন্ধু অ্যাভেনিউতে গ্রেনেড হামলার ঘটনায় আহতদের অনেকেই এখনও জীবন যাপন করছেন।,0.21621621621621623,0.057142857142857134,0.21621621621621623,0.7341506,15,22
"বিশ্বব্যাপী বয়ঃসন্ধি শুরুর সময়কাল এগিয়ে আসছে। ডেনমার্কে ১৬ হাজার মা ও শিশুর চিকিৎসা সম্পর্কিত উপাত্ত বিশ্লেষণ করে এমন ধারনা করছেন তারা। তাতে দেখা গেছে যেসব মায়েদের মাসিক তার বয়সী অন্য মেয়েদের তুলনায় আগে শুরু হয়েছে, তাদের জন্ম দেয়া ছেলেদের বগলের চুল একই বয়সী অন্য ছেলেদের তুলনাই আড়াই মাস আগে গজাতে শুরু করেছে। তাদের গলার স্বরে পরিবর্তন ও মুখে ব্রণ ওঠা শুরু হয়েছে আড়াই মাস আগে। প্রজনন বিষয়ক পত্রিকা হিউম্যান রিপ্রোডাকশন জার্নাল এই গবেষণাটি করেছে। আরো পড়ুন: যেভাবে কমানো হচ্ছে শিশুদের স্থূলতা ক্যান্সারের ঝুঁকি: 'অতিরিক্ত ওজন নারীদের জন্য বেশি মারাত্মক' প্রজনন স্বাস্থ্য নিয়ে কেন সামাজিক জড়তা? কি বলছে গবেষণা? গবেষণাটির সাথে জড়িত ডঃ নিস ব্রিক্স বলছেন, ""বয়ঃসন্ধিকাল আগে বা পরে শুরু হয়েছে এমন রোগীদের সঙ্গে যখন চিকিৎসকেরা দেখা করেছেন তখন তারা তাদের পারিবারিক ও বংশগত ইতিহাস সংগ্রহ করেছেন। মায়ের বয়ঃসন্ধিকালের সাথে এই যে সম্পর্কে সেনিয়ে একটি প্রচলিত ধারনা ছিল। কিন্তু এখন আমাদের প্রাপ্ত উপাত্ত তা প্রমাণ করছে।"" শরীরের অধিক ওজনের সাথে বয়ঃসন্ধিকাল আগে পরে শুরুর সম্পর্ক রয়েছে। বিশ্বব্যাপী বয়ঃসন্ধি শুরুর সময়কাল এগিয়ে আসছে। যুক্তরাজ্যে গত এক দশক আগে যখন ছেলে মেয়েদের বয়ঃসন্ধিকাল শুরু হতো, এখন তার থেকে এক মাস মতো আগে তা শুরু হচ্ছে। সেখানে মেয়েদের বয়ঃসন্ধিকাল শুরুর গড় বয়স ১১ বছর। আর ছেলেদের তা ১২ বছর। উন্নত স্বাস্থ্য ও পুষ্টিকর খাবারের সাথে এর সম্পর্ক রয়েছে বলে বিশেষজ্ঞরা মনে করেন। কিন্তু বয়ঃসন্ধিকাল আগে পরে শুরু হওয়ার সাথে শরীরের অধিক ওজন বা স্থূলতারও সম্পর্ক রয়েছে বলে মনে করা হচ্ছে। ২০১৫ সালে করা এক গবেষণায় দেখা গেছে বয়ঃসন্ধিকাল আগে বা পরে শুরু হওয়ার সাথে ডায়াবেটিস, স্থূলতা, হৃদরোগের সম্পর্ক রয়েছে। নারীদের মেনোপজ আগে হওয়ার সাথেও স্থূলতার সম্পর্ক পাওয়া গেছে। মেয়েদের বয়ঃসন্ধি পারিপার্শ্বিক পরিবেশ ও শরীরের বৃদ্ধির উপর বেশি নির্ভরশীল। মানসিক স্বাস্থ্য ও বয়ঃসন্ধিকাল ৮ থেকে ১১ বছরের মধ্যে যদি মেয়েদের বয়ঃসন্ধিকাল শুরু হয়ে যায় তাহলে সেটিকে বলা হচ্ছে আগেভাগে শুরু হওয়া। আর যদি তা শুরু হতে ১৫ থেকে ১৯ বছর লেগে যায় তাহলে সেটিকে বলা হচ্ছে সময়ের চেয়ে দেরিতে শুরু হওয়া। ছেলেদের জন্য সাধারণ বয়ঃসন্ধিকাল হল ৯ থেকে ১৪ বছর। এই বছরের জানুয়ারি মাসে যুক্তরাষ্ট্রে প্রকাশিত এক গবেষণায় বলা হয়েছে মেয়েদের আগে বয়ঃসন্ধিকাল শুরুর সাথে কৈশোরে ও প্রাপ্তবয়স্ক হওয়ার পর তার মানসিক স্বাস্থ্যের সম্পর্ক রয়েছে। ২০১৬ সালে করা একটি গবেষণার মুল গবেষকদের একজন, কোপেনহেগেন বিশ্ববিদ্যালয়ের ডঃ ক্রিস্টিন উল্ফহার্ট বলছেন, মেয়েদের বয়ঃসন্ধিকাল কখন শুরু হবে তার সাথে বাবা মায়ের জিনের প্রভাব কম। বরং পারিপার্শ্বিক পরিবেশ ও শরীরের বৃদ্ধির উপর তা বেশি নির্ভরশীল। অন্যান্য খবর: সমলিঙ্গের মানুষ থেকে কি বাচ্চা জন্ম দেয়া সম্ভব দালাইলামার ব্যক্তিগত জীবন আসলে কেমন? যে কারণে ঘন ঘন ঘূর্ণিঝড় হচ্ছে",মায়ের প্রথম মাসিক যে বয়সে হয়েছে তার সাথে ছেলের বয়ঃসন্ধিকাল কবে শুরু হবে তার একটি সম্পর্ক রয়েছে বলে মনে করছেন বিজ্ঞানীরা।,মায়ের বয়ঃসন্ধিকালের সাথে তার জন্ম দেয়া ছেলেদের বগলের চুল আগে গজাতে শুরু করেছে বলে একটি গবেষণায় উঠে এসেছে।,0.30769230769230765,0.0,0.20512820512820512,0.76385844,18,21
"প্রেসিডেন্ট ট্রাম্প ও মার্কিন পররাষ্ট্রমন্ত্রী মাইক পম্পেও। এর কারণ হিসেবে তিনি বলছেন, সৌদি আরবের প্রতি ইরানের হুমকি বেড়েই চলেছে। কংগ্রেসকে পাশ কাটিয়েই সৌদি আরবের কাছে আটশো কোটি ডলারের অস্ত্র বিক্রি করা হচ্ছে। এজন্যে তিনি এমন একটি আইনের আশ্রয় নিতে যাচ্ছেন যেটি সচরাচর ব্যবহার করা হয় না। প্রেসিডেন্ট ট্রাম্প বলছেন, ইরানের সাথে উত্তেজনা এমন এক পর্যায়ে গিয়ে পৌঁছেছে যে সেটা জাতীয়ভাবে জরুরী বিষয় হয়ে দাঁড়িয়েছে। প্রেসিডেন্টের এই সিদ্ধান্তে অনেকেই ক্ষোভ প্রকাশ করেছেন। তারা মনে করছেন সৌদি নেতৃত্বাধীন সামরিক বাহিনী এসব অস্ত্র ইয়েমেনের বেসামরিক লোকজনের বিরুদ্ধে ব্যবহার করতে পারে। বিরোধী ডেমোক্র্যাট দলের অনেক নেতা কংগ্রেসকে পাশ কাটিয়ে সৌদি আরবের কাছে অস্ত্র বিক্রির উদ্যোগের তীব্র সমালোচনা করেছেন। তারা বলছেন, প্রস্তাবটি ক্যাপিটল হিলে উত্থাপন করা হলে এর বিরোধিতা করা হতো। খবরে বলা হচ্ছে, সৌদি আরব ছাড়াও যুক্তরাষ্ট্র সংযুক্ত আরব আমিরাত ও জর্ডনের কাছে প্রচুর অস্ত্র বিক্রি করতে যাচ্ছে। কংগ্রেসের সদস্যরা সৌদি আরবে মানবাধিকার পরিস্থিতির কড়া সমালোচনা করেছেন। বিশেষ করে ইয়েমেন যুদ্ধে দেশটির ভূমিকা এবং গত বছরের অক্টোবর মাসে তুরস্কের ইস্তাম্বুল শহরে সৌদি সাংবাদিক জামাল খাসোগজিকে হত্যাকাণ্ডের ঘটনায়। এই অস্ত্র বিক্রির সিদ্ধান্তের কথা পররাষ্ট্রমন্ত্রী মাইক পম্পেও শুক্রবারই কংগ্রেসকে অবহিত করেছেন। এক চিঠিতে তিনি সেটা জানিয়েছেন বলে মার্কিন সংবাদ মাধ্যমে উল্লেখ করা হয়েছে, যাতে তিনি বলেছেন, ""ইরানের শত্রুতামূলক তৎপরতার কারণে অনতিবিলম্বে অস্ত্র বিক্রয়ের এই সিদ্ধান্ত নেওয়া হয়েছে।"" ""ইরানের নানা তৎপরতা মধ্যপ্রাচ্যের স্থিতিশীলতার জন্যে বড় ধরনের হুমকি হয়ে দাঁড়িয়েছে। হুমকি হয়ে উঠেছে যুক্তরাষ্ট্রের নিরাপত্তার ব্যাপারেও। দেশের ভেতরে ও বাইরে,"" লিখেছেন তিনি। তিনি বলেছেন, ইরান যাতে উপসাগরীয় অঞ্চলে এবং মধ্যপ্রাচ্যে 'দুঃসাহসিক' কোন তৎপরতা চালাতে না পারে - সেজন্য যতো দ্রুত সম্ভব এসব অস্ত্র বিক্রি করতে হবে। এ মাসের শুরুর দিকে ভূমধ্যসাগরে বিমানবাহী রণতরী মোতায়েন করেছে যুক্তরাষ্ট্র আরো পড়তে পারেন: আমেরিকার সাথে যুদ্ধ হলে ইরান ধ্বংস হবে - ট্রাম্প ইরানের সাথে যুদ্ধ চায় না আমেরিকা- মার্কিন পররাষ্ট্রমন্ত্রী ইরানকে ঘিরে মার্কিন যুদ্ধ প্রস্তুতি- উদ্দেশ্য কী খবরটি প্রকাশের সাথে সাথেই এর বিরোধিতা করে সিদ্ধান্তের তীব্র সমালোচনা হচ্ছে। ডেমোক্র্যাট দলের সেনেটর রবার্ট মেনেন্দেজ বলেছেন যে প্রেসিডেন্ট ট্রাম্প 'কর্তৃত্ববাদী দেশগুলোকে সুবিধা' দিচ্ছেন। ""আমাদের জাতীয় নিরাপত্তা স্বার্থকে অগ্রাধিকার দিতে তিনি আবারও ব্যর্থ হয়েছেন। মানবাধিকার রক্ষায় তিনি ব্যর্থ হচ্ছেন,"" এক বিবৃতিতে একথা বলেছেন এই ডেমোক্র্যাট সেনেটর। রিপাবলিকান সেনেটর জিম রিশ বলছেন, এমন একটি খবরের কথা ট্রাম্প প্রশাসন থেকেও তাকে জানানো হয়েছে। তিনি এখন এর আইনগত যৌক্তিকতা যাচাই করে দেখছেন। ইরানও এই সিদ্ধান্তের প্রতিবাদ জানিয়েছে। পররাষ্ট্রমন্ত্রী জাভাদ জারিফ বলেছেন, আন্তর্জাতিক শান্তির জন্যে এটা এক বিপদজনক সিদ্ধান্ত। মধ্যপ্রাচ্যে মার্কিন সামরিক শক্তি বাড়ানোর কথা ঘোষণা করার পরপরই সৌদি আরবের কাছে অস্ত্র বিক্রির এই সিদ্ধান্তের কথা জানানো হলো। এর আগে যুক্তরাষ্ট্রের পক্ষ থেকে বলা হয়েছে যে তারা মধ্যপ্রাচ্যে আরো যুদ্ধবিমান ও ড্রোন মোতায়েন করবে। পাঠাবে আরো দেড় হাজারের মতো মার্কিন সৈন্য। আরো পড়তে পারেন: যে ব্যাঙ নিখুঁতভাবে প্রেগনেন্সি পরীক্ষা করতে পারে মধ্যপ্রাচ্যে আরো সেনা পাঠাচ্ছে যুক্তরাষ্ট্র হিমালয়ের চূড়ায় পর্বতারোহীর এত ভিড় যে কারণে বিতর্ক কাটিয়ে মাশরাফীর আস্থা রাখতে পারবেন সাব্বির?",ইরানের সাথে উত্তেজনার মধ্যেই যুক্তরাষ্ট্রের প্রেসিডেন্ট ডোনাল্ড ট্রাম্প সৌদি আরবের কাছে শত শত ডলারের অস্ত্র বিক্রি অনুমোদন করতে যাচ্ছেন।,যুক্তরাষ্ট্রের প্রেসিডেন্ট ডোনাল্ড ট্রাম্প সৌদি আরবের কাছে অস্ত্র বিক্রির সিদ্ধান্তকে অবহিত করেছেন।,0.5161290322580646,0.41379310344827586,0.5161290322580646,0.84258795,12,19
"পাকিস্তানের আধ্যাত্মিকতায় এবং রাজনীতিতে দেশটির পীর বা সুফিসাধকদের প্রভাব রয়েছে অনেক পীর বা তাদের বংশধররা নিজেরাও সরাসরি নির্বাচনে অংশ নিচ্ছেন। ইসলামাবাদের উপকণ্ঠে একটি কমিউনিটি সেন্টার, যেখানে সাধারণত বিয়েশাদীর অনুষ্ঠান হয়, সেখানে অনুষ্ঠিত হয়েছে কয়েকশো পীর বা সুফি সাধকদের একটি সম্মেলন। সেই সঙ্গে এখানে সমবেত হয়েছেন কয়েকশো ভক্ত, যাদের মধ্যে রয়েছে ক্রিকেটার থেকে রাজনীতিবিদ বনে যাওয়া ইমরান খান। সেখানে অংশ নেয়া প্রভাবশালী গোরা শরীফ দরবারের পীর ঘোষণা করেন যেন, তার অনুসারীরা সবাই ইমরান খানের দলকে সমর্থন করে। এই ঘোষণার বিষয়ে তার একজন মুরিদ বলছেন, ''আমার যারা এখানে আছি, আমরা পীর সাহেবের গোলাম। তার আদেশ যাই হোক না কেন, আমরা আনন্দের সঙ্গে তা মেনে নেবো। সেটি ঠিক না ভুল, তা নিয়ে আমরা বিতর্কে যাবো না। তিনি যা বলবেন, আমরা তাই করবো।'' পাকিস্তানে অসংখ্য মানুষ পীর এবং তাদের আধ্যাত্মিকতার ওপর বিশ্বাস করেন এক গবেষণা অনুসারে, পাকিস্তানের পার্লামেন্টের মোট সদস্যের মধ্যে ১৬ শতাংশ পীর অথবা তাদের কোন বংশধর। তবে অনেক পীর নিজেরা সরাসরি নির্বাচনে অংশ না নিয়েও অন্য প্রার্থীদের নির্বাচন জয়ে সহায়তা করেন। ওই অনুষ্ঠানে বিবিসি সংবাদদাতার কথা হচ্ছিল ইমরান খানের দলের একজন প্রার্থীর ভাইয়ের সঙ্গে, যাকে একজন পীর সমর্থন দেয়ার আশ্বাস দিয়েছেন। তিনি বলছেন, ''পীর আমাদের সমর্থন দিতে রাজি হয়েছেন। আজ সকালেই তার সঙ্গে আমাদের কথা হয়েছে। তিনি এখন এখানে সেই ঘোষণা দেবেন। '' এই ধরণের আধ্যাত্মিকতার বিষয়টি এখনো পাকিস্তানে ব্যাপকভাবে প্রচলিত, ফলে পীরদের প্রভাবও ব্যাপক। এর সঙ্গে জড়িত রয়েছে টাকা আর জমি লেনদেনের বিষয়টিও। কোন প্রার্থী বিজয়ী হতে পারে, সেটা দেখে প্রায়ই এই পীররা তাদের সমর্থন পরিবর্তন করেন। কেন তারা এখন ইমরান খানকে সমর্থন দেয়ার সিদ্ধান্ত নিয়েছেন, একজন পীরের কাছে জানতে চেয়েছিলেন সংবাদদাতা। তিনি বলছেন, '' আমার একদিনেই এই সিদ্ধান্ত নেইনি। গুরুত্বপূর্ণ ইসলামিক স্কলারের সঙ্গে আলাপ আলোচনার পর আমরা এই সিদ্ধান্ত নিয়েছি। এখন তারা সবাই নিজেদের এলাকায় ফিরে যাবে এবং তাদের ভক্ত অনুসারীদের ইমরান খানকে ভোট দেয়ার জন্য বলবে।'' তিনি মনে করেন, রাজনীতি আর ধর্ম পরস্পর জড়িত বিষয়, অনেকটা রেললাইনের দুইটি লাইনের মতো। পাকিস্তানের অনেক পীরের সমর্থন আদায় করতে পেরেছেন সাবেক ক্রিকেটার এবং রাজনীতিবিদ ইমরান খান সমাবেশে ইমরান খান ঘোষণা দিচ্ছেন, তিনি পাকিস্তানকে একটি ইসলামিক কল্যাণ রাষ্ট্র বানাতে চান। এর আগের ক্ষমতাসীন দল পিএমএল (এন) পার্টিও অতীতে এই ধর্মীয় গোষ্ঠীর বেশিরভাগ সমর্থন পেয়েছিল। কিন্তু এখন মি. খান সেই সমর্থন আদায় করে নিয়েছেন। এর কারণ ব্যাখ্যা করছিলেন ইমরান খানের দলের একজন নেতা শিবলি ফারাজ। মি. ফারাজ বলছেন, ''এটা একটি ধর্মপ্রাণ সমাজ, সুতরাং আমরা সমাজের প্রতিটি ক্ষেত্রের মানুষের কাজে যাবার চেষ্টা করছি। পীররা আমাদের সমাজে এখনো অত্যন্ত প্রভাবশালী ব্যক্তি, তারা অনেক ভোট সংগ্রহ করতে পারেন। তাদের ভক্তদের ওপর তাদের অনেক প্রভাব রয়েছে। আর এটাই পাকিস্তানী রাজনীতির বাস্তবতা।'' তবে তিনিও মনে করেন, সময়ের সঙ্গে সঙ্গে একদিন এসব আধ্যাত্মিকতা বাদ দিয়ে প্রার্থীদের যোগ্যতার বিষয়টি ভোটারদের কাছে প্রাধান্য পাবে। শিক্ষা, সচেতনতা আর ইন্টারনেট ব্যবহার বৃদ্ধির সঙ্গে সঙ্গে পীরদের প্রভাব এখন অনেক চ্যালেঞ্জের মধ্যে পড়েছে। তবে এখনো পীররা পাকিস্তানের আধ্যাত্মিকতা আর রাজনীতির গুরুত্বপূর্ণ অংশ হিসাবেই রয়েছেন।",পাকিস্তানে আগামী বুধবার সাধারণ নির্বাচন অনুষ্ঠিত হতে যাচ্ছে। আর এই নির্বাচনে প্রার্থীদের প্রচারণায় গুরুত্বপূর্ণ হয়ে উঠেছেন দেশটির অসংখ্য সুফি নেতা বা পীররা। তারা বিভিন্ন প্রার্থীর পক্ষে তাদের সমর্থন ঘোষণা করে তাদের পক্ষে ভক্ত অনুসারীদের ভোট দেয়ার আদেশ দিচ্ছেন।,"পাকিস্তানের রাজধানী ইসলামাবাদে পীর বা সুফিসাধকরা ঘোষণা করেছেন যেন, তাদের অনুসারীরা সবাই ইমরান খানের দলকে সমর্থন করে।",0.14545454545454545,0.0,0.10909090909090909,0.72817725,17,38
"জাতিসংঘের ৭৪তম সাধারণ পরিষদে বাংলাদেশের প্রধানমন্ত্রী শেখ হাসিনা শেখ হাসিনা বলেন, ""এই সমস্যা এখন আর বাংলাদেশে রোহিঙ্গাদের ক্যাম্পের মধ্যে সীমাবদ্ধ থাকছে না।"" ""সকল প্রচেষ্টা সত্ত্বেও বিষয়টি এখন আঞ্চলিক নিরাপত্তার বিষয় হয়ে দাঁড়িয়েছে। পাশাপাশি এই এলাকার পরিবেশ, স্বাস্থ্য ও নিরাপত্তাও ঝুঁকির সম্মুখীন হচ্ছে।"" জাতিসংঘ ও বিভিন্ন আন্তর্জাতিক সংস্থার চাপের মুখে রোহিঙ্গাদের ফিরিয়ে নিতে মিয়ানমার রাজি হলেও কার্যত দুই দফায় প্রত্যাবাসনের উদ্যোগ নিয়েও একজন রোহিঙ্গাকেও স্বেচ্ছায় রাখাইনে ফেরত পাঠানো সম্ভব হয়নি। এই বিষয়টি তুলে ধরে প্রধানমন্ত্রী শেখ হাসিনা বলেন, ""যদিও রোহিঙ্গা সমস্যা বিলম্বিত হয়ে তিন বছরে পদার্পন করেছে, কিন্তু মিয়ানমারের রাখাইন প্রদেশে সুরক্ষা, নিরাপত্তা ও চলাফেরার স্বাধীনতা এবং সামগ্রিকভাবে অনুকূল পরিবেশ সৃষ্টি না হওয়ায় এখন পর্যন্ত একজন রোহিঙ্গাও মিয়ানমারে ফিরে যায়নি। আমি অনুরোধ করব এই সমস্যার, অনিশ্চয়তার বিষয়টি যেন সকলে অনুধাবন করেন।"" শেখ হাসিনা বলেন, ""আমরা এমন একটি সমস্যার বোঝা বহন করে চলেছি যা মিয়নামারের তৈরি। এটি সম্পূর্ণ মিয়ানমার এবং তার নিজস্ব নাগরিক রোহিঙ্গাদের মধ্যকার একটি সমস্যা। তাদের নিজেদেরই এর সমাধান করতে হবে।"" তিনি বলেন, ''এটা সম্পূর্ণভাবে মিয়ানমার এবং তার নিজস্ব নাগরিক রোহিঙ্গাদের মধ্যকার একটি সমস্যা। তাদের নিজেদেরই এর সমাধান করতে হবে। রোহিঙ্গাদের নিরাপদ, সুরক্ষিত ও সম্মানের সঙ্গে স্বেচ্ছায় রাখাইনে নিজ বাড়িতে ফিরে যাওয়ার মাধ্যমেই এই সমস্যার সমাধান সম্ভব।'' আরো পড়ুন: রোহিঙ্গা ইস্যুতে শেখ হাসিনার প্রস্তাব কতটা বাস্তবায়ন হয়েছে রোহিঙ্গা শিক্ষার্থীদের পড়াশোনার সুযোগ কতটা? মিয়ানমারে সরকারি স্থাপনা তৈরির জন্য রোহিঙ্গা গ্রাম ধ্বংস মিয়ানমারে রোহিঙ্গাদের ওপর নির্যাতন শুরু হওয়ার পর লাখ লাখ রোহিঙ্গা বাংলাদেশে এসে আশ্রয় নেয় বাংলাদেশ সময় ভোর সাড়ে ৪টা নাগাদ ভাষণ দিতে দাঁড়িয়ে প্রধানমন্ত্রী শেখ হাসিনা বলেন, ''এটা সত্যিই দুঃখজনক যে, রোহিঙ্গা সংকটের সমাধান না হওয়ায় আজ এই মহান সভায় বিষয়টি আমাকে পুনরায় উত্থাপন করতে হচ্ছে। ১১ লাখ রোহিঙ্গা আমাদের আশ্রয়ে রয়েছে। হত্যা নির্যাতনের কারণে তারা পালিয়ে আসতে বাধ্য হয়েছে।'' রোহিঙ্গাদের মিয়ানমারের রাখাইনে ফিরে যাওয়া নিশ্চিত করতে চারটি সুপারিশ তুলে ধরেন বাংলাদেশের প্রধানমন্ত্রী। তিনি বলেন, '' এর আগে জাতিসংঘ সাধারণ পরিষদের ৭২তম অধিবেশনে রোহিঙ্গা সমস্যা সমাধানে কফি আনান কমিশনের সুপারিশগুলোর সম্পূর্ণ বাস্তবায়ন এবং রাখাইনে বেসামরিক ব্যবস্থাপনায় নিরাপত্তা বলয় প্রতিষ্ঠাসহ পাঁচটি দফার প্রস্তাব করেছিলাম। আজ আমি কিছু প্রস্তাব করছি: রোহিঙ্গাদের ফেরত নিতে মিয়ারমার বাংলাদেশের সঙ্গে একটি চুক্তি করলেও তার বাস্তবায়ন হয়নি। দুই দফায় রোহিঙ্গাদের প্রত্যাবাসনের দিনক্ষণ ঠিক করার পরেও নিরাপত্তার কারণে রোহিঙ্গাদের অনীহায় কাউকে ফেরত পাঠানো যায়নি। রোহিঙ্গা ইস্যু ছাড়াও জাতিসংঘের সাধারণ পরিষদে দেয়া ভাষণে শেখ হাসিনা বাংলাদেশের অর্থনৈতিক উন্নয়ন, দারিদ্র্য দূরীকরণে সাফল্য, স্বাস্থ্য ও শিক্ষাখাতে সাফল্য এবং টেকসই উন্নয়ন লক্ষ্যমাত্রা অর্জনের বিষয়গুলো তুলে ধরেন। এছাড়া মাদক ও দূর্নীতির বিরুদ্ধে বাংলাদেশ সরকারের চলমান অভিযান অব্যাহত থাকবে বলেও বক্তব্য উল্লেখ করেন তিনি। বিবিসি বাংলার অন্যান্য খবর: গুগল সম্পর্কে যে ২১টি তথ্য আপনার হয়তো অজানা ক্যাসিনো অবৈধ হলে উপকরণ বৈধ ছিলো কেন? কৈশোরে পা দেবার আগেই অন্ধকার জীবন সৌদি আরবে কি এবার বিদেশি পর্যটক দেখা যাবে?",বাংলাদেশের প্রধানমন্ত্রী শেখ হাসিনা জাতিসংঘের ৭৪তম সাধারণ পরিষদের ভাষণে রোহিঙ্গা প্রসঙ্গ উত্থাপন করে বলেন যে মিয়ানমার ও তাদের নাগরিকদের মধ্যকার সমস্যার বোঝা বহন করতে হচ্ছে বাংলাদেশকে। আন্তর্জাতিক সম্প্রদায়ের কাছে তিনি আহ্বান রাখেন যেন তারা এই সংকটের বিষয়টি উপলব্ধি করে।,"জাতিসংঘের ৭৪তম সাধারণ পরিষদে বাংলাদেশের প্রধানমন্ত্রী শেখ হাসিনা বলেছেন, মিয়ানমারের রাখাইন প্রদেশে রোহিঙ্গা সমস্যা এখন আঞ্চলিক নিরাপত্তার বিষয় হয়ে দাঁড়িয়েছে।",0.27118644067796605,0.17543859649122803,0.1694915254237288,0.79509765,20,39
"অযোধ্যায় জড় হচ্ছে কট্টর হিন্দু দুই সংগঠনের কর্মীরা রবিবার দুটি হিন্দুত্ববাদী সংগঠনের ডাকা পৃথক সমাবেশে কয়েক লক্ষ মানুষ সেখানে রামমন্দির তৈরির দাবি নিয়ে হাজির হবে বলে ধারণা করা হচ্ছে। ইতিমধ্যেই মহারাষ্ট্র থেকে বিশেষ ট্রেনে চেপে কট্টর হিন্দু সংগঠন শিবসেনার কয়েক হাজার সমর্থক হাজির হয়েছেন। শনিবার বিকেলে অযোধ্যায় পৌঁছিয়েছেন শিবসেনা প্রধান উদ্ধব ঠাকরেও। অন্য দিকে আর এস এসের সহযোগী ও কট্টর হিন্দু সংগঠন বিশ্ব হিন্দু পরিষদও রবিবার রাম মন্দির কীভাবে তৈরি করা যায়, তা নিয়ে জনমত জানতে ডেকেছে বিশাল ধর্ম সভা। আর এই পরিস্থিতিতেই অযোধ্যার মানুষের মনে নতুন করে আশঙ্কা তৈরি হয়েছে যে আবারও সেই ১৯৯২ সালের ৬ডিসেম্বরের মতো ঘটনা না ঘটে। আরও পড়ুন: অফিসার্স ক্লাবে ‘গোপন বৈঠক’: কে কী বলছে? দাঙ্গা-সহিংসতার তান্ডব কেন বারবার মুম্বাইতেই? অযোধ্যায় শিবসেনার বিশাল পোস্টার নারী ও শিশুদের নিরাপত্তা নিয়ে শঙ্কা ইশতিয়াক আহমেদ নামে অযোধ্যার এক বাসিন্দা বিবিসিকে বলেছিলেন, ""যেভাবে ভিড় বাড়ছে, তাতে আমাদের অনেকের মনেই একটা সন্দেহ হচ্ছে আবার ৯২ এর মতো কিছু ঘটে যাবে না তো? অনেকেই বাচ্চা আর নারীদের বাইরে পাঠিয়ে দিয়েছে। ঘরে খাবার মজুত করে রেখেছি আমরা সবাই।"" কোনও অপ্রীতিকর পরিস্থিতি যাতে তৈরি না হয়, তার জন্য লাখ খানেক নিরাপত্তা কর্মী অযোধ্যায় নিয়ে যাওয়া হয়েছে। এর মধ্যে রাজ্য সশস্ত্র পুলিশ যেমন আছে, তেমনই রয়েছে কেন্দ্রীয় রিজার্ভ পুলিশও। ""নিরাপত্তা ব্যবস্থা তো সরকার ভালই করেছে। প্রচুর পুলিশ। সরকার আশ্বস্তও করছে আমাদের। কিন্তু একবার কল্যাণ সিংয়ের সরকারের কাছে তো ৯২ সালে আমরা ধোঁকা খেয়েছি। তখনও তো আমাদের আশ্বস্ত করা হয়েছিল। তাই আবারও কোনও ঝামেলা হবে না তো? এই ভয় তো রয়েইছে,"" বলছিলেন শের আলি। অযোধ্যায় কয়েকদিন ধরেই অবস্থান করছেন বিবিসি হিন্দি বিভাগের সংবাদদাতা সমীরাত্মজ মিশ্র। তিনি টেলিফোনে বলছিলেন, ""প্রচুর পুলিশ রয়েছে চারদিকে। অশান্তি এড়াতে ১৪৪ ধারা জারী করা হয়েছে যাতে দুটি সংগঠনের কেউই সভা না করতে পারে। তা স্বত্বেও সাধারণ মানুষের মনে একটা আতঙ্ক তৈরি হয়েছে - এটা আমি হিন্দু আর মুসলমান - উভয় ধর্মের মানুষের সঙ্গেই কথা বলতে গিয়ে বুঝতে পেরেছি গত কদিনে।"" দুটি হিন্দুত্ববাদী সংগঠনেরই দাবি একই - রাম মন্দির গড়তে হবে। লাখ খানেক নিরাপত্তা রক্ষী জড় করা হয়েছে অযোধ্যায় শিবসেনা বিজেপির সঙ্গে সরকারে রয়েছে কেন্দ্রে। তবু তারা নিয়মিত সরকারের কাজের সমালোচনা করে থাকে। রাম মন্দির ইস্যুতেও তারা সরকারের দিকে প্রশ্ন তুলেছে যে এতদিন ধরে নরেন্দ্র মোদী মন্দির তৈরির জন্য কেন কিছু করতে পারলেন না। অযোধ্যায় যে সব হোর্ডিং দেওয়া হয়েছে শিবসেনা নেতা উদ্বব ঠাকরের সভার, সেখানেও লেখা হয়েছে, 'মন্দির আগে, সরকার পরে'। রাম মন্দির নিয়ে বিব্রতকর প্রশ্ন তুলে ইস্যুটাকে যাতে হাইজ্যাক করে না নিতে পারে শিবসেনা, সেজন্য আর এস এসের সহযোগী সংগঠন বিশ্ব হিন্দু পরিষদ তড়িঘড়ি পাল্টা 'ধর্মসভা' ডেকেছে একই দিনে, অযোধ্যাতেই। সেখানে তারা ধর্মগুরু আর সাধারণ মানুষের মতামত জানতে চাইবে প্রকাশ্যে যে কিভাবে রামমন্দির তৈরির দিকে এগোনো যায়। তারা ঘোষণা করেছে, এটাই হবে মন্দির তৈরির আগে 'শেষ সমাবেশ'। এরপরে আর কোনও ধর্না, সভা, সমাবেশ নয় - শুধুই মন্দির নির্মাণের কাজে এগোনো হবে। তবে রবিবার কয়েক লক্ষ মানুষের মধ্যে থেকে কেউ যাতে বিতর্কিত রামমন্দির-বাবরি মসজিদ চত্বরের দিকে না যেতে পারে, তার জন্য ওই অঞ্চলকে 'হাই সিকিউরিটি জোন' বলে ঘোষণা করেছে পুলিশ।","১৯৯২ সালের ৬ডিসেম্বর যা ঘটেছিল, তারই পুনরাবৃত্তি হবে না তো রবিবার? - এই আশঙ্কাতেই ভুগছেন উত্তরপ্রদেশের অযোধ্যার মানুষ।",ভারতের উত্তর-পূর্বাঞ্চলীয় রাজ্য অযোধ্যায় রামমন্দির তৈরির দাবিতে গত কয়েকদিন ধরে ব্যাপক ভিড় বাড়ছে।,0.0,0.0,0.0,0.66949797,13,18
"স্টিফেন হকিং ইংল্যান্ডের কেমব্রিজ বিশ্ববিদ্যালয়ের ওয়েবসাইটে অধ্যাপক হকিং-এর ১৯৬৬ সালে পিএইচডি থিসিস প্রকাশ করা হয় গত সোমবার। প্রথম দিনেই এত লোক এটা পড়ার জন্য হুমড়ি খেয়ে পড়েন যে ওয়েবসাইটটি ক্র্যাশ করে। কেম্ব্রিজের একজন অধ্যাপক ড. আর্থার স্মিথ বলেন, 'এটা এক বিরাট ব্যাপার। আমাদের বিশ্ববিদ্যালয়ের সংগ্রহশালায় যত গবেষণাপত্র আছে তার কোনটিই এত লোক দেখেন নি। হয়তো পৃথিবীর কোথাও এমন ঘটনা ঘটেনি।"" 'এটি আমার মৌলিক কাজ' - গবেষণাপত্রে স্টিফেন হকিংএর হস্তাক্ষর কর্তৃপক্ষ বলছে, পৃথিবীর নানা প্রান্ত থেকে লোকেরা এটি দেখেছেন। অন্তত ৫ লক্ষ লোক এটি ডাউনলোড করার চেষ্টা করেছেন। 'সম্প্রসারণশীল মহাবিশ্বের বৈশিষ্ট্য' নামের ১৩৪ পাতার এই থিসিসটি লেখার সময় স্টিফেন হকিং ছিলেন কেম্ব্রিজের ট্রিনিটি হলের পোস্ট গ্রাজুয়েটের ছাত্র। তার বয়েস তখন ছিল ২৪ বছর। থিসিসের প্রথম পাতা স্টিফেন হকিং-এর লেখা বই 'এ ব্রিফ হিস্ট্রি অব টাইম' ১৯৮৮ সালের বেরুনোর পর তা এক কোটি কপিরও বেশি বিক্রি হয়েছে। তিনি ১৯৬৩ সালে মোটর নিউরন ডিজিজ নামে এক রোগে আক্রান্ত হন। তখন ডাক্তাররা বলেছিলেন যে তিনি আর দু' বছর বাঁচবেন। ওই রোগের ফলে স্টিফেন হকিং এখন হুইলচেয়ারে চলাফেরা করেন এবং কম্পিউটারের সাহায্যে কথা বলেন। তার বয়েস এখন ৮৪। তার জীবন নিয়ে ২০১৪ সালে 'দি থিওরি অব এভরিথিং' নামে একটি চলচ্চিত্র তৈরি হয়েছে।","বিজ্ঞানী স্টিফেন হকিংএর পিএইচডি থিসিস অনলাইনে প্রকাশ করার পর মাত্র কয়েক দিনে তা দেখেছেন ২০ লক্ষেরও বেশি লোক - বলা হচ্ছে, কোন গবেষণাপত্র নিয়ে এত লোকের আগ্রহী হয়ে ওঠা এর আগে আর কখনোই দেখা যায় নি।",মার্কিন ক্রিকেটার স্টিফেন হকিং-এর ১৯৬৬ সালে লেখা পিএইচডি থিসিস পৃথিবীর সবচেয়ে বেশি লোক দেখেছেন।,0.2,0.08333333333333333,0.2,0.72830755,14,36
"বাংলাদেশ ভারত সম্পর্ক নিয়ে নানা আলোচনার পটভূমিতে হঠাৎ ঢাকায় উড়ে এসেছিলেন ভারতের পররাষ্ট্র সচিব হর্ষ বর্ধন শ্রিংলা। বাংলাদেশের পররাষ্ট্র সচিব মাসুদ বিন মোমেন বলেছেন, নানা আলোচনার বিপরীতে দুই দেশের ''ভাল সম্পর্কের'' বিষয়টিকে মূলধারার সংবাদমাধ্যমে নিয়মিত তুলে ধরার ব্যাপারে তারা একমত হয়েছেন। ভারতের পররাষ্ট্র সচিব হর্ষ বর্ধন শ্রিংলা বলেছেন, দুই দেশের মধ্যে এখন যে কোন সময়ের তুলনায় ভাল সম্পর্ক রয়েছে। তিনি এটাকে ''সোনালি অধ্যায়'' হিসাবে বর্ণনা করেছেন। করোনাভাইরাস মহামারির মধ্যে ঢাকায় দুই দিনের আকস্মিক সফরে এসে মি: শ্রিংলা বাংলাদেশের প্রধানমন্ত্রীর সাথেও দেখা করে ভারতের প্রধানমন্ত্রীর বার্তা দিয়েছেন বলে বলা হচ্ছে। কিন্তু সে বার্তার ব্যাপারে স্পষ্ট করে কিছু বলা হয়নি। যদিও দুই দেশের পররাষ্ট্র সচিবরা এখন ''ভাল সম্পর্ক'' ও ''সোনালি অধ্যায়ের'' কথা বলেছেন, কিন্তু বাস্তবতার প্রেক্ষাপটে দুই দেশের সম্পর্কের শীতলতা কাটাতে মি. শ্রিংলার এই সফর কার্যকর হবে কিনা-সেই সন্দেহ রয়েছে বিশ্লেষকদের। রাজনৈতিক বিশ্লেষক অধ্যাপক রওনক জাহান মনে করেন, বড় দেশ হিসাবে ভারত প্রতিবেশি ছোট দেশগুলোর সমর্থন তাদের পেছনে আছে বলে এরকম ধরেই নিয়েছে। কিন্তু ""বাংলাদেশের জনগণ গত কয়েক বছরে ভারতের বিভিন্ন নীতির কারণে অনেক ক্ষুব্ধ হয়েছে।"" তিনি বলেন তিস্তা চুক্তি, রোহিঙ্গা প্রসঙ্গে আন্তর্জাতিক ভাবে বাংলাদেশ কাঙ্ক্ষিত সমর্থন ভারতের কাছে পায়নি। তিনি বলেন তবে তারপরেও প্রতিবেশিদের মধ্যে ভারতের সবচেয়ে ভাল বন্ধু যদি কেউ থাকে সেটা হল বাংলাদেশ এবং বাংলাদেশ কখনই আগ বাড়িয়ে কোন পদক্ষেপ নেবে না যেখানে ভারতের সাথে তাদের সম্পর্ক খারাপ হয়। রওনক জাহান বলেন, কিন্তু তার মানে এই নয় যে বাংলাদেশ যদি নিজের স্বার্থে কখনও মনে করে যে চীনের সাথে তাদের সম্পর্ক উন্নয়ন করতে হবে, সেটা বাংলাদেশকে করতে হবে। ভারতের আচরণের কারণে দক্ষিণ এশিয়ার দেশগুলোতে চীন একটা জায়গা করে নিচ্ছে। এই অঞ্চলে নেপাল -শ্রীলংকাও চীনের দিকে ঝুঁকে পড়ছে বলে বিশ্লেষকরা মনে করছেন। রওনক জাহান বিবিসি বাংলাকে বলেছেন, প্রতিবেশি দেশগুলোর সাথে সম্পর্কের ঘাটতির বিষয়টা হয়তো ভারত এখন অনুধাবন করছে। সেজন্য ভারত বাংলাদেশের সাথে সম্পর্কের শীতলতা হয়তো কাটানোর চেষ্টা করছে। কিন্তু ভারত আচরণ পরিবর্তন না করলে শুধু আলোচনা করে বা ভাল ভাল কিছু কথা বলেই সম্পর্কের ক্ষেত্রে অস্বস্তি দূর করা যাবে না বলে বিশ্লেষকরা মনে করেন। যখন দুই দেশের সম্পর্ক নিয়ে ভিন্ন এক প্রেক্ষাপট আলোচনায় এসেছে। মহামারি পরিস্থিতি সামাল দেয়া এবং ভ্যাকসিন ইস্যুতে বাংলাদেশ এবং চীনের সম্পর্ক ঘনিষ্ঠ হওয়ার বিষয়টি অনেক ক্ষেত্রে দৃশ্যমান হয়েছে। এছাড়া পাকিস্তানের সাথেও বাংলাদেশের সাম্প্রতিক যোগাযোগ ভারতের জন্য উদ্বেগের কারণ হতে পারে বলে বিশ্লেষকরা মনে করছেন। বাংলাদেশ ভারত সম্পর্ক নিয়ে সামাজিক মাধ্যমে যেমন নানা জল্পনা কল্পনা চলছে, একইসাথে সাম্প্রতিক সময়ে ভারতের গণমাধ্যমেও দেশটির রাজনৈতিক মহলের অস্বস্তির বিষয় শিরোনাম হয়েছে। করোনাভাইরাস দুর্যোগের পাঁচ মাস পর ভারতের পররাষ্ট্র সচিব এই প্রথম কোন দেশে অর্থাৎ বাংলাদেশে উড়ে এসেছেন। আর এমন পটভূমিতেই দুই দেশের সম্পর্কের বিষয়ই আলোচনায় অগ্রাধিকার পেয়েছে ঢাকায় দুই দেশের পররাষ্ট্র সচিবের বৈঠকে। বিবিসি বাংলায় আরও পড়তে পারেন: প্রতিবেশীদের সঙ্গে ভারতের সম্পর্কের অবনতি কেন ভারত ও চীনের সাথে কিভাবে ভারসাম্য করছে সরকার বাংলাদেশে চীনা ভ্যাকসিনের পরীক্ষা আটকে গেছে যে কারণে দিল্লিতে দুই প্রধানমন্ত্রী শেখ হাসিনা ও নরেন্দ্র মোদী। অক্টোবর, ২০১৯ বাংলাদেশের পররাষ্ট্র সচিব মাসুদ বিন মোমেন বলেছেন, নানা জল্পনা কল্পনার জবাবে তারা দুই দেশের ভাল সম্পর্কের বিষয় মূলধারার সংবাদ মাধ্যমে তুলে ধরার ব্যাপারে একমত হয়েছেন। ""দুই দেশের যে সমস্ত নিউজ পোর্টাল বা অন্যান্য যে সমস্ত সংবাদমাধ্যম বা সামাজিক মাধ্যমে ইদানিংকালে যে সব খবর আমরা দেখতে পেয়েছি, সে ব্যাপারে আমরা পরস্পরের দৃষ্টি আকর্ষণ করেছি। এবং আমরা একমত হয়েছি যে, আমাদের সম্পর্কের যে বর্তমান অবস্থা বা উন্নত অবস্থায় আমরা আছি, আমরা আপনাদের সাথে আলোচনার মাধ্যমে সেই ম্যাসেজটা যেন দিতে পারি।আমরা মূলধারার সংবাদ মাধ্যমে আমাদের ভাল সম্পর্কের বিষয় তুলে ধরবো।"" তিনি আরও জানিয়েছেন, বাংলাদেশের সাথে সম্পর্ক আরও বেগবান করার জন্য ভারতের প্রধানমন্ত্রী নরেন্দ্র মোদীর বার্তা নিয়ে দেশটির পররাষ্ট্র সচিব হর্ষ বর্ধন শ্রিংলা ঢাকায় এই ঝটিকা সফরে এসেছিলেন। মি: শ্রিংলা বাংলাদেশের প্রধানমন্ত্রী শেখ হাসিনার সাথেও দেখা করে প্রায় এক ঘন্টা সময় ধরে তারা আলোচনা করেছেন। কিন্তু প্রধানমন্ত্রীর সাথে সেই বৈঠকের কথা বাংলাদেশ সরকারের পক্ষ থেকে স্বীকারই করা হয়নি। আর ভারতের পক্ষ থেকে সেই বৈঠকের কথা বলা হলেও আলোচনা বিষয় স্পষ্ট করা হয়নি। তবে সফরের শেষদিনে বাংলাদেশের পররাষ্ট্র সচিবের সাথে বৈঠকের পর ভারতের সচিব মি: শ্রিংলা দুই দেশের সম্পর্ক নিয়ে সাংবাদিকদের প্রশ্নের মুখে পড়েছিলেন। তাতে তিনি বলেছেন, ""দুই দেশের মধ্যে যে কোন সময়ের তুলনায় এখন ভাল সম্পর্ক রয়েছে। এটা ''সোনালি অধ্যায় এবং আমরা এটা অব্যাহত রাখবো।"" দ্বিপাক্ষিক বিভিন্ন ইস্যু যেমন রোহিঙ্গা ইস্যুতে ভারতের সহযোগিতা এবং সীমান্তে মানুষ হত্যার বিষয়েও আলোচনা হয়েছে দুই সচিবের বৈঠকে। বাংলাদেশের পররাষ্ট্র সচিব মাসুদ বিন মোমেন বলেছেন, সীমান্তে মানুষ হত্যা নিয়ে বাংলাদেশের উদ্বেগ তারা তুলে ধরেছেন। ""ইরিটেন্স আছে আমাদের সম্পর্কের, যেমন বর্ডার কিলিংস একটা সমস্যা। সেই ব্যাপারেও আমি তার দৃষ্টি আকর্ষণ করেছি। আগামী মাসে বিজিবি এবং বিএসএফ এর ডিজি লেভেলের বৈঠকের চেষ্টা আমরা করবো।এ বছরের প্রথম ছয় মাসে সীমান্তে মৃত্যু বেড়েছে অতীতের যে কোন সময়ের তুলনায়। এটার ব্যাপারে আমাদের উদ্বেগ আমরা প্রকাশ করেছি।"" পাঁচ বছর আগে ঢাকায় প্রধানমন্ত্রী মোদীকে স্বাগত জানানোর আয়োজন ছিল, জুন ২০১৫। বাংলাদেশ এবং ভারতের বিভিন্ন পর্যায়ে বছরের পর বছর আলোচনা হলেও তিস্তা নদীর পানি বন্টন চুক্তি না হওয়া এবং দ্বিপাক্ষিক কিছু ইস্যুতে ভারতের ভূমিকা নিয়ে বাংলাদেশে এক ধরণের হতাশা রয়েছে। সেই পরিস্থিতিতে সম্পর্কও যখন প্রশ্নের মুখে পড়েছে, তখন ভারতের পররাষ্ট্র সচিবের এই আকস্মিক সফর বাংলাদেশকে আশ্বস্ত করার চেষ্টার অংশ ছিল বলে ঢাকায় কূটনিতিক সূত্রগুলো বলছে। কিন্তু আশ্বস্তের জায়গা কতটা সফল হয়েছে, সেই প্রশ্ন থেকেই যাচ্ছে।","বাংলাদেশ ভারত সম্পর্কের শীতলতা বা অস্বস্তি নিয়ে নানা জল্পনা কল্পনার মাঝে ঢাকায় দেশ দু'টির পররাষ্ট্র সচিবদের এক বৈঠক থেকে বলা হয়েছে, এ ধরণের আলোচনা ঠিক নয়।",বাংলাদেশ এবং ভারতের মধ্যে সম্পর্ক নিয়ে নানা আলোচনার পটভূমিতে হঠাৎ ঢাকায় উড়ে এসেছিলেন  ভারতীয় পররাষ্ট্র সচিব হর্ষ বর্ধন শ্রিংলা।,0.2222222222222222,0.046511627906976744,0.2222222222222222,0.74424165,19,26
"কাঠমান্ডু পশ্চিমা ট্যুরিষ্টদের কাছেও সমান জনপ্রিয়। ট্র্যাভেল এজেন্টরা বলছেন, বাংলাদেশের মধ্যেও অভ্যন্তরীণ ফ্লাইটে অনেকেই ইউ-এস বাংলার টিকেট ফেরত দিয়ে অন্য কোন কোম্পানির ফ্লাইট নিচ্ছেন। আলিউল ইসলাম ভুঁইয়া পরিবারসহ নেপাল বেড়াতে যাবেন বলে সব কিছু ঠিকঠাক করে ফেলেছিলেন। কিন্তু কাঠমান্ডুতে বিমান দুর্ঘটনার পর পরিবারের সবাই মিলে সেই পরিকল্পনা ভয়ে বাতিল করে দিয়েছেন। তিনি বলছিলেন, ""ছেলে আর মেয়ে দুই বাচ্চার ২৩ তারিখ থেকে ৩১ তারিখ পর্যন্ত স্কুল বন্ধ। এত অল্প সময়ে কোথায় যাওয়া যায়? আমরা সিদ্ধান্ত নিলাম যে নেপালে যাবো। কিন্তু বাচ্চারা এবং আমার স্ত্রী এরা দুর্ঘটনার পর সেটি নিয়ে শোনার পরেই প্রোগ্রাম ক্যান্সেল করে দিয়েছে।"" তিনি বলছেন, ""একটা ভুলের কারণে এত বড় একটা দুর্ঘটনা হল, এতগুলা প্রাণ চলে গেলো এতে ওদের মনের ভেতরে একটা আতঙ্ক সৃষ্টি হয়েছে।"" নেপাল বাংলাদেশীদের জন্য জনপ্রিয় ভ্রমণ গন্তব্য। আহত বিমানযাত্রীকে দেখছেন স্বজনেরা। আরও দেখুন: 'চড়ুইপাখি মরে গেলে ক'দিন খায়নি পৃথুলা' মরদেহ সনাক্ত কঠিন হচ্ছে, দেশে আনতে সময় লাগবে কারণ সেখানে বিমানে যাওয়া ও থাকা-খাওয়ার খরচ বেশ কম। আবার বিমানবন্দর থেকেই সহজে ভিসা নেয়া যায়। বাংলাদেশের কক্সবাজার ভ্রমণে যাতায়াত ভাড়া ও একটা ভালো হোটেল সহ সবমিলিয়ে যা খরচ নেপালে সেইরকম খরচে বিদেশ ভ্রমণ বিশেষ করে হিমালয়ের দেশ এমন অনেক কিছুর কারণেই অনেকে বাংলাদেশ থেকে নেপালে বেড়াতে যেতেন। কিন্তু এখন শুধু বিমানে চড়ার আতঙ্ক নয়, এই দুর্ঘটনার পর পাহাড়ে ঘেরা ত্রিভুবন বিমানবন্দর যে বিশ্বের সবচাইতে বিপজ্জনক বিমানবন্দরের তালিকায় উঁচুর দিকে রয়েছে এমন খবর বের হওয়ার পর সেটিও চিন্তার বিষয় বলে জানালেন মি. ভুঁইয়া। কিন্তু বিষয়টি কি আরো অনেকের সিদ্ধান্তে প্রভাব ফেলেছে? জানতে কথা বলেছি ঢাকার কয়েকটি ট্রাভেল এজেন্সির সাথে। আকাশবারী হলিডেজ নামের একটি এজেন্সির সহকারী ব্যবস্থাপক হাবিবুর রহমান বলছেন, তাদের ক্লায়েন্টদের অনেকেই নেপাল ভ্রমণের পরিকল্পনা বাতিল করে অর্থ ফেরত নিয়েছেন। তিনি বলছেন, ""যারা নেপাল কাস্টোমার ছিল তাদের মধ্যে চারজন রিফান্ড নিয়েছে। এখন আর কাস্টোমার নেপাল যেতে চাচ্ছে না সেটা যে এয়ারলাইন্সই হোক না কেন।"" ট্যুর অপারেটররা মনে করছেন, অন্তত কিছু দিনের জন্য হলেও নেপাল ভ্রমণে নিরুৎসাহিত হবে বাংলাদেশীরা। কাঠমান্ডু বিমান বন্দরে ইউ-এস বাংলার বিমানের ধ্বংসাবশেষ থেকে উদ্ধারকৃত লাগেজ। কিন্তু বাংলাদেশের ভেতরেও বিমান ভ্রমণের ক্ষেত্রে আপাতত অনেকেই পিছপা হচ্ছেন বলে তারা তথ্য দিচ্ছেন। নিয়মিত বিমানে চট্টগ্রাম থেকে ঢাকা ভ্রমণ করেন একটি বেসরকারি কোম্পানির কর্মকর্তা শামিম আহমেদ। তিনি বলছেন, ""১৯ তারিখ আমার চট্টগ্রাম থেকে ঢাকা যাওয়ার কথা। এর মধ্যে দুর্ঘটনার কথা শোনার পর একটা ভয় কাজ করছে যে এত বড় একটা দুর্ঘটনা ঘটলো আবার এখনই প্লেনে জার্নি করবো। তাই আপাতত সিদ্ধান্ত নিয়েছি এবারে ঢাকায় নাহয় বাসেই যাবো"" ট্র্যাভেল এজেন্টরা বলছেন, বিমান যাত্রার ক্ষেত্রে বাংলাদেশের মধ্যেও ডোমেস্টিক ফ্লাইটে অনেকেই ইউ-এস বাংলার টিকেট ফেরত দিয়ে অন্য কোন কোম্পানির ফ্লাইট নিচ্ছেন। জাস ট্রাভেলস নামে একটি এজেন্সির সিনিয়র টিকেটিং ও রিজার্ভেশন অফিসার সাগর আহমেদ বলছেন, ""ডোমেস্টিকেও দেখা যাচ্ছে যে অনেকের টিকিট করা ছিল। সেগুলো তারা কেউ পুরো ক্যান্সেল করছেন বা বদলে অন্য এয়ারলাইন্সের টিকেট নিচ্ছেন।"" ঠিক কী পরিমাণে টিকেট রিফান্ড দিতে হচ্ছে তা জিজ্ঞেস করলে মি. আহমেদ জানান, সেটি তার ক্ষেত্রে প্রায় ৩০%-এর মতো। তবে এই পরিস্থিতি একদম সাময়িক বলে মনে করছে ইউ-এস বাংলার কর্তৃপক্ষ। কাঠমান্ডু শহরের কেন্দ্রস্থল। কোম্পানিটির জনসংযোগ কর্মকর্তা কামরুল ইসলাম জানিয়েছেন, দুর্ঘটনার কারণে তাদের কাঠমান্ডু ফ্লাইট অনির্দিষ্ট কালের জন্য স্থগিত করা হয়েছে। তবে তাদের অন্য আর সকল ফ্লাইট ও কর্মকাণ্ড ঠিকঠাক মতোই চলছে। তিনি বলছেন, ""এখন একটা আতঙ্ক তৈরি হওয়াটাই স্বাভাবিক। তার মানে এই না তারা ইউ-এস বাংলাকে পুরোপুরি ডিনাই করছে। আমাদের সময় ও নিরাপত্তা সব দিক দিয়ে একদম ঠিক ছিল এবং আছে। ১২ তারিখ যেটা ঘটেছে তা শুধুমাত্র দুর্ঘটনা।"" তিনি বলছেন, ""ইউ-এস বাংলা নিয়ে কোন ধরনের আশংকা বোধ করছি না। এখন হয়ত পুরো এভিয়েশন নিয়ে আতঙ্ক শুরু হয়েছে যেমন মালয়েশিয়ান এয়ারলাইন্সের বিমান দুর্ঘটনার পরও একইভাবে ভয় পেয়েছেন অনেকে।"" টিকেট ফেরত ঠিক কতটা আসছে তার হিসেব ঠিক এখনি দিতে পারেননি মি. ইসলাম। তিনি বলছেন, তাদের মনোযোগ এখন মূলত দুর্ঘটনা-পরবর্তী বিভিন্ন বিষয়ের দিকেই রয়েছে।","বাংলাদেশের ট্যুর অপারেটররা বলছেন, নেপালের কাঠমান্ডুতে বেসরকারি বিমান ইউএস বাংলার বিমান দুর্ঘটনার পর থেকে অনেক বাংলাদেশি নেপালে যাওয়ার পরিকল্পনা বাতিল করছেন।",কাঠমান্ডুর একটি বিমান দুর্ঘটনার পর বাংলাদেশ থেকে নেপালে বেড়াতে যাওয়া যাত্রীদের মনে আতঙ্ক সৃষ্টি হয়েছে।,0.2777777777777778,0.11764705882352941,0.2777777777777778,0.7784428,15,21
"২০১৬ সালে ঢাকার হোলি আর্টিজান বেকারীতে হামলার দায় স্বীকার করে আমাক-এর টুইট বাংলাদেশ কর্তৃপক্ষ বরাবরই কথিত আইএসের উপস্থিতির অভিযোগ প্রত্যাখ্যান করে আসছে। যদিও বিভিন্ন সময়ে নানা ধরণের হামলার পর আইএসের দাবি প্রকাশ হয়েছে নানা মাধ্যমে। সংগঠনটি আইসিস নামেও পরিচিত। এমনকি সাম্প্রতিক সময়ে ঢাকায় পুলিশকে লক্ষ্য করে বিচ্ছিন্ন কয়েকটি হামলার পরেও একই কায়দায় দায় স্বীকার করেছে কথিত ইসলামিক স্টেট বা আইএস। আবার হোলি আর্টিজানের ঘটনার পর থেকে আইনশৃঙ্খলা রক্ষাকারী বাহিনী ধারাবাহিক অভিযান চালিয়ে যাচ্ছে জঙ্গি তৎপরতার বিরুদ্ধে এবং এ পর্যন্ত অন্তত আশি জন নিহত হয়েছে এসব অভিযানে। এসব অভিযানের মধ্যেই চলতি বছরের শুরুতে খবর পাওয়া যায় যে সিরিয়া ফেরত একজন আইএস সন্দেহভাজন জঙ্গি সদস্যকে গ্রেপ্তারের পর রিমান্ডে নিয়েছে ঢাকার কাউন্টার টেরোরিজম অ্যান্ড ট্রান্সন্যাশনাল ক্রাইম ইউনিট (সিটিটিসি)। গোয়েন্দা কর্মকর্তারা বলছেন, বাংলাদেশি বংশোদ্ভূত এরকম অন্তত ৫০জন বিভিন্ন দেশ থেকে গিয়ে সিরিয়া আর ইরাকে আইএসের সঙ্গে জড়িত হয়েছিল, যাদের ফরেন টেরোরিস্ট ফাইটার বলে বর্ণনা করছেন কর্মকর্তারা। হোলি আর্টিজান হামলার মূল পরিকল্পনাকারী হিসাবে অভিযুক্ত বাংলাদেশি বংশোদ্ভূত কানাডিয়ান নাগরিক তামিম চৌধুরী সিরিয়া-ইরাকে গিয়েছিলেন বলে জানা যায়। ২০১৪ সালে বাংলাদেশি বংশোদ্ভূত একজন ব্রিটিশ নাগরিককে গ্রেপ্তার করে পুলিশ, যিনি আইএসের জন্য সদস্য সংগ্রহ করছেন বলে পুলিশ জানিয়েছিল। এমনকি সন্দেহভাজন জঙ্গিদের একটি তালিকও ঢাকায় ইমিগ্রেশনে দিয়েছিলো পুলিশ। ঢাকায় হোলি আর্টিজান রেস্তোঁরায় ভয়াবহ হামলার পর দায় স্বীকার করে হামলকারীদের ছবি প্রকাশ করেছিলো আইএস কিন্তু এখন আইএসের প্রতিষ্ঠাতা এবং শীর্ষ নেতা আবু বকর আল-বাগদাদির মৃত্যুর খবর যুক্তরাষ্ট্র নিশ্চিত করার পর বিশ্লেষকরা মনে করছেন এর প্রভাব পড়বে বাংলাদেশেও। তারা মনে করছেন বাগদাদির মৃত্যুর মধ্য দিয়ে এদেশে আইএস ভাবাদর্শে বিশ্বাসীরা ক্রমশ আরও দুর্বল হয়ে পড়বে। ঢাকায় পুলিশের মুখপাত্র মাসুদুর রহমান বলছেন কোনো সংগঠন নেতৃত্বশূন্য হলে অবশ্যই তারা মনোবল হারায়। ""গণমাধ্যমে আমরা দেখছি যে তার মৃত্যু হয়েছে। এটি সত্যি হলে অবশ্যই তাদের তৎপরতা আরও দুর্বল হবে সেটিই স্বাভাবিক""। বাগদাদির মৃত্যুর প্রভাব বাংলাদেশে কতটা পড়বে এমন প্রশ্নের জবাবে তিনি বলেন, ""বাংলাদেশে আমরা কখনো সরাসরি আইএস পাইনি। হয়তো অনলাইনে ভাবাদর্শ প্রচার বা এমন ঘটনা হয়েছে। এদের অনেককে নিষিদ্ধ করা হয়েছে। নানা ব্যবস্থাও হয়েছে। আমাদের শক্ত নজরদারিও রয়েছে""। জঙ্গি বিষয়ক বিশ্লেষক ও আইএসসহ বৈশ্বিক জঙ্গি সংগঠনগুলোর কার্যক্রম পর্যবেক্ষণ করেন তাসনিম খলিল। তিনি বলছেন, ""বাগদাদিকে নিয়ে কথিত ইসলামিক স্টেট বা আইএস যে মিথ তৈরি করেছিলো সে গল্পের কফিনে পেরেক ঠুকে দিয়েছে বাগদাদির মৃত্যু""। নিজেকে একজন খলিফা হিসেবে দাবি করেছিলেন বাগদাদি যা কার্যত ধ্বংস হয়ে গেছে। বাংলাদেশ থেকেও আইএসের সাথে যোগ দেয়ার জন্য বিভিন্ন সময়ে অনেকে সিরিয়ায় গিয়েছিলো। ""বেশ কয়েকজন সিরিয়ায় ধরা পড়ে সিরিয়ান কুর্দিদের কারাগারে আটক আছে। অনেকে লড়াইয়ে নিহত হয়েছে। বাংলাদেশী জিহাদিদের বাচ্চারা অনেকে বা স্ত্রীরা আটকে আছেন শরণার্থী হিসেবে। এদের সংখ্যা বেশ বড়। তবে বাংলাদেশের ক্ষেত্রে আইসিসের পতন আগেই হয়ে গেছে""। তিনি বলেন দুটি গ্রুপ বাংলাদেশে সক্রিয়- এর একটি হলো আল কায়েদা (ইন্ডিয়ান সাবকন্টিনেন্ট) আরেকটা জেএমবি যেটি পরে ভারতেও বিস্তৃত হয়েছে। আইএসের পতনে এদের লাভ হবে, বিস্তার ঘটবে। তবে বৈশ্বিকভাবে আইসিসের এখন আর তেমন কোনো অবস্থান নেই এবং এ অবস্থায় বাগদাদির মৃত্যু বাংলাদেশে আইসিসপন্থীদের অবস্থান আরও দুর্বল করবে বলে মনে করেন তিনি। সন্দেহভাজন আইএস যোদ্ধা ও সমর্থক অনেকেই আটক আছেন সিরিয়ায় আইসিস এফিলিয়েটেড সংগঠন বাংলাদেশ ভালো অবস্থানে নেই মন্তব্য করে তাসনিম খলিল বলেন অনলাইনে হয়তো কেউ কেউ তৎপর। তবে সব মিলিয়ে বাংলাদেশে আইসিসের যে কার্যক্রম সেটিকে আরও দুর্বল করবে এ ঘটনা। বাগদাদিকে চরিত্র হিসেবে দাঁড় করিয়েছিলো আইএস তাসনিম খলিল বলছেন আইএসের প্রতিষ্ঠাতা এবং শীর্ষ নেতা আবু বকর আল বাগদাদির মধ্যে কথিত খলিফার একটি চরিত্র তৈরি করা হয়েছিলো। আইসিস অনেক কাঠখড় পুড়িয়ে বাগদাদিকে এমন একটি চরিত্র হিসেবে প্রতিষ্ঠা করেছিলো সেটিই তাকে বিশ্বব্যাপী অনুসারী গড়ে তুলতে সহায়তা করেছিলো। ইসলাম ধর্মে কেয়ামতের আগে ইসা নবী আসবে এবং তার আগে যে কথিত খলিফা আসবে ও দাবিক নামক জায়গায় বিধর্মীদের সাথে লড়াই হবে এগুলোর কথা বলে তারা প্রমাণ করতে চাইতো যে আবু বকর বাগদাদিই হলো সেই লোক। তাদের যে কালো পতাকা সেটিও নেয়া হয়েছে ইসলাম ধর্মের ওই বর্ণনা থেকেই। ""অর্থাৎ হাদিস কোরান দেখিয়ে তারা দাবি করতো আইসিস হলো সেটি যেটি ইসলামের নবী মোহাম্মদ বলে গেছেন""। এসব বলেই সারা বিশ্ব থেকে অনুসারী সংগ্রহ করে সিরিয়া ইরাক জুড়ে খেলাফত প্রতিষ্ঠার চেষ্টা করেও কার্যত আইসিস বা বাগদাদি ব্যর্থ হয়েছেন বলে মনে করেন তাসনিম খলিল। ""বাগদাদির মৃত্যু যেভাবেই হোক মনে রাখতে হবে যে আইসিস (যা আইএস নামেও পরিচিত) পরাজিত হয়েছে কুর্দি মুসলিমদের হাতে, বিধর্মীদের হাতে নয়। তবে ইসলামের নামে তাদের প্রচারণা আগেই অনেকটা ক্ষতিগ্রস্ত হয়েছে""। 'আল কায়েদার মতো ক্রম বিলুপ্তি ঘটবে' নিরাপত্তা বিশ্লেষক আব্দুর রব খান বিবিসিকে বলছেন ওসামা বিন লাদেনের মৃত্যুর মধ্য দিয়ে আল-কায়েদার বিলুপ্তি শুরু হয়েছে এবং সংগঠনটি এখন আর তেমন আলোচনায় নেই। ""আমার ধারণা আইএসের অবস্থাও আল-কায়েদার মতোই হবে। যদিও সিরিয়ায় পিছু হটার পরেও লড়াই করছিলো আইএস। কিন্তু এবার বাগদাদির মৃত্যুর পর তারা আরও দুর্বল হয়ে ধীরে ধীরে বিলুপ্তির দিকে যাবে""। মিস্টার খান বলেন বাংলাদেশ থেকে যারা সিরিয়ায় ইসলামিক স্টেটে যোগ দিতে গিয়েছিলো তাদের কারও অভিজ্ঞতা সুখকর নয়। ""অনেক প্রাণ হারিয়েছে কিংবা পরাজিত হয়ে হতাশ হয়েছে। এখন বাগদাদির মৃত্যুর পর তারা আরও হতাশ হবে। কেউ কেউ নতুন মতাদর্শে ঝুঁকবে হয়তো কিন্তু তাতেও লাভ হবেনা। সবমিলিয়ে তার মৃত্যুর মধ্য দিয়ে এদেশে পরোক্ষ কোনো তৎপরতা কোনো সংগঠন বা ভাবাদর্শে বিশ্বাসী কেউ থাকলেও তারা ক্রমশ দুর্বল হয়ে বিলুপ্ত হয়ে যাবে""।",২০১৬ সালে ঢাকার গুলশানে হোলি আর্টিজান রেস্তোরাঁয় জঙ্গি হামলায় ২২জন নিহত হয়েছিলেন এবং এ ঘটনার পর জঙ্গিরাই নিজেদের ইসলামিক স্টেট বা আইএস পরিচয় বিশ্বজুড়ে ছড়িয়ে দিয়েছিলো।,বাংলাদেশের রাজধানী ঢাকায় ২০১৬ সালের হোলি আর্টিজান রেস্তোঁরায় হামলার ঘটনার পর থেকে কথিত ইসলামিক স্টেট বা আইএসের উপস্থিতির অভিযোগ প্রত্যাখ্যান করা হচ্ছে।,0.33333333333333337,0.17391304347826086,0.33333333333333337,0.78486925,22,26
"বুয়েট ছাত্রাবাসে ছাত্র হত্যার প্রতিবাদে দানা বাঁধছে বিক্ষোভ একইসাথে, হত্যাকাণ্ডের দায় কাঁধে নিয়ে উপাচার্যের পদত্যাগ দাবি করা হয়েছে। সমিতির প্রেসিডেন্ট ড. একেএম মাসুদ বিবিসিকে বলেছেন, এই সিদ্ধান্ত হয়েছে সর্বসম্মতভাবে। ""আজকের (বুধবারের) সভায় ৩০০ জনের মত শিক্ষক উপস্থিত ছিলেন, সবাই এই প্রস্তাবে সম্মতি দিয়েছেন।"" কেন তারা এই সিদ্ধান্ত নিলেন, এই প্রশ্নে ড. মাসুদ বলেন, সাধারণ ছাত্রদের দাবির সাথে তারা একাত্বতা ঘোষণা করছেন। ""ছাত্ররা ক্যাম্পাসে রাজনীতি বন্ধের দাবি করছেন, তাহলে শিক্ষকরা কেন রাজনীতি করবেন?"" বুয়েট ক্যাম্পাসে রাজনৈতিক দলসমুহের অঙ্গ সংগঠন ভিত্তিক ছাত্র, শিক্ষক ও কর্মচারীদের সকল রাজনৈতিক কর্মকাণ্ড নিষিদ্ধ করার দাবি করেছে বুয়েট আ্যালামনাই সমিতি অধ্যাপক মাসুদ বলেন, ক্যাম্পাসে অপরাধের সাথে রাজনীতির সরাসরি কোনো সম্পর্ক না থাকলেও, রাজনৈতিক ছত্রছায়ার কারণে অনেক সময় প্রশাসন অপরাধ বিশৃঙ্খলার বিরুদ্ধে যথাযথ ব্যবস্থা নিতে পারেনা। ""এমন নয় যে রাজনৈতিক দলগুলো কাউকে মারধোর করতে বলে, নির্যাতন করতে বলে, কিন্তু সরাসরি রাজনীতির কারণে ক্যাম্পাসে পরিস্থিতি দিনে দিনে নিয়ন্ত্রণের বাইরে চলে যাচ্ছে। নোংরা পরিস্থিতি তৈরি হয়েছে।"" বুয়েটে বর্তমান পরিস্থিতির জন্য প্রতিষ্ঠানের প্রশাসনিক ব্যবস্থাকেও অনেকাংশে দায়ী করেন বুয়েট শিক্ষক সমিতির প্রেসিডেন্ট। তিনি বলেন, ""ক্ষমতা অত্যন্ত কেন্দ্রীভূত, উপাচার্য একাই সব সিদ্ধান্ত নেন।"" ""বিভিন্ন সময়ে ওঠা নানা অভিযোগ নিয়ে ব্যবস্থা না নেয়ায় পরিস্থিতি এতদূর গড়িয়েছে।"" ওদিকে, বুয়েট অ্যালামনাই সমিতি অর্থাৎ এই প্রতিষ্ঠানের প্রাক্তন শিক্ষক ও ছাত্র সমিতির পক্ষ থেকে এক বিবৃতিতে দাবি করা হয়েছে - বুয়েট ক্যাম্পাসে রাজনৈতিক দলসমুহের অঙ্গ সংগঠন ভিত্তিক ছাত্র, শিক্ষক ও কর্মচারীদের সকল রাজনৈতিক কর্মকাণ্ড নিষিদ্ধ করতে হবে।",বাংলাদেশ প্রকৌশল বিশ্ববিদ্যালয়ে সোমবার রাতে এক ছাত্রকে পিটিয়ে হত্যার লোমহর্ষক ঘটনার প্রেক্ষাপটে বুয়েট শিক্ষক সমিতির এক সাধারণ সভা থেকে প্রতিষ্ঠানে শিক্ষক রাজনীতি বন্ধের সিদ্ধান্ত নেওয়া হয়েছে।,বাংলাদেশ প্রকৌশল বিশ্ববিদ্যালয় বা বুয়েটের শিক্ষক সমিতি বুধবার এক সভায় প্রতিষ্ঠানের উপাচার্যের পদত্যাগ ঘোষণা করেছে।,0.1951219512195122,0.05128205128205128,0.1951219512195122,0.7754911,15,26
"সবশেষ আদমশুমারীর ফল ঘোষণার পর দম্পতিদের ওপর বেশি সন্তান নেবার চাপ বাড়তে পারে মঙ্গলবার প্রকাশিত সেদেশের সরকারি উপাত্ত বলছে, চীনের জনসংখ্যা এখন গত কয়েক দশকের মধ্যে সবচাইতে ধীরগতিতে বাড়ছে। আদমশুমারির এই ফলাফল ইঙ্গিত দিচ্ছে যে চীনে বৃদ্ধ লোকের সংখ্যা দ্রুত বাড়ছে। গত ১০ বছরে চীনের বার্ষিক জনসংখ্যা বৃদ্ধির হার হচ্ছে ০.৫৩% - যা ২০০০ থেকে ২০১০ পর্যন্ত সময়কালের হার ০.৫৭%-এর চেয়ে কম। বর্তমানে চীনের জনসংখ্যা ১৪১ কোটি। আদমশুমারির এই ফলাফলের পর সেখানে দম্পতিদের আরো বেশি সন্তান নিতে উৎসাহদানকারী পদক্ষেপ নেবার জন্য বেজিংএর ওপর চাপ বাড়ছে - যাতে জনসংখ্যা কমে যাওয়া রোধ করা যায়। আগামি দিনগুলোতে অর্থনীতির চাকা সচল রাখতে কর্মক্ষম শ্রমশক্তির যথেষ্ট জোগান চীন পাবে কিনা - তা নিয়ে অনেক বিশ্লেষক প্রশ্ন তুলছেন। তবে অনেকে বলছেন, উৎপাদনশীলতা বাড়িয়ে জন্মহার হ্রাসের ঘাটতি পূরণ করা চীনের পক্ষে সম্ভব হবে। চীনে প্রতি ১০ বছরে একবার আদমশুমারি হয়ে থাকে। সবশেষ এই জনগণনা করা হয়েছিল ২০২০ সালের শেষ দিকে এবং তার ফল ঘোষণা করার কথা ছিল এপ্রিল মাসে, তবে সেই তারিখ পিছিয়ে দেয়া হয়। আরো পড়তে পারেন: বিশেষজ্ঞরা বলছেন, চীনে বয়স্ক মানুষের সংখ্যা বাড়লে অর্থনীতি সমস্যায় পড়বে বিরাট জনসংখ্যার কারণে চীনের আদমশুমারির জন্য প্রায় ৭০ লক্ষ উপাত্ত সংগ্রহকারীকে কাজ করতে হয়। তারা চীনা পরিবারগুলোর বাড়ি বাড়ি গিয়ে তথ্য সংগ্রহ করেন। মনে করা হয় যে চীনের জনসংখ্যার ওপর এই রিপোর্টটি হচ্ছে সবচেয়ে বিশদ তথ্যভাণ্ডার - যা ভবিষ্যৎ পরিকল্পনার জন্য গুরুত্বপূর্ণ। চীনের জন্মহার সম্পর্কে আমরা কী জানি? চীনের জাতীয় পরিসংখ্যান ব্যুরোর প্রধান নিং জিঝে বলেন, গত বছর দেশটিতে এক কোটি ২০ লক্ষ শিশু জন্ম নিয়েছে। এ সংখ্যা ২০১৬ সালের চাইতে অনেকটা কম - কারণ সে বছর এক কোটি ৮০ লাখ শিশুর জন্ম হয়েছিল। তবে মি. নিং বলেন, ""তার পরও বলতে হবে এটি এক বিরাট সংখ্যা।"" তিনি বলছেন, উর্বরতার নিম্নহার চীনের সামাজিক ও অর্থনৈতিক উন্নয়নের স্বাভাবিক ফল। বিভিন্ন দেশে দেখা গেছে - উন্নয়নের সাথে সাথে শিক্ষা এবং কেরিয়ার গড়ে তোলাকে অগ্রাধিকার দেবার প্রবণতার ফলে জন্মহার কমে যায়। চীনের প্রতিবেশী কোরিয়া ও জাপানের ক্ষেত্রেও সাম্প্রতিক বছরগুলোয় জন্মহার রেকর্ড পরিমাণে কমে গেছে -যদিও সরকার দম্পতিদের বেশি সন্তান নেবার জন্য নানা রকম প্রণোদনা দিচ্ছে। গত বছর দক্ষিণ কোরিয়ার জন্মের চাইতে মৃত্যুর সংখ্যা ছিল বেশি। এর ফলে দেশটিতে উদ্বেগ সৃষ্টি হয়। কোন দেশে জনসংখ্যা কমতে থাকলে তা নানা সমস্যা সৃষ্টি করে, যেমন তখন তরুণদের চাইতে দেশে বৃদ্ধের সংখ্যা বেড়ে যায়। যখন এটা ঘটে, তখন বয়স্কদের সহায়তা করার জন্য যথেষ্ট কর্মী পাওয়া যায় না এবং স্বাস্থ্য ও সামাজিক সেবার ক্সেত্রে চাহিদা বেড়ে যায়। চীন কি ইতোমধ্যেই এ অবস্থা বদলাতে চেষ্টা করছে না? হ্যাঁ, তা করছে। চীনে কোন দম্পতি একটির বেশি সন্তান নিতে পারবে না বলে যে নীতি ছিল - তার ইতোমধ্যেই অবসান ঘটানো হয়েছে। ১৯৭৯ সালে জনসংখ্যা বৃদ্ধি নিয়ন্ত্রণ করতে ওই নীতি নেয়া হয়েছিল। এ নীতি লংঘন করলে জরিমানা, চাকরি হারানো এমনকি কিছু ক্ষেত্রে জোরপূর্বক গর্ভপাতও হতে পারতো। তবে এখন চীনে দম্পতিরা দুটি সন্তান নিতে পারেন। কিন্তু এতে পরবর্তী দু'বছর জন্মহার বাড়লেও তার পর থেকে জন্মহার আবার কমে যায়। আদমশুমারিতে দেখা যাচ্ছে চীনে জনসংখ্যা বৃদ্ধির হার কমছে ইকোনমিক ইনটেলিজেন্স ইউনিটের প্রধান অর্থনিতবিদ মিজ ইউই সু বলেন, দু'সন্তান নীতির সুফল ছিল স্বল্পমেয়াদি। এরপর মনে করা হচ্ছিল যে চীন হয়তো তাদের পরিবার পরিকল্পনা নীতি পুরোপুরিই ত্যাগ করবে - কিন্তু তা হয়নি। এপ্রিল মাসে ফিনান্সিয়াল টাইমসেও এক রিপোর্ট বেরিয়েছিল যে - চীনের আদমশুমারির ফলাফলে জনসংখ্যা কমে গেছে বলে দেখা যাবে। সেটাও হয়নি, কিন্তু বিশেষজ্ঞরা বলছেন - আগামী কয়েক বছরে হয়তো তা ঘটতে পারে। হুয়াং ওয়েনঝ্যাং হচ্ছেন সেন্টার ফর চায়না এ্যান্ড গ্লোবালাইজেশনের জনসংখ্যা বিশেষজ্ঞ। তিনি বলছেন, হয়তো ২০২১ বা ২০২২ সালে, বা খুব শীগগিরই তা ঘটবে। এ আদমশুমারি থেকে আর কী জানা গেছে? চীনে কর্মক্ষম জনসংখ্যা - অর্থাৎ ১৬ থেকে ৫৯ বছর পর্যন্ত বয়স্ক মানুষের সংখ্যা হচ্ছে ৮৮ কোটি। তবে আগেকার আদমশুমারির তুলনায় এ সংখ্যা চার কোটি কমে গেছে বলে দেখা গেছে। তবে আদমশুমারির মেথডলজিস্ট জেং ইউপিং বলছেন, চীনের এখনো বিরাট কর্মক্ষম জনশক্তি আছে। বিবিসির সাংহাই সংবাদদাতা রবিন ব্রান্ট বলছেন, শোচীনা কর্মকর্তারা কয়েক সপ্তাহ বাড়তি সময় নিয়ে চীনের কর্মকর্তারা ""পরিসংখ্যান তৈরি করার জন্য"" কাজ করছেন বলে খবর পাওয়া গিয়েছিল। তিনি বলছেন, চীনে জনসংখ্যা বাড়ছে - তবে নামে মাত্র। তবে রাষ্ট্রীয় মিডিয়াতেও বলা হচ্ছে যে চীনের জনসংখ্যা হয়তো আগামী বছরই কমতে শুরু করবে। রবিন ব্রান্টের কথায়, চীনের কমিউনিস্ট নেতারা এ মধ্যেই বলেছেন যে দেশে অবসর নেবার বয়সসীমা বাড়াতে হবে। বিশেষজ্ঞরা সতর্ক করে দিয়েছেন যে চীনের জনসংখ্যা কমতে থাকলে বিশ্বের অন্যত্রও বড় রকমের প্রভাব পড়বে। উইসকন্সিন-ম্যাডিসন বিশ্ববিদ্যালয়ের বিজ্ঞানী ড. ই ফুক্সিয়ান বলছেন, বিশ্বের বহু শিল্প চীনের ওপর নির্ভর করে। সেখানে জনসংখ্যা কমে গেলে তার প্রভাব হবে অনেক ব্যাপক। বিবিসি বাংলায় আরো খবর:",চীন তাদের রাজনৈতিকভাবে স্পর্শকাতর আদমশুমারির যে ফলাফল প্রকাশ করেছে - তাতে দেখা যাচ্ছে সেদেশের জনসংখ্যা এখন ১৪১ কোটির সামান্য কিছু বেশি।,চীনের বার্ষিক জনসংখ্যা গত ১০ বছরের মধ্যে সবচাইতে ধীরগতিতে বাড়ছে।,0.06451612903225806,0.0,0.06451612903225806,0.7059985,10,21
"ডি জে মারুফের 'বাবু খাইছো?' মিউজিক ভিডিওর একটি দৃশ্য। ""বাবু খাইছো"" - এই শিরোনামের একটি গান নিয়ে নিজের অভিমত ব্যক্ত করছিলেন বাংলাদেশের একটি পাবলিক বিশ্ববিদ্যালয়ের শিক্ষক নিশাত পারভেজ। সামাজিক যোগাযোগমাধ্যম ফেসবুক এবং ইউটিউবে চলতি মাসেই রিলিজ করা হয় গানটি, আর খুব অল্প সময়েই এটি ভাইরাল হয়। সেপ্টেম্বর মাসের ৫ তারিখে ইউটিউবে প্রথমবার আপলোড করা হয় 'বাবু খাইছো' শিরোনামের গানটি। প্রিমিয়ার করার পরপরই গানটি লুফে নেন বাংলাদেশের নেটিজেনদের অনেকেই। দিন দশেকের মধ্যে ২০ লাখেরও বেশি বার গানটি দেখা হয়ে গেছে কেবল ইউটিউবেই। এই গানের শিরোনামে ব্যবহার করা হয়েছে সেই শব্দ যুগল, যা বাংলাদেশের কলেজ বা বিশ্ববিদ্যালয় পড়ুয়া তরুনরা কথায় হরহামেশা ব্যবহার করছেন। কিন্তু এই শব্দ যুগল তরুনদের মধ্যে এতো সাড়া জাগালো কেন? কিংবা এমন একটি গানই বা কেন তাদের পছন্দ তালিকায় জায়গা করে নিলো? সামাজিক যোগাযোগমাধ্যম ফেসবুক ও ইউটিউবে সেপ্টেম্বর মাসে প্রকাশিত একটি গান, যার শিরোনাম 'বাবু খাইছো' নিশাত পারভেজের মতে, মোবাইল কমিউনিকেশন, তারপর সামাজিক মাধ্যম, প্রেমিক-প্রেমিকার মধ্যে যে দূরত্ব তা কমিয়ে দিয়েছে অনেকখানি। প্রতিমুহূর্তেই তারা পরষ্পরের খোঁজ নিতে পারছে। ""খাবারের বিষয়টাও যেহেতু নৈমিত্তিক একটা বিষয়, স্বাভাবিকভাবেই প্রিয়জন খেয়েছে কি-না, কি করছে, এগুলো তারা জানতে চাইতেই পারে। সে কারণে এই 'বাবু খাইছো' টার্মটি তরুণদের মধ্যে বেশ জনপ্রিয় হয়েছে।"" নিশাত পারভেজ অবশ্য জানান যে সোশ্যাল মিডিয়ায় 'বাবু খাইছো' নিয়ে প্রচুর ট্রলও হয়েছে। তবে তিনি মনে করছেন যে রোমান্টিক পার্টনারকে সম্বোধন, বাংলা-ইংরেজি মিশিয়ে গানের লিরিকস, সাথে ভিডিও-কোরিওগ্রাফি - সব মিলিয়ে এই শিরোনামের গানটি তরুণ সমাজের মধ্যে আলোড়ন তুলতে সক্ষম হয়েছে। ঢাকার একটি বিশ্ববিদ্যালয়ের শিক্ষার্থী মুমতাজ মুমুর অবশ্য এই গান সম্পর্কে রয়েছে একটু ভিন্ন রকমের অভিমত। ""অনেকেই এ ধরনের মিউজিক বেশ উপভোগ করে থাকেন। কিন্তু আসলে গান বলতে আমরা যেমন খুবই গভীর বা মহান ধরনের আর্ট বা শিল্প বুঝি, সেই গভীরতাটা কিন্তু এ ধরনের মিউজিকে নেই।"" তিনি বলেন, এই 'অনেকেই' আবার সবাইকে প্রতিনিধিত্ব করেন না। একটা বড় অংশ একটু জোরালো মিউজিক ও ডিজে টাইপের গান পছন্দ করে, তবে এটাও আবার সবার ক্ষেত্রে প্রযোজ্য নয়। বিনোদনের মাধ্যম এখন মানুষের হাতের কাছেই রয়েছে - যে কোন ডিজিটাল প্লাটফরমে মানুষ চাইলেই তার যে কোন পছন্দের গান অনায়াসে শুনতে পারে। আরো পড়ুন: বোরকা পরে ক্রিকেট খেলার ভাইরাল ছবি নিয়ে কী বলছেন মা 'কলঙ্কিনী রাধা গানটি কখনও গাননি শাহ আবদুল করিম' বয়াতি-বাউলরা কি এখন নির্ভয়ে গান করতে পারবেন? বাউলগান 'কলঙ্কিনী রাধা' নিয়ে নেটফ্লিক্স বয়কটের ডাক ভারতের হিন্দুত্ববাদীদের তবে এখন যেহেতু সামাজিক যোগাযোগমাধ্যমে সক্রিয়দের একটা বড় অংশই তাদের কথাবার্তায় বিশেষ ধরনের শব্দ চয়ন করছেন, তাই সঙ্গীতের প্রযোজকরা বরং একটা জনপ্রিয় সংস্কৃতির দিকেই হাত বাড়াচ্ছেন বলে মনে করা হচ্ছে। মুমতাজ মুমু বলেন, ""ক্ল্যাসিকাল মিউজিকগুলো যদি আমরা দেখি, তাহলে দেখবো ওই সব গানের কথা সুন্দর, মিউজিকও খুব শ্রুতিমধুর। কিন্তু তরুণদের অনেকেই এই আর্টকে কদর করেন না। ডিজে ধরনের বা রংচঙ ধরনের মিউজিক এদের বেশি টানে - শরীরে উত্তেজনা সৃষ্টিকারী, মুড লাইট করা ধরনের সব মিউজিক।"" বাংলাদেশে এখন তরুণদের মধ্যে গত ৪-৫ বছরে এমন কিছু মিউজিক ভিডিও বেশ জনপ্রিয়তা লাভ করছে, যেগুলোতে প্রাত্যহিক জীবনে তরুণরা ব্যবহার করে এমন শব্দ বা কথা ব্যবহার করা হয়েছে। 'বন্ধু তুই লোকাল বাস', 'এই যে বেয়াইন সাব', 'মাইয়া ও মাইয়া তুই অপরাধী রে', 'মাফ কইরা দেন ভাই' - এই গানগুলো বিভিন্ন ডিজিটার প্লাটফরমে বাংলাদেশে বেশ জনপ্রিয়তা লাভ করেছে। রাস্তাঘাটে, শপিং মলেও এসব গান শোনা যায়। বাংলাদেশের মূলধারার সঙ্গীতের সাথে এই গানগুলোর খুব সম্পৃক্ততা না থাকলেও তরুণ প্রজন্মের মধ্যে এগুলো আলোড়ন তুলতে সক্ষম হয়েছে। এর একটা বড় কারণ 'ব্যঙ্গ করা' করা বলে উল্লেখ করেন কামারুন কণিকা। ঢাকার এই চাকরিজীবী নারী বিবিসি বাংলাকে বলেন, ""হেট স্পিচ খুব দ্রুত মানুষের অ্যাটেনশন পায়। আমরা চিন্তা-ভাবনা কম করি। এই যে এই গানটা বা অপরাধী টাইপ গান - এগুলো মানুষ ঠিক মতো পুরা গান শোনেও না, কিন্তু একটা-দু'টা লাইন নিয়ে মজা করে।"" তার মতে, 'বাবু খাইছো' ধরনের শব্দ অনেকেই তাদের কথার মধ্যে ব্যবহার করেন, কিন্তু এসব গানের মাধ্যমে অন্যকে ব্যঙ্গ করে মজা পায় কিছু মানুষ। যেভাবে বদলে যাচ্ছে গানের ভবিষ্যৎ সুকান্ত হালদার বাংলাদেশের বিনোদন জগতের সঙ্গে সংশ্লিষ্ট। তিনি মনে করেন, এই গানের মূল টার্গেট অডিয়েন্স হলেন টিনএজার'রা। গানটির কথা ও মিউজিক শুনলেই বোঝা যায়, তাদের কথা ভেবেই গানটির কথা লেখা হয়েছে, মিউজিক কম্পোজিশন করা হয়েছে। ""আমার ধারণা, তারা (গানটি তৈরির সঙ্গে জড়িত মীর মারুফ ও মীর ব্রাদার্স) বেশ সু-পরিকল্পিতভাবেই কাজটি করেছেন। আর সে কারণেই এখন গানটি নিয়ে এতো আলোচনা হচ্ছে। তারা চেয়েছিলেন গানটি এমন হাইপ তৈরি করুক।"" মি. হালদারের মতে, এই ধরনের গান অবশ্য জনপ্রিয়তার দিক থেকে খুব বেশি সময় ধরে টিকে থাকে না। প্রকাশের পর দু-তিন মাস বেশ আলোচনা হয়, তারপর হারিয়ে যায়। গানটির সুরকার একজন ডিস্ক জকি বা ডিজে, মীর মারুফ। তিনি বলেন, তারা মূলত ট্রেন্ডিং কিছু ব্যাপার নিয়ে গান করার চেষ্টা করছেন। যেমন তারা করোনাভাইরাস নিয়ে, কোয়ারেন্টিন নিয়ে গান করেছেন, ঠিক তেমনই গানে ব্যবহার করেছেন একটি বহুল ব্যবহৃত কথা, যা বাংলাদেশে প্রেমিক-প্রেমিকারা তাদের ভালোবাসার মানুষকে বলে থাকেন। ""এখনকার সম্পর্কগুলোতে কী হচ্ছে, কী ধরনের কথা হয়, সেটাই বলতে চেয়েছি আমরা।""","""তরুণদের অনেকেই আজকাল তাদের প্রিয়জন, মানে গার্লফ্রেন্ড বা বয়ফ্রেন্ডকে 'বাবু' বলে সম্বোধন করে। এর উৎপত্তি কোথা থেকে, সে সম্পর্কে জানা নেই। আমার তো মনে হয়, ইংরেজিতে রোমান্টিক পার্টনারকে বেবি বলে ডাকার প্রচলন থেকে এটা বাংলায় বাবু হয়েছে।""","সামাজিক যোগাযোগমাধ্যম ফেসবুক ও ইউটিউবে সেপ্টেম্বর মাসে প্রকাশিত একটি গান, যার শিরোনাম 'বাবু খাইছো'।",0.0,0.0,0.0,0.6373283,14,37
"গত ১৮ই এপ্রিল আটক করা হয় মামুনুল হককে। সোনারগাঁও থানার ভারপ্রাপ্ত কর্মকর্তা বিষয়টি বিবিসির কাছে নিশ্চিত করেছেন। তিনি জানিয়েছেন, ""... এক নারী [তার কথিত দ্বিতীয় স্ত্রী] মামুনুল হকের বিরুদ্ধে জোরপূর্বক ধর্ষণের মামলা দায়ের করেছেন।"" সহিংসতার বেশ কয়েকটি মামলায় মামুনুল হককে গত ১৮ই এপ্রিল গ্রেফতার করে পুলিশ। গ্রেফতারের ১২ দিন পরে মামুনুল হকের বিরুদ্ধে ধর্ষণের মামলা দায়ের করলেন তার কথিত দ্বিতীয় স্ত্রী। সোনারগাঁ থানার পুলিশ জানিয়েছে, বাদী ওই মামালায় অভিযোগ করেছেন যে নারায়ণগঞ্জের ওই রিসোর্টে তাকে 'জোরপূর্বক আটকে রেখে ধর্ষণ করেছেন' মামুনুল হক। গত ৩রা এপ্রিল মামুনুল হক তার কথিত দ্বিতীয় স্ত্রীকে নিয়ে নারায়ণগঞ্জের একটি রিসোর্টে যান। তখন সেখানে তাকে ঘেরাও করে রাখে স্থানীয় কিছু লোকজন এবং ক্ষমতাসীন দলের সাথে সম্পৃক্ত ছাত্রলীগ ও যুবলীগের কর্মীরা। মামুনুল হককে কয়েক ঘণ্টা সেখানে অবরুদ্ধ করে রাখার পরে হেফাজতে ইসলামের সমর্থক এবং মাদ্রাসার ছাত্ররা পাল্টা হামলা চালিয়ে তাকে নিয়ে যায়। এসময় মামুনুল হক দাবি করেন, ওই নারী তার দ্বিতীয় স্ত্রী এবং দুই বছর আগে তারা 'ইসলামী শরিয়ত সম্মতভাবে' বিয়ে করেছেন। তবে ওই নারী তার স্ত্রী কি-না সে বিষয়ে তার নিজের কোন বক্তব্য পাওয়া যায়নি। বিবিসি বাংলায় আরো পড়ুন:",কারাগারে থাকা হেফাজতে ইসলামের বিলুপ্ত কমিটির যুগ্ম মহাসচিব মামুনুল হকের বিরুদ্ধে ধর্ষণের মামলা দায়ের করেছেন তার কথিত দ্বিতীয় স্ত্রী।,বাংলাদেশে হেফাজতে ইসলামের সাবেক নেতা মামুনুল হকের বিরুদ্ধে ধর্ষণের মামলা দায়ের করেছেন তার কথিত দ্বিতীয় স্ত্রী।,0.742857142857143,0.6666666666666666,0.742857142857143,0.86847013,16,19
"সেনাবাহিনী তিনটি আগ্নেয়াস্ত্রও উদ্ধার করেছে। (ফাইল ফটো) সামরিক জনসংযোগ দপ্তর আইএসপিআর-এর পরিচালক আবদুল্লাহ ইবনে জায়িদ বিবিসি বাংলাকে বলেছেন, খাগড়াছড়ি জেলার দীঘিনালায় ইউপিডিএফ প্রসীতপন্থী সন্ত্রাসীদের সাথে সেনা টহলের গুলিবিনিময়ে এ তিনজন নিহত হয়েছে। সোমবার সকালে এই ঘটনাটি ঘটে। আইএসপিআর জানিয়েছে, ঘটনাস্থল থেকে তিনটি অস্ত্র উদ্ধার করা হয়েছে। নিরাপত্তাবাহিনীর একটি সূত্র বলছে, সে জায়গায় আরো আহত কিংবা নিহত কেউ আছে কিনা সেটি তল্লাশি করে দেখা হচ্ছে। তাদের ধারণা, সেখানে আরো ভারী অস্ত্র থাকতে পারে। ইউপিডিএফ পাহাড়িদের অন্যতম সংগঠন হিসেবে পরিচিত। তবে নিরাপত্তা বাহিনীর সূত্রগুলো বলছে এই সংগঠনটি সাম্প্রতিক বছরগুলোতে নানা ধরনের অপরাধ তৎপরতায় জড়িয়েছে। বিশ্লেষকদের অনেকেই মনে করেন, সাম্প্রতিক সময়ে পার্বত্য অঞ্চলের ঘটনাগুলো নতুন করে অস্থিরতা তৈরির ইঙ্গিত দিচ্ছে। ইউপিডিএফের প্রতিবাদ দীঘিনালার ঘটনায় সেনাবাহিনীর বক্তব্যের তীব্র প্রতিবাদ জানিয়েছে ইউনাইটেড পিপলস ডেমোক্র্যাটিক বা ইউপিডিএফের খাগড়াছড়ি জেলা সংগঠক অংগ্য মারমা। সংগঠনটির প্রচার ও প্রকাশনা বিভাগ থেকে নিরন চাকমা স্বাক্ষরিত এক বিবৃতিতে বলা হয়েছে, খাগড়াছড়ির দীঘিনালা উপজেলার কৃপাপুর গ্রাম থেকে নিরাপত্তা বাহিনী তাদের তিনজন সদস্যকে গ্রেফতারের পর ঠাণ্ডা মাথায় গুলি করে হত্যা করেছে। তিন জনের নাম উল্লেখ করে বিবৃতিতে বলা হয়, রবিবার রাত দুটোর দিকে নিরাপত্তা বাহিনীর সদস্যরা তাদেরকে তুলে নিয়ে যায়। ""আজ সোমবার সকালে তাদেরকে বিনন্দচুগ নামক পাহাড়ে নিয়ে গিয়ে কথিত 'গোলাগুলির' নাটক সাজিয়ে ঠাণ্ডা মাথায় গুলি করে হত্যা করে। প্রকৃতপক্ষে সেখানে নিরাপত্তা বাহিনীর সাথে কারো কোন প্রকার গোলাগুলির ঘটনা সংঘটিত হয়নি। এটি একটি পরিকল্পিত হত্যাকাণ্ড ছাড়া আর কিছুই নয়।"" বিবৃতিতে তাদেরকে বিনা অপরাধে গ্রেফতার ও পরে বিচার বহির্ভুতভাবে গুলি করে হত্যার ঘটনাকে মানবাধিকারের চরম লঙ্ঘন বলে উল্লেখ করা হয়েছে। তারা এই ঘটনার নিরপেক্ষ তদন্ত করে দোষীদের শাস্তি প্রদানেরও দাবি জানিয়েছেন। এর আগে গত ১৮ই আগস্ট পার্বত্য জেলা রাঙ্গামাটিতে সেনাবাহিনীর নিয়মিত টহল দলের উপর হামলার একজন সৈন্য নিহত হন। রাঙ্গামাটি রাজস্থলী আর্মি ক্যাম্প থেকে ৪ কিলোমিটার মতো দুরে সকালে গুলির ঘটনাটি ঘটেছে। সকাল ১০ টার দিকে পোয়াইতুখুম নামক এলাকায় একটি নিয়মিত টহল দলের উপর সন্ত্রাসীরা অতর্কিতভাবে গুলিবর্ষণ করে। আরো পড়ুন: পাকিস্তানের প্রধানমন্ত্রী ইমরান খানের বহু রূপ ইলিশ গাইড: নদীর ইলিশ যেভাবে চিনবেন বিশ্বে ছড়িয়ে পড়ছে ওষুধ প্রতিরোধী নতুন সুপারবাগ",পার্বত্য চট্টগ্রামের খাগড়াছড়ি জেলায় সেনাবাহিনীর সাথে 'গোলাগুলিতে' তিনজন নিহত হয়েছে।,বাংলাদেশের পাহাড়ি অঞ্চলে ইউনাইটেড পিপলস ডেমোক্র্যাটিক বা ইউপিডিএফের তিনজন সদস্যকে গুলি করে হত্যা করা হয়েছে।,0.16,0.0,0.16,0.6989319,15,10
"কোটা আন্দোলনের প্রায় সব শীর্ষস্থানীয় নেতাদেরই আটক করা হয়েছিলো খ্যাতিমান ফটো সাংবাদিক শহীদুল আলম এখনো জামিন না পেলেও মুক্তির প্রক্রিয়া চলছে কোটা আন্দোলনের যুগ্ম আহবায়ক লুৎফুন্নাহার লুমার। অথচ কিছুদিন আগেই ব্যাপক অভিযান চালিয়ে বিপুল সংখ্যক ব্যক্তিকে আটক করে নানা অভিযোগে তাদের নামে মামলাও দেয়া হয়েছিলো। তাহলে আবার হঠাৎ করেই তাদের প্রতি নমনীয়তা দেখানোর কারণ কি? আইনমন্ত্রী আনিসুল হক বিবিসিকে বলছেন কোন চাপ বা রাজনীতি নয় বরং মানবিক কারণেই আটককৃতদের জামিন আবেদনের বিরোধিতা করেনি সরকারি কৌসুলিরা। এর মধ্যে আর কোন রাজনীতি ছিলোনা বলেও মন্তব্য করেন তিনি। ""প্রধানমন্ত্রী নির্দেশনা দিয়েছিলেন আটককৃতরা আবেদন করলে যেনো জামিনের বিরোধিতা না করা হয়, যাতে তারা পরিবারের সাথে ঈদ করতে পারে। তবে মামলা তদন্ত চলছে। তদন্ত অনুযায়ী মামলা চলবে""। কিন্তু হঠাৎ করে ব্যাপক অভিযানে গ্রেফতারের পর আবার হঠাৎ করে জামিনে মুক্তির এই নমনীয়তার কারণ কী? দু স্কুল শিক্ষার্থীর মৃত্যুর পর রাস্তায় নেমে এসেছিলো স্কুল শিক্ষার্থীরাও। এ আন্দোলনের জের ধরে আটক হয়েছিলেন অনেকে। জবাবে মিস্টার হক, ""এই সরকার জনগণের সরকার। জনগণের যেভাবে সুবিধা হবে সেটাই সরকার করবে। এখানে রাজনীতি বা অন্য কিছু নেই।"" তবে কোটা সংস্কারের দাবীতে চলতি বছরের শুরু থেকে গড়ে ওঠা আন্দোলনের একজন সক্রিয় ঢাকা বিশ্ববিদ্যালয়ের দুর্যোগ ব্যবস্থাপনা ইন্সটিটিউটের একজন শিক্ষার্থী বলেন কোটা সংস্কার ও নিরাপদ সড়ক আন্দোলন- শিক্ষার্থীদের দুটি আন্দোলনকেই সরকার নিজেই রাজনৈতিক রূপ দেয়ার চেষ্টা করেও পারেনি আর সে কারণেই শুরুতে কঠোরতা দেখালেও জনমত বিবেচনা করেই আটককৃতদের মুক্তির ব্যবস্থা করা হয়েছে বলে মনে করেন তিনি। তিনি বলেন, ""সরকার এ আন্দোলন রাজনৈতিক ভেবে ভুল করেছে। সরকার যে আসলে কঠোর জায়গা থেকে নরম হয়েছে সেটা সবাইকে স্বস্তি দিয়েছে""। কোটা সংস্কার আন্দোলনের সংগঠকদের বেশিরভাগকেই আটক করা হয়েছিলো গত মাসেই। এর মধ্যেই ২৯শে জুলাই বাস চাপায় দু স্কুল শিক্ষার্থীর মৃত্যুর পর গড়ে ওঠে নিরাপদ সড়ক চাই আন্দোলন। এ আন্দোলনকে কেন্দ্র করে অর্ধশত মামলায় প্রায় একশ শিক্ষার্থীকে আটক করা হয়। পরে অনেকের জামিন আবেদন প্রত্যাখ্যাত হলে উদ্বেগ উৎকণ্ঠা বেড়ে যায় সব মহলেই। পরে তাদের আটকের প্রতিবাদে সোচ্চার হন অনেকেই। আটক শিক্ষার্থীসহ আরও কয়েকজন মুক্তি পেলেও কারাগারে আছেন শহীদুল আলম সরকারের তরফ থেকে প্রথমে শক্ত অবস্থান দেখা গেলেও পরে সে অবস্থান থেকে সরে আসে সরকার। ফলে আটক শিক্ষার্থীদের অনেকেই পরে জামিন পেয়ে কারাগার থেকে বের হয়ে আসে। ঢাকা বিশ্ববিদ্যালয়ের শিক্ষক জোবাইদা নাসরিন বলছেন জনমত আর সামনে নির্বাচনকে কেন্দ্র করে রাজনৈতিক পরিস্থিতিই সরকারকে বাধ্য করেছে আটক শিক্ষার্থীদের প্রতি নমনীয় হতে। তিনি বলেন, ""যেভাবে শিক্ষার্থীদের গ্রেফতার করা হয়েছিলো তাতে সরকারই ঝুঁকিতে পড়ে গেলো। এ ঝুঁকি যেনো না বাড়ে কিংবা এটি সামনের নির্বাচনের যেনো কোন প্রভাব না ফেলে আমার মনে হয় সেটিই সরকার বিবেচনায় নিয়েছে।"" যদিও আইনমন্ত্রী আনিসুল হক স্পষ্টভাবেই বলেছেন শিক্ষার্থীদের জামিনে মুক্তির বিষয়টি নিতান্তই মানবিক, এর সাথে কোন ধরনের রাজনীতি নেই। তবে নিরাপদ সড়কের দাবিতে আন্দোলনের সময় আটক হওয়া ফটো সাংবাদিক শহীদুল আলম এখনো কারাগারেই রয়েছেন। আর কোটা সংস্কার আন্দোলনের নেতৃবৃন্দ বলছেন সরকারের উচিত তাদের বিরুদ্ধে দায়ের করা সব মামলা প্রত্যাহার করে অবিলম্বে কোটা সংস্কারের প্রজ্ঞাপন জারী করা।",বাংলাদেশে সাম্প্রতিক সময়ে কোটা সংস্কার আন্দোলন ও নিরাপদ সড়কের দাবীতে গড়ে উঠা আন্দোলনের জের ধরে যাদের আটক করা হয়েছিলো তাদের প্রায় সবাই জামিনে মুক্তি পেয়েছেন।,বাংলাদেশে কোটা সংস্কারের দাবীতে আন্দোলনের জের ধরে আটক হওয়া প্রায় সব শীর্ষস্থানীয় নেতাদের জামিনে মুক্তি দেয়া হয়েছে।,0.4761904761904762,0.15,0.4761904761904762,0.8066554,17,25
"মালালা ইউসুফজাই সোয়াত ভ্যারীতে পৌঁছান সামরিক বাহিনীর হেলিকপ্টারে করে পাকিস্তানের জনগণের বড় অংশই তাঁর এই ফিরে আসায় আনন্দিত বলে বিবিসির সংবাদদাতারা জানিয়েছেন। কিন্তু তাঁর বিপক্ষেও মিছিল হয়েছে লাহোরে। প্রায় সাড়ে পাঁচ বছর পর মালালা বাবা-মাসহ জন্মভূমি পাকিস্তানে ফেরেন। ২০১২ সালে তিনি পাকিস্তান ছেড়েছিলেন তালেবান জঙ্গীদের গুলিতে মারাত্নক আহত হয়ে। স্কুলবাসে তাঁর উপর সেই হামলা হয়েছিল নারীদের শিক্ষার অধিকার নিয়ে কাজ করার জন্য। শনিবার দুই ভাই এবং বাবা-মাকে নিয়ে নিজ বাড়িতে যখন প্রবেশ করেন, তখন সেখানে তাঁদের কান্নাভেজা চোখ অন্য রকম এক পরিবেশ তৈরি করেছিল। মালালা কয়েকদিন ধরে নিজের জন্মভূমিতে যেখানেই কথা বলছেন, সেখানেই ছিল তাঁর আবেগ জড়িত কন্ঠ।তিনি তুলে ধরছেন দেশে স্থায়ীভাবে ফিরে আসার স্বপ্নের কথা। ইসলামাবাদে পাকিস্তানের প্রধানমন্ত্রীর বাসভবনে এক অনুষ্ঠানে মালালার বক্তব্য সরাসরি রাষ্ট্রীয় টেলিভিশনে প্রচার করা হয়েছে। মালালার নিজ বাড়ি যে প্রদেশে, সেখানে এখনও জঙ্গীদের শক্ত ঘাঁটি রয়েছে।ফলে মালালা পাকিস্তানে এলেও নিজের বাড়িতে যেতে পারবেন কিনা, তা নিয়ে শংকা ছিল শেষ মুহুর্ত পর্যন্ত। তবে কঠোর নিরাপত্তায় সব শংকা দূর করে মালালা শেষপর্যন্ত গিয়েছিলেন নিজ বাড়িতে। সেখানে তাঁরা আত্নীয়স্বজন এবং স্কুলের সহপাঠীরা তাঁকে অভ্যর্থনা জানান। মালালাও আবেগজড়িত কন্ঠে বলেছেন,তিনি চোখ বন্ধ করে নিজ জন্মভূমি ছেড়েছিলেন।আর আজ চোখ খুলে ফিরে এসেছেন। মালালা শিশুদের শিক্ষা এবং অধিকার নিয়ে বিশ্বজুড়ে কথা বলছেন। তিনি নারী শিক্ষার জন্য মালালা ফান্ড গঠন করেছেন। পাকিস্তানের মানুষ কিভাবে গ্রহণ করছে মালালাকে? ইসলামাবাদ থেকে বিবিসির সংবাদদাতা জানিয়েছেন, দেশটির জনগণের বড় অংশই মালালাকে সমর্থন করছেন। তারা মালালার ফিরে আসায় আনন্দ প্রকাশ করছেন। তবে একটা অংশের মধ্যে মালালার সমালোচনা রয়েছে।তারা মনে করে, মালালা পশ্চিমাদের এজেন্ডা নিয়ে কাজ করছেন। পাকিস্তানের লাহরে কয়েকটি বেসরকারি স্কুলের শিক্ষক এবং শিক্ষার্থীরা মালালার ফেরার বিরুদ্ধে বিক্ষোভ করেছে।তারা আমি মালালা নই বলেও শ্লোগান দেয়। এ ধরণের সমালোচনায় মালালা ইউসুফজাই আশ্চর্য হয়েছেন। তিনি বিবিসিকে বলেছেন, কেন তাঁর বিপক্ষে কথা বলা হচ্ছে সেটা তিনি বুঝতে পারছেন না। আরো পড়তে পারেন: এইচএসসি পরীক্ষায় 'প্রশ্নফাঁস হবে না' চিকিৎসা শিক্ষায় পুষ্টিজ্ঞানের অন্তর্ভুক্তি কতটা জরুরি?",সবচেয়ে কম বয়সে নোবেল বিজয়ী মালালা ইউসুফজাই পাকিস্তানের সোয়াতে নিজ বাড়িতে ফেরার পর প্রতিটি মুহুর্তে তাঁকে আবেগ তাড়া করছে।,পাকিস্তানে তালেবান জঙ্গীদের গুলিতে আহত হওয়া মালা ইউসুফজাই সোয়াত আজ নিজ জন্মভূমি ছেড়ে দেশে ফিরে এসেছেন।,0.11428571428571428,0.0,0.11428571428571428,0.72392756,16,19
"ডেভ হোয়াটমোর দীর্ষ সময় বাংলাদেশে কোচের দায়িত্ব পালন করেন নাম করা না হলেও বাংলাদেশের কোচ নিয়ে নানা সময় নানা বিতর্ক শোনা যায়। কোচ নিয়োগ নিয়ে যেমন বিতর্ক হয়, এরপর ক্রিকেটারদের সাথে সম্পর্ক ও বিদায়ের সময়ও নানা ধরণের বিতর্কের সৃষ্টি হয়। ২০১৮ ও ২০১৯ সালে সফলভাবে কোচের দায়িত্ব পালন করার পরেও, ইংল্যান্ডে অনুষ্ঠিত ক্রিকেট বিশ্বকাপের পরে বাংলাদেশের কোচের দায়িত্ব থেকে সমঝোতার মধ্য দিয়ে সরে দাঁড়াতে হয় স্টিভ রোডসকে। ঠিক কী ধরণের কোচ বাংলাদেশের নিয়োগ দেয়া উচিৎ? যারা তরুণদের তৈরি করতে পারবেন বাংলাদেশের ক্রিকেটে দেখা যায় অনেক ক্রিকেটার পুরোপুরি ঘরোয়া ক্রিকেটে তৈরি না হয়ে প্রতিভা দিয়ে জাতীয় দলে জায়গা করে নেয়, সেক্ষেত্রে জাতীয় দলে একটা ঘষামাজার জায়গা থাকে, যেটা ইংল্যান্ড বা অস্ট্রেলিয়ার ক্রিকেটীয় সংস্কৃতির সাথে বিপরীত। ""জাতীয় দলে এমন একজন কোচ আসা উচিৎ যিনি ক্রিকেটারদের শেখাতে পারবেন। কারণ এখানে নতুন ক্রিকেটাররা বেশি সুযোগ পান। এমন কেউ যদি আসেন যিনি নিজে পরিশ্রম করেন এবং পরিশ্রম করাতে পারবেন তাহলে ভালো হয়,"" বলছিলেন বাংলাদেশের জাতীয় ক্রিকেট দলের হয়ে খেলা ক্রিকেটার শাহরিয়ার নাফিস। বাংলাদেশ ক্রিকেট বোর্ডের গেম ডেভেলপমেন্ট ম্যানেজার যিনি জাতীয় পর্যায়ের কোচ নাজমুল আবেদীন ফাহিম। তিনি বলেন, ""অস্ট্রেলিয়া বা ইংল্যান্ডের সাথে তুলনা করলে আমাদের বেশ কিছু ক্রিকেটার পরিপক্ক না হয়ে দলে আসে, এটা একটা বড় চ্যালেঞ্জ।ইংল্যান্ড বা অস্ট্রেলিয়াতে অনেক পরিপক্ক হয়ে দলে ঢোকেন তাই অনেক বিষয়ে মাথা ঘামাতে হয় না। লিটন, সৌম্য বা সাব্বিরের মতো ক্রিকেটারদের যারা পরিচর্যা করে ১০০% করে তুলতে পারবেন এমন কোচ প্রয়োজন।"" ক্রিকেটের আরো কিছু খবর: লর্ডসের নাটকীয় ফাইনালের আলোচিত যত ঘটনা যে কারণে ম্যান অফ দা টুর্নামেন্ট উইলিয়ামসন 'বাচ্চারা, তোমরা খেলাধুলায় এসো না'- ম্যাচ শেষে জিমি নিশাম দায়িত্ব ছাড়ার সময় ক্রিকেটারদের ওপর অসন্তোষ প্রকাশ করেন হাথুরুসিংহে দীর্ঘমেয়াদি হতে হবে অনেক সময় বাংলাদেশ বা যেকোনো দেশের সংস্কৃতি ও ক্রিকেটের পরিবেশের সাথে মানিয়ে নিতে কোচদের সময় প্রয়োজন হয়, সেক্ষেত্রে নির্দিষ্ট লক্ষ্য হাতে রেখে কোচ নিয়োগ দেয়া প্রয়োজন বলে মনে করেন শাহরিয়ার নাফিস। তার মতে, ব্যাটিং, বোলিং বা ফিল্ডিং, তিন ধরণেরই কোচের দরকার হবে সেইসঙ্গে প্রয়োজন দীর্ঘমেয়াদি কোচ । যেহেতু চার বছর পরপর বিশ্বকাপ তাই এই দিকটায় গুরুত্ব দেয়া উচিৎ বলে তিনি মনে করেন। শাহরিয়ার নাফিস টেস্ট ক্রিকেটের প্রতিও বাড়তি নজর দেয়ার কথা বলেন, ""টেস্ট ক্রিকেটে উন্নতিকে গুরুত্ব দিয়ে সেভাবে কোচ নিয়োগ দেয়া উচিৎ। কারণ দেখা গিয়েছে বিশ্বকাপে যে চারটি দল সেমিফাইনালে খেলেছে চারটি দলই টেস্টে খুব ভালো।"" টেস্ট ক্রিকেটে জোর দেয়ার কথা বলেছেন শাহরিয়ার নাফিস বাংলাদেশের কোচ হলে কেমন হয়? নাজমুল আবেদীন ফাহিম বলেন, ""দেশের কোচ হলে অনেক সুবিধা আছে, আমরা যদিও বাইরের কোচদের ওপর বেশি নির্ভরশীল।"" ""ওদের সাথে আমাদের সংস্কৃতির পার্থক্য থাকে, ওদের খাপ খাইয়ে নিতে অনেক সময় লেগে যায়, অনেক সময় পুরো ব্যাপারটা পরিষ্কার হয় না।"" মি: ফাহিমের পরামর্শ, যদি এ দলে বা সহকারী কোচ হিসেবে দেশের কোচরা থাকতো সেক্ষেত্রে ভালো হতো, নিজেদের কোচ হলে সুবিধা রয়েছে। শ্রীলঙ্কার বিপক্ষে সিরিজে বাংলাদেশের ক্রিকেট দলের দেখাশোনা করবেন খালেদ মাহমুদ সুজন ইংল্যান্ডে বাংলাদেশকে পথ দেখাবেন স্টিভ রোডস বাংলাদেশের ক্রিকেট কোচ স্টিভ রোডস বরখাস্ত",বাংলাদেশের ক্রিকেট দলের কোচ নিয়োগের জন্য আবেদনের সময় বেঁধে দেয়া হয়েছিল ১৮ই জুলাই পর্যন্ত।,বাংলাদেশ ক্রিকেট বোর্ডের কোচ নিয়োগ নিয়ে নানা সময় বিতর্ক শোনা যায়।,0.23999999999999996,0.0,0.23999999999999996,0.7857014,11,14
"৩০ শতাংশ মুক্তিযোদ্ধা কোটা পুনর্বহালের দাবিতে ঢাকার শাহবাগ মোড়ে বিক্ষোভ করছে মুক্তিযোদ্ধা সংসদ সন্তান কমান্ড নামের একটি সংগঠন সংগঠনটির কেন্দ্রীয় এবং ঢাকা বিশ্ববিদ্যালয় শাখার নেতা কর্মীরা মুক্তিযোদ্ধা কোটা বহাল রাখার দাবিতে বুধবার রাত সাড়ে আটটার দিকে শাহবাগ মোড় অবরোধ করেন। এর আগে তারা ঢাকা বিশ্ববিদ্যালয় ক্যাম্পাসে বিক্ষোভ মিছিল করেছেন। বৃহস্পতিবারও শাহবাগের মোড়ে তাদের বিক্ষোভ চালিয়ে যেতে দেখা গেছে। বেলা বাড়ার সঙ্গে সঙ্গে লোকসমাগমও বেড়েছে। তারা শাহবাগের অবস্থান থেকে স্বাধীনতা বিরোধী শক্তির বিরুদ্ধে বিভিন্ন শ্লোগান এবং বক্তৃতা অব্যাহত রেখেছেন। ঢাকার কেন্দ্রিয় এই মোড়টি আটকে থাকায় যানবাহনগুলোকে ঘুরপথে যেতে হচ্ছে। বুধবার রাত দু'টার দিকে মুক্তিযোদ্ধা সন্তান কমান্ডের সভাপতি আতিকুর বাবু বিবিসি বাংলাকে বলেছেন, শাহবাগ মোড়ে রাস্তায় তাদের এই অবরোধ সারারাত থাকবে এবং বৃহস্পতিবার দিনেও অব্যাহত থাকবে। তিনি আরও জানিয়েছেন, শনিবার তারা ঢাকায় 'মহাসমাবেশ' ডেকেছেন। তাদের সংগঠন এবং মুক্তিযোদ্ধা পরিবারের সদস্যরা সারাদেশ থেকে ঢাকায় এসে ঢাকার ঐ সমাবেশে যোগ দেবেন। আতিকুর বাবু বলেছেন, ৩০ শতাংশ মুক্তিযোদ্ধা কোটা পুনর্বহাল না হওয়া পর্যন্ত তাদের আন্দোলন চলবে। আরও পড়ুন: চাকরিতে কোটা বাতিলের প্রস্তাবে সরকারের অনুমোদন কোটা সংস্কার: আন্দোলনের নেপথ্যে কী ঘটছে কোটা বাতিল হয়ে গেছে, আর হা-হুতাশ নয়: শেখ হাসিনা ঢাকার শাহবাগ মোড় অবরোধ করে রেখেছে বিক্ষোভকারীরা তাদের সমাবেশ থেকে সংগঠনটির নেতাদের বক্তব্যেও কোটা বাতিলের সিদ্ধান্তে কঠোর সমালোচনা করা হয়। তারা বলেছেন, ""মুক্তিযোদ্ধা কোটা বাতিলের বিষয়টি স্বাধীনতাবিরোধীদের কাছে হেরে যাওয়ার শামিল।"" রাতে মুক্তিযোদ্ধা সন্তান কমান্ডের নেতা কর্মীরা শাহবাগ মোড়ে অবস্থান নেয়ার পর সরকার সমর্থক ছাত্রলীগের সাধারণ সম্পাদক গোলাম রাব্বানী সেখানে গিয়ে তাদের দাবির প্রতি সমর্থন জানিয়েছেন। এতদিন সরকারি চাকরিতে নিয়োগে ৫৬ শতাংশ পদ বিভিন্ন কোটার জন্য সংরক্ষিত ছিল। এই কোটা ব্যবস্থায় মুক্তিযোদ্ধাদের সন্তানের জন্য ছিল ৩০শতাংশ, ক্ষুদ্র নৃগোষ্ঠীর জন্য ৫ শতাংশ, ১০ শতাংশ ছিল নারীদের জন্য, প্রতিবন্ধীর ১ শতাংশ এবং ১০ শতাংশ ছিল জেলা কোটা। কোটা পদ্ধতি সংস্কার করে ১০ শতাংশে নামিয়ে আনার দাবিতে বাংলাদেশ সাধারণ ছাত্র অধিকার সংরক্ষণ পরিষদ এর ব্যানারে আন্দোলন জোড়ালো হয়েছিল গত ফেব্রুয়ারি মাসে। এপ্রিলে সেই আন্দোলন তীব্র হয়ে দেশের বেশিরভাগ উচ্চ শিক্ষা প্রতিষ্ঠানে ছড়িয়ে পড়েছিল। শুরুতে সরকার কোটা পদ্ধতির পক্ষে শক্ত অবস্থান নিলেও সেই আন্দোলনের মুখে এক পর্যায়ে মন্ত্রী পরিষদ সচিবের নেতৃত্বে একটি কমিটি গঠন করা হয়েছিল। আর এই কমিটির পর্যালোচনা প্রতিবেদনের ভিত্তিতে মন্ত্রীসভা সরকারি চাকরির প্রথম ও দ্বিতীয় শ্রেনীর পদের জন্য কোটা বাতিলের প্রস্তাব অনুমোদন করেছে।নিম্নপদের জন্য কোটা পদ্ধতি বহাল রাখা হয়েছে। বুধবার রাত থেকে মুক্তিযোদ্ধা সন্তান কমান্ড শাহবাগে তাদের অবস্থান অব্যাহত রাখার ঘোষণা দিয়েছে। কোটা বাতিলের সিদ্ধান্তের পর বুধবার বিকালে গণভবনে প্রধানমন্ত্রী শেখ হাসিনা একটি সংবাদ সম্মেলনে মন্তব্য করেছিলেন, ''মুক্তিযোদ্ধার নাতিই যখন কোটা চায় না, তখন কোটা রেখে লাভ আছে? সেজন্য আমি বলছি, কোটা থাকলে শুধু আন্দোলন। তাই কোটার দরকার নেই। কোটা না থাকলে আন্দোলন নেই, সংস্কারও নেই।'' তিনি বলেন, ''যদি কারও কোটা চাই, তাহলে এখন কোটা চাই বলে আন্দোলন করতে হবে। সেই আন্দোলন যদি ভালোভাবে করতে পারে, তখন ভেবেচিন্তে দেখা হবে কী করা যায়। এরপর যদি কেউ কোনো কোটা চায়, তাহলে তাকে আন্দোলন করতে হবে। আন্দোলন ছাড়া কোটা দেব না।'' মন্ত্রীসভার এই সিদ্ধান্ত প্রত্যাখান করে মুক্তিযোদ্ধা সংসদ সন্তান কমান্ড বলেছে, প্রথম এবং দ্বিতীয় শ্রেণীর পদে মুক্তিযোদ্ধা কোটা বাতিলের এই সিদ্ধান্ত তাদেরকে কষ্ট দিয়েছে। এছাড়া নিম্ন পদে বহাল রেখে মুক্তিযোদ্ধাদের অপমান করা হয়েছে বলেও সংগঠনটির নেতারা মনে করেন।",বাংলাদেশে এক আন্দোলনের মুখে সরকারি চাকরিতে কোটা বাতিলের পর এখন এই সিদ্ধান্ত প্রত্যাখান করে রাতে রাজধানীর শাহবাগ মোড় অবস্থান নিয়েছে মুক্তিযোদ্ধার সন্তানদের সংগঠন মুক্তিযোদ্ধা সংসদ সন্তান কমান্ড ও মুক্তিযোদ্ধার পরিবার নামের দুইটি সংগঠন।,বাংলাদেশে ঢাকার শাহবাগ মোড়ে ৩০ শতাংশ মুক্তিযোদ্ধা কোটা পুনর্বহালের দাবিতে বিক্ষোভ করছে একটি সংগঠন।,0.21276595744680848,0.0,0.1702127659574468,0.73347324,14,33
"আয়েশা সিদ্দিকা এলাকায় চিকিৎসক হিসেবে সুনামও আছে তার। এখনো তিনি সপ্তাহে চারদিন রোগী দেখেন। কিন্তু এই হোমিও চিকিৎসকই হতে চেয়েছিলেন বাংলাদেশের প্রথম নারী কাজি বা নিকাহ্ রেজিস্টার। ব্যতিক্রমী পেশার স্বপ্নে ২০১২ সালে পত্রিকায় বিজ্ঞাপন দেখে ফুলবাড়ী পৌরসভায় নিকাহ রেজিস্টার বা কাজি পদের জন্য আবেদন করেন আয়েশা সিদ্দিকা। নিয়োগ বিজ্ঞাপনে কেবল পুরুষ সদস্য আবেদন করতে পারবেন, এমন কোন কথা লেখা ছিল না। ধাপে ধাপে লিখিত ও মৌখিক পরীক্ষা দিয়ে ২০১৪ সালে নিয়োগ পরীক্ষায় তিনি প্রথম স্থান অধিকার করেন। আরো পড়তে পারেন: নিকাহ্ রেজিস্ট্রার হতে পারবেন না বাংলাদেশের নারীরা নিয়োগ প্রক্রিয়া চূড়ান্তে গঠিত কমিটির সদস্য ছিলেন স্থানীয় সংসদ সদস্য, উপজেলা নির্বাহী কর্মকর্তা, উপজেলা চেয়ারম্যান, পৌরসভার মেয়রসহ মোট পাঁচজন। ওই কমিটি নির্বাচিত তিনজন সদস্যের একটি প্যানেল প্রস্তাব দিয়ে চূড়ান্ত করে আইন মন্ত্রণালয়ে পাঠিয়েছিল। এরপর মন্ত্রণালয় থেকে চিঠি দিয়ে কমিটির কাছে জানতে চাওয়া হয়, তারা কাকে নিয়োগ দিতে চান। সেসময় কমিটি চিঠি দিয়ে আয়েশা সিদ্দিকাকে নিয়োগের সুপারিশ করে। কিন্তু কয়েকমাস পরে আয়েশাকে চিঠি দিয়ে জানানো হয়েছিল যে নিয়োগ কমিটির প্রস্তাবিত প্যানেল বাতিল করে দিয়েছে আইন মন্ত্রণালয়। আদালতে গেলেন কখন? বিবিসি বাংলাকে আয়েশা সিদ্দিকা জানিয়েছেন, ২০১৪ সালের ১৬ই জুন আইন মন্ত্রণালয় 'বাংলাদেশের বাস্তব অবস্থার পরিপ্রেক্ষিতে নারীদের দ্বারা নিকাহ্ রেজিস্টারের দায়িত্ব পালন করা সম্ভব নয়' - এমন মত দিয়ে একটি চিঠি দিয়ে নিয়োগ কমিটির প্রস্তাবিত প্যানেল বাতিল করে। মনঃক্ষুণ্ণ হলেও তিনি মেনেই নিয়েছিলেন বিষয়টি। কিন্তু এরমধ্যে আয়েশা হঠাৎ জানতে পারলেন, প্যানেলের প্রস্তাবিত তালিকায় দ্বিতীয় স্থানে থাকা ব্যক্তিকে নিয়োগ দেয়া হয়েছে, যিনি একজন পুরুষ এবং সম্পর্কে তার আত্মীয়। স্বামীর চেয়েও বেশি আয় মোটর মেকানিক রাব্বি আপার ""এই ঘটনায় আমি খুবই আঘাত পাই মনে। আমার খুব অপমানও লাগে যখন জানতে পারি যে পরীক্ষায় প্রথম হয়েও আমি নিয়োগ পাব না, কারণ আমি মহিলা!"" বিষয়টি নিয়ে তিনি মানসিকভাবে ভেঙে পড়লে স্বামীর পরামর্শে আয়েশা আইনি প্রতিকার চাইতে ঢাকায় আসেন। এরপরই আইন মন্ত্রণালয়ের ঐ চিঠিকে চ্যালেঞ্জ করে হাইকোর্টে রিট দায়ের করেন আয়েশা সিদ্দিকা। ছয় বছর পরে ২০২০ সালের ২৬শে ফেব্রুয়ারি আদালত মন্ত্রণালয়ের মতামতকে বহাল রেখে রায় দেয়। সম্প্রতি ১০ই জানুয়ারি পূর্ণাঙ্গ রায় প্রকাশিত হয়, আর তারপরই বিষয়টি সবার সামনে চলে আসে। বিষয়টি নিয়ে দেশের গণমাধ্যম ও সামাজিক মাধ্যমে ব্যাপক আলোচনা চলছে এখনো। রায়ের পর্যবেক্ষণে বলা হয়েছে যে কিছু নির্দিষ্ট শারীরিক ও সামাজিক বাস্তবতার কারণে দেশের নারীরা নিকাহ্ রেজিস্টার বা কাজি হতে পারবেন না। আয়েশা জানিয়েছেন, পূর্ণাঙ্গ রায় এখন প্রকাশিত হলেও, ২০২০ সালে আদালতের রায়ের পরই তিনি আপিল করা সিদ্ধান্ত নেন। ইতিমধ্যে অ্যাপিলেট ডিভিশনে এ নিয়ে একটি আপিল দায়ের করা হয়েছে। নিকাহ রেজিস্টার কেন হতে চেয়েছিলেন আয়েশা সিদ্দিকার কাছে জানতে চেয়েছিলাম নিকাহ রেজিস্টার বা কাজির মত যে পেশায় এখনো পর্যন্ত কোন নারী নিয়োগ পাননি, তেমন একটি পদে তিনি কেন আবেদন করেছিলেন? তিনি বলেছেন, ব্যতিক্রমী কিছু করার জন্য তিনি আবেদন করেননি। বিজ্ঞপ্তি দেখে তিনি আগ্রহী হয়েছিলেন, কারণ সমাজে গ্রহণযোগ্যতা আছে এই পেশার। ""তাছাড়া ওই বিজ্ঞপ্তিতে তো উল্লেখ ছিল না যে নারীরা আবেদন করতে পারবে না। আমি যখন দেখলাম যে নারী পুরুষ কিছু উল্লেখ নাই, তখন ভাবলাম - তাহলে আমি তো আবেদন করতেই পারি।"" ""পরে আবেদনপত্র বাছাই, বা পরীক্ষার সময়ও তো আমাকে মহিলা বলে বাদ দেয় নাই, নিয়োগ কমিটিও তো ফলাফল চূড়ান্ত করে প্রস্তাব পাঠিয়েছে। এই কোন পর্যায়েই তো আমাকে 'ডিসকোয়ালিফাইড' বা অযোগ্য ঘোষণা করা হয় নাই! তাহলে আমি তো অযোগ্য না।"" আয়েশার শৈশব ও কৈশোর কেটেছে ফুলবাড়ীর পূর্ব কাটাবাড়ীতে। তিন বোন এক ভাইয়ের পরিবারে দ্বিতীয় সন্তান তিনি। বাবাও ছিলেন হোমিও চিকিৎসক। বাবা অসুস্থ হয়ে যাওয়ায় মাদ্রাসায় পড়তে পড়তেই অল্প বয়সে বিয়ে দিয়ে দেয়া হয় তাকে। বিয়ের পরও তিনি পড়াশোনা চালিয়ে যান। একই সঙ্গে ফুলবাড়ীর দারুল সুন্নাহ সিনিয়র সিদ্দিকিয়া মাদ্রাসা থেকে ফাজিল পাস করেছেন, আবার হোমিও কলেজ থেকেও ডিগ্রী নিয়েছেন। ""ব্যতিক্রমী কিছু করার ইচ্ছা ছিল না, কিন্তু এটা মেনে নেয়া কষ্টকর যে শুধু মহিলা হওয়ার কারণে আমি অযোগ্য হবো কোন কিছুর জন্য।"" বিবিসি বাংলায় আরো খবর: বিবিসির ১০০ নারীর তালিকায় রোহিঙ্গা ক্রিকেটার টেস্টে প্রথম নারী আম্পায়ার, সাকিবের তৃতীয় সন্তান, পাকিস্তানকে শোয়েবের এক হাত ভারতের অন্ধ্রপ্রদেশে মদ নিষিদ্ধ করার আন্দোলন করেছিলেন যে নারী",গত প্রায় ১৯ বছর ধরে দিনাজপুরে ফুলবাড়ী উপজেলার পূর্ব কাটাবাড়ীতে হোমিও চিকিৎসক হিসেবে কাজ করছেন আয়েশা সিদ্দিকা।,বাংলাদেশের দক্ষিণাঞ্চলীয় জেলা ফুলবাড়ীর বাসিন্দা আয়েশা সিদ্দিকা। গত বছর ঢাকার একটি হাসপাতালে চিকিৎসাধীন ছিলেন তিনি।,0.25,0.06666666666666667,0.125,0.7783323,15,17
"ঘূর্ণিঝড় ইয়াস-এর অবস্থানের সবশেষ স্যাটেলাইট চিত্র এমন অবস্থায় বাংলাদেশের সমুদ্র বন্দরগুলোর জন্য দুই নম্বর সতর্কতা সংকেত জারি করেছে আবহাওয়া অধিদপ্তর। সকাল সাড়ে সাতটার দিকে আবহাওয়াবিদ এ কে এম রুহুল কুদ্দুস বিবিসি বাংলাকে জানিয়েছেন, গত ছয় ঘন্টায় ঘূর্ণিঝড়টি নয় কিলোমিটার গতিতে এগিয়েছে এবং এটি আরো শক্তি সঞ্চয় করবে। তবে এই ঘূর্ণিঝড় বাংলাদেশে আঘাত হানার সম্ভাবনা ক্ষীণ বলে জানিয়েছেন আবহাওয়াবিদ রুহুল কুদ্দুস। ""এখনো পর্যন্ত দেখা যাচ্ছে, এই ঘূর্ণিঝড়ের পুরো গতিপথ ভারতের উড়িষ্যা এবং পশ্চিমবঙ্গের দিকে। উপকূলে আসার পর ভারতের দিকে যাওয়ার পথে বাংলাদেশের খুলনা এবং সাতক্ষীরা উপকূলে কিছু বৃষ্টিপাত হবে,"" বলেন আবহাওয়াবিদ মি. রুহুল কুদ্দুস। ঘূর্ণিঝড়ের প্রভাবে সাগর উত্তাল রয়েছে। আবহাওয়া অধিদপ্তরের বুলেটিনে জানানো হয়েছে ঘূর্ণিঝড়টি আরো ঘনীভূত হয়ে উত্তর-উত্তরপশ্চিম দিকে অগ্রসর হয়ে ২৬মে ভোর নাগাদ উত্তর-পশ্চিম বঙ্গোপসাগরে পৌঁছাতে পারে। মঙ্গলবার সকাল ছয়টায় ঘূর্ণিঝড় 'ইয়াস' চট্টগ্রাম সমুদ্রবন্দর থেকে ৫৭৫ কিলোমিটার দক্ষিণ-দক্ষিণ পশ্চিমে, কক্সবাজার থেকে ৫২০ কিলোমিটার, মংলা সমুদ্র বন্দর থেকে ৫১৫ কিলোমিটার এবং পায়রা সমুদ্র বন্দর থেকে ৪৮০ কিলোমিটার দূরে অবস্থান করছে। ঘূর্ণিঝড় কেন্দ্রের ৬৪ কিলোমিটারের মধ্যে বাতাসের একটানা সর্বোচ্চ গতিবেগ ঘণ্টায় ৮৯ কিলোমিটার। ঝড়ো হাওয়ার আকারে এর গতি ১১৭ কিলোমিটার পর্যন্ত বৃদ্ধি পাচ্ছে বলে জানিয়েছে আবহাওয়া অধিদপ্তর। গভীর নিম্নচাপ থেকে সোমবার ভোরে এটি ঘূর্ণিঝড়ে পরিণত হয়। ঘূর্ণিঝড়ে পরিণত হওয়ার পর পূর্বে ঠিক করা তালিকা অনুযায়ী এটির নাম হয় ইয়াস। বিশ্ব আবহাওয়া সংস্থার সাইক্লোন সংক্রান্ত আঞ্চলিক সংস্থা এসকাপের তালিকা অনুযায়ী এই নামটি প্রস্তাব করেছিল ওমান। এর অর্থ 'হতাশা'। বিবিসি বাংলায় আরো পড়ুন ""পাসপোর্টে উল্লেখ না থাকলেও বাংলাদেশিরা ইসরায়েলে যেতে পারবে না"" আমেরিকার কাছ থেকে ইসরায়েল কত অস্ত্র আর অর্থ সাহায্য পায়? সূর্য ও চন্দ্রগ্রহণ নিয়ে যেসব তথ্য জেনে রাখতে পারেন","বাংলাদেশের আবহাওয়া অধিদপ্তর জানিয়েছে, বঙ্গোপসাগরে অবস্থানরত ঘূর্ণিঝড় 'ইয়াস' প্রবল শক্তিশালী হয়ে সমুদ্রে একই এলাকায় অবস্থান করছে।",ঘূর্ণিঝড় 'ইয়াস' বাংলাদেশের উপকূলের দিকে এগিয়েছে।,0.2727272727272727,0.1,0.18181818181818182,0.7728414,6,16
"বনানীর এফ আর টাওয়ারে আগুনের ঘটনায় ২৬ জন নিহত হয়েছেন বিশেষ করে প্রায় পৌনে এক ঘণ্টা পর আগুন নেভানোর কার্যক্রম শুরু করা, একপর্যায়ে পানি ফুরিয়ে যাওয়া এবং মানুষজনকে উদ্ধার কার্যক্রমে সময় লাগা নিয়ে সামাজিক মাধ্যমে অনেকেই অভিযোগ তুলেছেন। ঢাকার বনানীর মতো একটি অভিজাত এলাকায় একটি বহুতল ভবনে লাগা আগুন নেভাতে কেন এতো সময় লাগলো? বনানীর এফ আর টাওয়ারে আগুন লাগার খবর দমকল বিভাগ পায় বেলা সাড়ে ১২টা ৫৫ মিনিটে। তাদের হিসাবে এর অন্তত ২০মিনিটি আগে আগুন লেগেছে। আগুন লাগার চার ঘণ্টারও বেশি সময় পরে আগুন নিয়ন্ত্রণে আসে। পরে এ কাজে দমকল বাহিনীর ১৭টি ইউনিট কাজ করে। সেই সঙ্গে যোগ দেয় অন্যান্য বাহিনীও। পরে তাদের সাথে সেনা, নৌ ও বিমান বাহিনী যৌথভাবে কাজ শুরু করে। সাথে স্থানীয় মানুষেরাও যোগ দেন। বনানী আগুন: ছবিতে উদ্ধার তৎপরতা আগুন নেভাতে দমকলকর্মীদের জন্য উন্নত সব কৌশল বনানীর এফ আর টাওয়ারে আগুন চার ঘণ্টা চেষ্টার পর আয়ত্তে আনে ফায়ার সার্ভিস কিন্তু কেন এই আগুনটি নেভাতে চারঘণ্টা সময় লাগলো? দমকল বাহিনীর ঢাকা বিভাগের কর্মকর্তা দেবাশীষ বর্ধন জানিয়েছেন, মূলত দুটি কারণে আগুন নিয়ন্ত্রণে আনতে দেরি হয়েছে। • পানির অভাব আগুন নিয়ন্ত্রণে আনার জন্য প্রচুর পানি দরকার হয়। এক সময় পানির যোগান এবং তা যথাস্থানে দ্রুত সময়ে পৌঁছানো একটি চ্যালেঞ্জ হয়ে দাঁড়ায়। আগুন নিয়ন্ত্রণে আনতে বেশি সময় লাগার এটি একটি কারণ। কর্মকর্তারা বলছেন, নিয়ম অনুযায়ী, এ ধরনের বহুতল ভবনের নিচে পানির রিজার্ভ থাকার কথা। কিন্তু ভবনটিতে পানি সরবরাহের যেমন কোন ব্যবস্থা ছিল না, আশেপাশেও তেমন পানির উৎস ছিল না। • সিনথেটিক ফাইবার মি. বর্ধন জানিয়েছেন, ঐ ভবনের বেশিরভাগ তলায় রয়েছে বিভিন্ন অফিস, যেগুলো ডেকোরেট বা সজ্জার কাজে ব্যবহার করা হয়েছে সিনথেটিক ফাইবার। এসব জিনিসে আগুন লেগে যাওয়ায় তা যেমন দ্রুত ছড়িয়ে পড়ে, তেমনি অনেক ধোয়ার সৃষ্টি হয়। • মানুষের অতিরিক্ত ভিড় দমকল বিভাগের পরিচালক এ কে এম শাকিল নেওয়াজ বলছেন, বিল্ডিং কোড অনুযায়ী, এ ধরনের বহুতল একটি ভবনের অন্তত ৩০ মিনিট নিজস্ব ফায়ার ফাইটিং ক্যাপাসিটি থাকতে হবে। কিন্তু বনানীর ওই ভবনে সেটা ছিল না। ওই ক্যাপাসিটি থাকলে আগুনটা এতো বড় করে ছড়িয়ে পড়তে পারতো না, দমকল কর্মীরা গিয়েই সেটি নিভিয়ে ফেলতে পারতো। তিনি জানান, আগুন লাগার বেশ খানিকক্ষণ পরেই দমকল বিভাগে খবর দেয়া হয়েছে। তারপরে অতিরিক্ত ভিড়ের কারণে উদ্ধার কর্মীরা আরো বিপদে পড়েছেন। গাড়ি ঢুকতে সমস্যা হয়েছে, পানি আনা যায়নি। আগুনে পুড়ে মারাত্মকভাবে ক্ষতিগ্রস্ত হয়েছে বনানীর এফ আর টাওয়ার যেসব কারণে আগুন এতো দ্রুত ছড়িয়েছে আগুন কেন এতো দ্রুত ছড়িয়ে পড়েছিল তা নিয়ে প্রকৌশল বিশ্ববিদ্যালয়ের অধ্যাপক এম এ আনসারির সাথে আলাপকালে মূলত ছয়টি কারণ উঠে এসেছে। ১. প্রশিক্ষিত লোকজন ছিল না তিনি বলছেন, যেকোনো ভবনে আগুন নেভানোর সরঞ্জাম থাকার পাশাপাশি সেগুলো ব্যবহারে দক্ষতা বা প্রশিক্ষিত লোকজনও থাকা দরকার। ""দমকল বিভাগের আসতে সময় লাগে। তখন প্রতিটি ফ্লোরে কিছু প্রশিক্ষিত ব্যক্তি থাকা দরকার ছিল, যারা তাৎক্ষণিকভাবে আগুনটি নেভাবেন।"" তিনি জানান, এই ব্যাপারটি এই ভবনে একেবারেই ছিল না।"" ২. 'ফায়ার ডোর ছিল না' মি.আনসারি জানান, এফ আর টাওয়ারে ""আগুন থেকে বাঁচার সিঁড়ি থাকলেও তা ছিল নগণ্য। ""কোন ফায়ার ডোর ছিল না। ফায়ার ডোর থাকলে তার ভেতরে আগুন ঢুকতে পারতো না।"" ৩. মূল সিঁড়ি ও ফায়ার এক্সিট সিঁড়ি পাশাপাশি আরেকটি ব্যাপার হলো, মূল সিঁড়ি আর আগুন থেকে নামার সিঁড়ি বা ফায়ার এক্সিট দুইটা পাশাপাশি ছিল বলে জানা গেছে, ""যা হওয়ার কথা নয়"" বলে মনে করছনে মি.আনসারি। এর আগে দমকল বিভাগের কর্মকর্তারা জানিয়েছিলেন যে, ভবনটিতে সম্ভাব্য অগ্নিকাণ্ড থেকে পালানোর জন্য লোহার ফ্রেমে তৈরি সরু একটি সিঁড়ি ছিল ঠিকই - কিন্তু তা ছিল তালাবদ্ধ। ""ফায়ার এস্কেপ হিসাবে একটি লোহার সিঁড়ি থাকলেও, বিভিন্ন ফ্লোরে সেটি তালাবন্ধ অবস্থায় দেখা গেছে"" - বিবিসি বাংলাকে বলেছিলেন দমকল বিভাগের সিনিয়র স্টেশন অফিসার শাজাহান শিকদার। ৪. এক্সটিংগুইশার থাকলেও ব্যবহারের জন্য প্রশিক্ষিত লোক ছিল না বুয়েটের শিক্ষক মি. আনসারি বলছেন, ভবনে ফায়ার এক্সটিংগুইশার থাকলেও, সেগুলো ব্যবহারে প্রশিক্ষিত লোকজন ছিল না। ৫. হোসপাইপে পানির সংযোগ ছিল না এছাড়া হোসপাইপ থাকলেও, সেগুলোয় পানির সংযোগ ছিল না বলে জানতে পেরেছেন তিনি। ৬. ফায়ার অ্যালার্ম ছিল না বনানীর এই ভবনটিতে কোন ফায়ার অ্যালার্ম সিস্টেম ছিল না। যার ফলে অনেকেই এটি বুঝে উঠতে পারেননি। কর্মকর্তাদের অভিযোগ, মানুষের অতিরিক্ত ভিড়ের কারণে আগুন নেভাতে দেরি হয়েছে উঁচু থেকে পড়ে মারা যাওয়া কি ঠেকানো যেতো? বহুতল ভবনে আগুন লাগার পর লাফিয়ে নিচে পড়া ব্যক্তিদের উদ্ধারের জন্য বাতাসের বিশেষ ম্যাট্রেস রয়েছে দমকল বিভাগের। এর ওপর কেউ পড়লে তিনি আহত হলেও হয়তো নিরাপদে উদ্ধার পেতে পারেন। কিন্তু বনানীর আগুনের ঘটনায় সেসব ম্যাট্রেস ব্যবহার করতে দেখা যায়নি। দমকল বিভাগের কর্মকর্তা শাজাহান শিকদার বলছেন, ''এ ধরনের ম্যাট্রেস আমাদের কাছেও আছে। কিন্তু এখানে আমরা সেটি ব্যবহার করিনি, তার বিশেষ কারণ রয়েছে।'' ''এসব ম্যাস্ট্রেস পাঁচতলা ভবন পর্যন্ত ব্যবহার করা যেতে পারে। অর্থাৎ ছয়তলার বেশি উঁচু নয়, এমন ভবনে আগুন লাগলে, সেখান থেকে কেউ এসব ম্যাট্রেসে লাফিয়ে পড়লে অক্ষত থাকবেন। কিন্তু এর বেশি উঁচু ভবন হলে, সেখান থেকে কেউ লাফ দিলে এসব ম্যাট্রেস সামলাতে পারবে না, ফলে ওই ব্যক্তির ক্ষতি হতে পারে। '' মি. শিকদার বলছেন, ফলে আমরা যদি সেগুলো এখানে দিতাম, অনেকেই সেগুলো দেখে লাফিয়ে নামার চেষ্টা করতেন। কিন্তু তাতে হতাহতের সংখ্যা আরো অনেক বেশি হতো। এ কারণে বনানীর আগুনে তা ব্যবহার করা হয়নি। ঢাকায় অসংখ্য বহুতল ভবন গড়ে উঠেছে যেগুলোর অগ্নিনিরাপত্তা ব্যবস্থা নিয়ে সংশয় রয়েছে ক্ষয়ক্ষতি কীভাবে এড়ানো যেতো? দমকল বিভাগের পরিচালক শাকিল নেওয়াজ বলছেন, এই ভবনেই যদি চারটা ফায়ার এস্কেপ থাকতো, অগ্নি নির্বাপণের ব্যবস্থা থাকতো, ফায়ার ডোরগুলো থাকতো, তাহলে এখানে কেউ মারা যেতো না। তিনি বলছেন, আগুনের খবর পেয়ে দমকল বিভাগ তো গিয়ে আগুন নেভাবেই, কিন্তু এ ধরনের বহুতল ভবনগুলোয় নিজস্ব অগ্নিনির্বাপণের ব্যবস্থা থাকলে তাতে প্রাণহানি যেমন হবে না, তেমনি ক্ষয়ক্ষতির সম্ভাবনাও কমে যাবে। এ কারণে বিল্ডিং কোড মেনে প্রতিটা বহুতল ভবনে অগ্নি নির্বাপণের ব্যবস্থা নিশ্চিত করা এবং সেখানকার কর্মীদের প্রশিক্ষণের ওপর তিনি জোর দেন। পাশাপাশি ঢাকায় আরো বেশি ফায়ার স্টেশন বাড়ানো দরকার বলেও তিনি মন্তব্য করেন। বর্তমানে ঢাকা শহরে ১৭টি দমকল স্টেশন রয়েছে, আর সারা দেশে রয়েছে ৪০২টি স্টেশন।",বনানীর এফ আর টাওয়ারে আগুন লাগার পর প্রায় চার ঘণ্টা চেষ্টার পরে আগুন আয়ত্তে আনে দমকল বিভাগ। পুরোপুরি আগুন নেভাতে সময় লাগে আরো কয়েক ঘণ্টা।,বাংলাদেশের রাজধানী ঢাকার বনানীর এফ আর টাওয়ারে আগুনের ঘটনায় নিহতের সংখ্যা ২৬ জনে দাঁড়িয়েছে।,0.20512820512820512,0.16216216216216217,0.20512820512820512,0.7028745,14,25
"সড়ক পরিবহন আইন সংশোধনের দাবিতে গত ২৭ অক্টোবর ঢাকায় পরিবহন শ্রমিকদের সমাবেশ। সড়ক পরিবহন আইন-২০১৮ নামের যে আইন সংসদে পাশ হয়েছে, শ্রমিক ফেডারেশন সেই আইনের বিভিন্ন ধারার ব্যাপারে আপত্তি জানিয়ে আসছিল। সাম্প্রতিক সময়ে পর-পর বেশ কয়েকটি সড়ক দুর্ঘটনায় মানুষের মৃত্যুর ঘটনা ব্যাপক আলোচনা সৃষ্টি করে। তখন নিরাপদ সড়কের দাবিতে স্কুল কলেজের শিক্ষার্থীদের ব্যাপক আন্দোলনের মুখে সরকার আইনটি প্রণয়ন করে। বিবিসি বাংলায় আরো পড়ুন পরিবহন ধর্মঘট: রাস্তায় অটোরিকশাও চলতে পারছে না নিরাপদ সড়ক: কুষ্টিয়ায় শিশুর মৃত্যু কি এড়ানো যেত? নিরাপদ সড়ক আন্দোলন: কী ঘটেছিল ধানমণ্ডিতে? বাংলাদেশে সড়কে শৃঙ্খলা: সমাধান সূত্র আছে যেখানে কিন্তু এর বিরুদ্ধে সড়ক পরিবহন শ্রমিক ফেডারেশন কেন অবস্থান নিয়েছে? শ্রমিক ফেডারেশনের সাধারণ সম্পাদক ওসমান আলী বিবিসি বাংলাকে বলেন, সংসদে যে আইন পাশ করা হয়েছে সেটির অনেক ভালো দিক আছে, এবং কিছু বিষয় সংশোধনের প্রয়োজন আছে। বিভিন্ন সময় পরিবহন ধর্মঘটে চরম বিপাকে পড়েছেন সাধারণ মানুষ। আইনের আটটি বিষয় সংশোধনের জন্য গত মাসের ২৭ তারিখে সরকারকে চিঠি দেয়া হয়েছে বলে উল্লেখ করেন তিনি। এরমধ্যে প্রথম বিষয়টি হচ্ছে, সড়ক দুর্ঘটনার জামিন অযোগ্য করার বিষয়টি সংশোধন করা। ""সড়ক দুর্ঘটনার মামলা যদি জামিন অযোগ্য হয়, তাহলে তো পরিবহন শ্রমিকদের পক্ষে গাড়ি পরিচালনা করা সম্ভব না। আমরা এই আইন বাতিলের কথা বলি না, সংশোধনের কথা বলি,"" বলেন ওসমান আলী। ""শুধুমাত্র চালকের কারণে দুর্ঘটনা ঘটে? রাস্তায় পথচারীর কারণে দুর্ঘটনা ঘটে, গাড়ির ব্রেক ফেল করলে দুর্ঘটনা ঘটে, রাস্তার পাশে হাট-বাজার বসলে দুর্ঘটনা ঘটে। আপনি তদন্ত করে যে দায়ী তার বিরুদ্ধে ব্যবস্থা নেন। এককভাবে তো শুধু পরিবহন শ্রমিকরা দায়ী না।"" নিরাপদ সড়কে দাবীতে ঢাকায় শিক্ষার্থীদের আন্দোলন করেছিল। বাংলাদেশে অনেক অপরাধ আছে যেগুলো জামিন অযোগ্য। তাহলে সড়ক দুর্ঘটনা আইনের ক্ষেত্রে এ বিধান থাকলে সমস্যা কোথায়? এমন প্রশ্নে ওসমান আলী বলেন, "" আপনি ক্রিমিনাল ল'র (আইন) সড়ক দুর্ঘটনা মিলাবেন?"" চালকদের দক্ষ হিসেবে গড়ে তোলার জন্য প্রতিটি জেলায় ট্রেনিং সেন্টার স্থাপনের জন্য সরকার আগ্রহ দেখাচ্ছে না বলে তিনি অভিযোগ করেন। পরিবহন ধর্মঘটের মাধ্যমে তারা যাত্রীদের জিম্মি করছেন না বলে মনে করেন ওসমান আলী। তিনি বলেন তারা 'গণতান্ত্রিক আন্দোলন' করছেন এবং সরকার তাদের কোন নিয়োগপত্র দেয়নি। তিনি বলেন, ধর্মঘটে যাবার আগে তারা সরকারকে স্মারকলিপি দিয়েছেন এবং আরো নান উপায়ে তাদের বক্তব্য তুলে ধরেছেন। কতটা অনিরাপদ ঢাকার গণপরিহণ",বাংলাদেশে সড়ক পরিবহন শ্রমিক ফেডারেশন রবিবার ভোর থেকে সারা দেশে শ্রমিকদের ৪৮ ঘণ্টার কর্মবিরতির কর্মসূচি নিয়েছে।,বাংলাদেশে সড়ক পরিবহন আইন সংশোধনের জন্য গত মাসের ২৭ তারিখে সরকারকে চিঠি দেয়া হয়েছে।,0.19999999999999998,0.14285714285714288,0.19999999999999998,0.7467817,14,16
"বাংলাদেশের সেনারা জাতিসংঘের শান্তিরক্ষী বাহিনীর অংশ হিসেবে বিভিন্ন দেশে কাজ করেছে বাংলাদেশের জন্য এই সামরিক চুক্তির গুরুত্ব কতটা? এর প্রেক্ষাপট বুঝতে হলে একটু পেছন দিকে তাকাতে হবে। কয়েক বছর আগে সৌদি আরব কয়েকটি ইসলামি দেশকে নিয়ে 'সন্ত্রাসবিরোধী একটি সামরিক কোয়ালিশন' গঠন করেছিল, এবং সেখানে যোগ দেওয়ার জন্য বাংলাদেশকে আমন্ত্রণ জানানো হয়েছিল। কিন্তু এই কোয়ালিশন কতটা কাজ করছে, বাংলাদেশ সেখানে যোগ দিয়েছে কিনা, এবং দিলেও কোন ধরনের ভূমিকা রাখছে বা রাখবে - তা নিয়ে এখন পর্যন্ত স্পষ্ট করে কিছু জানা যায়নি। এরপর গত অক্টোবরে বাংলাদেশের পররাষ্ট্র মন্ত্রণালয়ের পক্ষ সৌদি আরবের সাথে একটি প্রতিরক্ষা চুক্তির সম্ভাবনার কথা জানানো হয়। কিন্তু সেই চুক্তির আওতাও স্পষ্ট করা হয়নি। বিবিসি বাংলায় আরো পড়ুন: বাংলাদেশ-সৌদি প্রতিরক্ষা চুক্তি: কী থাকছে চুক্তিতে? ইয়েমেনের হোদেইদা প্রদেশে সৌদি-নেতৃত্বাধীন কোয়ালিশনের একজন সেনা তবে এখন বাংলাদেশের সেনাপ্রধানকে বিষয়টি খোলাসা করে বলতে শোনা গেল। আগামী ১৪ই ফেব্রুয়ারি রিয়াদে এই চুক্তিটি সই হবে বলে জানিয়েছেন সৌদি আরব সফররত বাংলাদেশের সেনাপ্রধান জেনারেল আজিজ আহমেদ। চুক্তিটির আওতায় বাংলাদেশ সেনাবাহিনীর দুটি ব্যাটালিয়নের প্রায় ১,৮০০ সৈন্য সৌদি আরবে মোতায়েন করা হবে। নিরাপত্তা বিশেষজ্ঞ, কুয়ালালামপুরে মালয় বিশ্ববিদ্যালয়ের শিক্ষক ড. সৈয়দ মাহমুদ আলী বলছেন, এবার বেশ প্রকাশ্যেই এই প্রতিরক্ষা চুক্তির কথা বলা হলো এবং এর একটা আনুষ্ঠানিক রূপও দেয়া হচ্ছে। তবে তিনি বলছেন, বাংলাদেশ থেকে বেশ বড় একটা সেনাদল এর আগেও সৌদি আরবে ছিল। ইয়েমেনে সৌদি নেতৃত্বাথীন কোয়ালিশন বাহিনীর কয়েকজন সেনা ""কুয়েতকে ইরাকের দখল থেকে মুক্ত করার জন্য ১৯৯১ সালে যখন মার্কিন নেতৃত্বাধীন কোয়ালিশন সৌদি আরব থেকে ইরাকে অভিযান চালায়, তখন বাংলাদেশের সশস্ত্র বাহিনীরও সেখানে উপস্থিতি ছিল। তবে তাদের ভুমিকা ছিল সৌদি সামরিক এলাকাগুলো ইরাকি হামলার হাত থেকে রক্ষা করা।"" বিবিসি বাংলাকে দেয়া এক সাক্ষাৎকারে ড. আলী বলেন, তার মতে বাংলাদেশ হয়তো আগ্রাসী কোন ভুমিকা পালন করতে চাইবে না, কিন্তু প্রতিরক্ষামূলক ভুমিকা অবশ্যই পালন করতে আগ্রহী হবে। তবে তিনি বলছেন, ইয়েমেনের যুদ্ধ পরিস্থিতির প্রেক্ষাপটে বাংলাদেশের সেনাদের জন্য এর গুরুত্ব মোটেও কম নয়। ""যে কোন সশস্ত্র বাহিনীর মূল দায়িত্ব হলো যুদ্ধের প্রস্তুতি নেয়া। কিন্তু বাংলাদেশের সেনাবাহিনী স্বাধীনতার পর তেমন কোন যুদ্ধের অভিজ্ঞতা পায় নি। এক দিক থেকে এটা সুসংবাদ যে তাদের যুদ্ধ করতে হয়নি, তবে যে কোন পেশাদারী বাহিনীকেই যুদ্ধের প্রস্তুতি নিতে হয়।"" ""শান্তিকালীন প্রস্তুতি যতটাই ভালো হোক না কেন - তার সাথে সত্যিকার বাস্তব যুদ্ধের অভিজ্ঞতার কোন তুলনা হয় না।"" বাংলাদেশের সেনাবাহিনী স্বাধীনতার পর তেমন কোন যুদ্ধের অভিজ্ঞতা পায় নি ""সে কারণেই প্রকৃত যুদ্ধ বা রণাঙ্গনের আশেপাশে থেকেও যদি একটা 'অপারেশনাল' বা 'প্রায়-যুদ্ধ পরিস্থিতি'র অভিজ্ঞতা হয় - সেটাও সেনাবাহিনীর প্রশিক্ষণের জন্য খুবই গুরুত্বপূর্ণ। ড. সৈয়দ মাহমুদ আলীর মতে সৌদি আরব যেহেতু মুসলিম বিশ্বের একটি নেতৃস্থানীয় রাষ্ট্র, তাই বাংলাদেশের সাথে এ চুক্তি বাস্তবায়িত হলে দু'দেশের সম্পর্ক ঘনিষ্ঠতর হবে। ""শুধু কূটনৈতিক ক্ষেত্রেই যে বাংলাদেশ সৌদি আরবের সমর্থন আশা করতে পারে তাই নয়, জ্বালানি-আমদানিকারক একটি দেশ হিসেবেও ভবিষ্যতে সৌদি আরবের দিক থেকে সহানুভুতিশীল আচরণ আশা করতে পারে।"" তবে এ ক্ষেত্রে একটা প্রশ্ন উঠতে পারে। এ পর্যন্ত রাজনৈতিক দিক থেকে বাংলাদেশ মধ্যপ্রাচ্যের ক্ষেত্রে একটা ভারসাম্যের নীতি নিয়ে চলেছে। কিন্তু সৌদি আরবের ব্যাপারে সাম্প্রতিক কালে মধ্যপ্রাচ্যে একটা মেরুকরণ হয়েছে। সেখানে বিভিন্ন মেরুতে অবস্থান নিয়েছে সৌদি আরব, কাতার, ইরান বা তুরস্কের মতো দেশগুলো। মনে করা হচ্ছে, বাংলাদেশী সেনারা ইয়েমেন সীমান্তে মূলত রক্ষণাত্মক ভুমিকা পালন করবে ফলে বাংলাদেশ মধ্যপ্রাচ্যে এতদিন যে ভারসাম্য রেখে চলছিল - সৌদি আরবের সাথে সামরিক চুক্তিতে সেই ভারসাম্য কি নষ্ট হতে পারে? এ প্রশ্ন করলে সৈয়দ মাহমুদ আলী বলেন, ""ব্যালান্সের কথা যদি আমরা বলি তাহলে ইতিবাচক-নেতিবাচক সব দিক বিচার করে দেখতে হয় - কি করলে দেশের লাভ হবে, এবং ক্ষতি সবচেয়ে কম হবে।"" ""এটা অনেকটা নির্ভর করবে বাংলাদেশী সৈন্যরা কি ভুমিকা পালন করে, এবং তারা ইয়েমেনে বা অন্য কোন সংঘাতে জড়িয়ে পড়ে কিনা তার ওপর।"" ""তবে এ মুহূর্তে বাংলাদেশী সৈন্যরা যদি শুধুমাত্র সীমান্ত এলাকায় প্রতিরক্ষামূলক কাজে নিযুক্ত হন - তাহলে এর একটা সুফল হতেও পারে।"" কিন্তু এর ফলে কি 'মধ্যপ্রাচ্যের রাজনীতিতে বাংলাদেশ সৌদি আরবের সাথেই আছে' - এমন একটা ছাপ বাংলাদেশের গায়ে একটা ছাপ লেগে যাবে না?' জাতিসংঘের শান্তিরক্ষী বাহিনীতে বাংলাদেশের সৈন্য এ প্রশ্নের জবাবে ড. আলী বলেন, এটা প্রতিটি দেশের ক্ষেত্রেই হয়। ""তবে মধ্যপ্রাচ্যে কাতার ছাড়া সুন্নিপ্রধান দেশগুলো এক দিকে, আর ইরান এবং সুন্নি-সংখ্যাগরিষ্ঠ নয় এমন দেশগুলো আরেক দিকে। তুরস্ক সম্প্রতি একটা মধ্যবর্তী অবস্থান নিয়েছে, তবে তার কারণ অন্য।"" ""বাংলাদেশ হয়তো একটা হিসেবনিকেশ করেছে যে এর ফলে কি সুযোগসুবিধা পাওয়া যাবে, এবং নেতিবাচক দিকগুলোই বা কি হবে। হয়তো ইতিবাচক দিকগুলোই বেশি বলে তারা মনে করেছে।"" ""কিন্তু বাংলাদেশ যদি সত্যিকার যুদ্ধ-সংঘাতে জড়িয়ে পড়ে - তাহলে অবশ্যই পরিস্থিতির একটা পরিবর্তন হবে"" - বলেন সৈয়দ মাহমুদ আলী। বিবিসি বাংলায় আরো পড়তে পারেন: কোন দেশের মানুষ সবচেয়ে বেশি মাংস খায়? কলকাতায় মমতা ব্যানার্জীর ধর্ণা: কে এই রাজীব কুমার? এক মাস নিজেদের দেহের লোম কামান নি যে নারীরা","বাংলাদেশ সৌদি আরবের সাথে এমন একটি সামরিক সহযোগিতা চুক্তি করতে চলেছে, যার ফলে প্রায় দু'হাজার বাংলাদেশী সৈন্য ইয়েমেন সীমান্তে মোতায়েন করা হবে।",সৌদি আরবের সাথে আগামী ১৪ই ফেব্রুয়ারি একটি প্রতিরক্ষা চুক্তি সই হবে বলে জানিয়েছে বাংলাদেশের সেনাপ্রধান জেনারেল আজিজ আহমেদ।,0.25,0.10526315789473684,0.25,0.70865786,18,22
"প্রফেসর সোকোলফকে দেখা যাচ্ছে ১৮১২ সালের রুশ সামরিক বাহিনীর ইউনিফর্ম পরে এক উৎসবে যোগ দিয়েছেন। ছাত্রীর আইনজীবী জানিয়েছেন ওই অধ্যাপক একটি নদীতে পড়ে গিয়েছিলেন এবং তার ব্যাগের মধ্যে ওই নারীর হাত ছিল। ওলেগ সোকোলফ নামে ওই অধ্যাপক মাতাল অবস্থায় নদীতে পড়ে যান। স্থানীয় সংবাদমাধ্যমের খবরে বলা হয়েছে তিনি ওই নারী দেহের অংশগুলো নদীতে ফেলার জন্য সেখানে গিয়েছিলেন। ছাত্রী ২৪ বছর বয়স্ক আনাস্তাসিয়া ইয়েশচেঙ্কোর বিকৃত দেহ পুলিশ পরে ওই অধ্যাপকের বাড়ি থেকে উদ্ধার করে। প্রফেসর সোকোলফ নেপোলিয়ন বিষয়ক বিশেষজ্ঞ যাকে ফ্রান্স লেজিয়ন দ্যঅনিউর নামে বিশেষ সম্মানে ভূষিত করেছে। ''তিনি তার অপরাধ স্বীকার করেছেন,'' তার আইনজীবী আলেকজাণ্ডার পচুইয়েভ সংবাদ সংস্থা এএফপিকে জানিয়েছেন। আইনজীবী বলেছেন তিনি যা করেছেন তার জন্য তিনি এখন দু:খিত এবং তিনি পুলিশের সঙ্গে সহযোগিতা করছেন। প্রফেসর সোকোলফ পুলিশকে বলেছেন যে এক তর্কাতর্কির সময় তিনি তার প্রেমিকাকে খুন করেন এবং তারপর করাত দিয়ে তার প্রেমিকার মাথা, হাত ও পা কেটে ফেলেন। বলা হচ্ছে, অধ্যাপক তার প্রেমিকার দেহ সরিয়ে ফেলার পরিকল্পনা করেছিলেন এবং তার আরও পরিকল্পনা ছিল নেপোলিয়নের সাজপোশাক পরে তিনি সবার সামনে আত্মহত্যা করবেন। বিবিসি বাংলায় আরও পড়ুন: ৯৩ জনকে খুন করেছে যুক্তরাষ্ট্রের যে সিরিয়াল কিলার খুন করে প্রেমিকের মাংস রান্না করলেন এক মহিলা নিজের করা খুনের দৃশ্যে নিজেই অভিনয় করেছেন যিনি মি: পচুইয়েভ বলেছেন, অধ্যাপক সোকোলফ হয়ত মানসিক চাপে ভুগছিলেন। নদীতে ডুবে হাইপোথার্মিয়ার শিকার হওয়ায় বর্তমানে তিনি হাসপাতালে চিকিৎসাধীন রয়েছেন। এই ঐতিহাসিক নেপোলিয়নের ওপর বেশ কয়েকটি বই লিখেছেন এবং বেশ কয়েকটি চলচ্চিত্রে ইতিহাস বিষয়ক উপদেষ্টা হিসাবে কাজ করেছেন। তিনি এবং মিস ইয়েশচেঙ্কো যৌথভাবে বেশ কিছু বই ও গবেষণাপত্র লিখেছেন। অধ্যাপক সোকোলফ এবং মিস ইয়েশচেঙ্কো দুজনেই ফরাসি ইতিহাস পড়েছেন এবং তারা দুজনেই ঐতিহাসিক সময়ের পোশাক আশাকে সাজগোজ করতে ভালবাসতেন। তার শিক্ষার্থীরা তাকে প্রতিভাবান অধ্যাপক হিসাবে বর্ণণা করেছে এবং বলেছে তিনি ভাল ফরাসি বলতেন ও বিভিন্ন সময়ে নেপোলিয়নের অভিনয় করেছেন। তিনি ফ্রান্সের ইন্সটিটিউট অফ সোস্যাল সায়েন্স, ইকনমিক্স অ্যাণ্ড পলিটিক্স নামে প্রতিষ্ঠানের একজন সদস্য। তারা জানিয়েছে এই ঘটনার পর তারা তাদের বিজ্ঞান বিষয়ক কমিটি থেকে তাকে অপসারণ করেছে। তারা এক বিবৃতিতে বলেছে: ""ওলেগ সোকোলফের ভয়ঙ্কর অপরাধের কথা জেনে আমরা বিস্মিত। আমরা কখনও ভাবতে পারিনি তিনি এধরনের নৃশংস কাজ করতে পারেন।""",রাশিয়ার একজন সুপরিচিত ঐতিহাসিক তার প্রেমিকাকে হত্যা করার কথা স্বীকার করেছেন। ওই নারী তার সাবেক এক ছাত্রী ছিলেন।,"ফ্রান্সে একজন নেপোলিয়ন বিষয়ক বিশেষজ্ঞ তার প্রেমিকাকে খুন করে তার মাথা, হাত ও পা কেটে ফেলার পরিকল্পনা করেছেন।",0.2777777777777778,0.058823529411764705,0.2222222222222222,0.73792404,18,18
"সাংবাদিকেরা অনেক বাধার মুখে পড়লেও বিভিন্নভাবে যুদ্ধের খবর সংগ্রহ করেছেন। আন্দোলনের ধারাবাহিকতায় ১৯৭১ সালের মার্চের শুরু থেকেই উত্তাল হয়ে উঠেছিলো ঢাকার রাজপথ। সাতই মার্চ তৎকালীন রেসকোর্স ময়দানে শেখ মুজিবুর রহমানের ভাষণের পর পরিস্থিতি হয়ে উঠে আরও উত্তেজনাপূর্ণ। এমন পরিস্থিতিতে ঢাকায় এলেন সে সময়ের পাকিস্তানের প্রেসিডেন্ট ইয়াহিয়া খান এবং ১৬ই মার্চ থেকে শুরু হলো মুজিব-ইয়াহিয়া বৈঠক। আলোচনার আনুষ্ঠানিক সমাপ্তি না হলেও ২৫শে মার্চ রাতে ঢাকায় শুরু হলো সামরিক অভিযান-বিশেষত ঢাকা বিশ্ববিদ্যালয় এলাকায় ও রাজারবাগে পুলিশ লাইনে। এর মধ্যেই ২৬শে মার্চের প্রথম প্রহরে আটক হন শেখ মুজিবুর রহমান। কিন্তু আটকের আগেই বাংলাদেশের স্বাধীনতা ঘোষণা করেন তিনি। ১০ই এপ্রিল মুজিবনগর থেকে স্বাধীন বাংলাদেশের প্রথম সরকারের কর্তৃক ঘোষিত স্বাধীনতার ঘোষণাপত্রে বলা হয়েছে, "".... বাংলাদেশের সাড়ে সাত কোটি মানুষের অবিসম্বাদিত নেতা বঙ্গবন্ধু শেখ মুজিবুর রহমান বাংলাদেশের জনগণের আত্মনিয়ন্ত্রণের আইনানুগ অধিকার প্রতিষ্ঠার লক্ষ্যে ১৯৭১ সালের ২৬শে মার্চ তারিখে ঢাকায় যথাযথভাবে স্বাধীনতার ঘোষণা প্রদান করেন এবং বাংলাদেশের মর্যাদা ও অখণ্ডতা রক্ষার জন্য বাংলাদেশের জনগণের প্রতি উদাত্ত আহবান জানান..""। ২৬শে মার্চের প্রথম প্রহরে পাকিস্তানী বাহিনীর হাতে আটকের আগেই শেখ মুজিবুর রহমান বাংলাদেশকে স্বাধীন ঘোষণা করে একটি তারবার্তা পাঠান। ১৯৮২ সালে বাংলাদেশ সরকারের তথ্য মন্ত্রণালয় কর্তৃক প্রকাশিত বাংলাদেশের স্বাধীনতা যুদ্ধ দলিলপত্র ৩য় খণ্ডে শেখ মুজিবের এই ঘোষণা উল্লেখ করা হয়। এতে বলা হয়, ২৫শে মার্চে মধ্যরাতের পর অর্থাৎ ২৬শে মার্চের প্রথম প্রহরে এ ঘোষণা দেন তিনি। যা তৎকালীন ইপিআর- এর ট্রান্সমিটারের মাধ্যমে সারাদেশে ছড়িয়ে পড়ে। পরে চট্টগ্রামের স্থানীয় একটি বেতারকেন্দ্র থেকে ২৬ ও ২৭শে মার্চ বেশ কয়েকজন শেখ মুজিবের পক্ষে স্বাধীনতার ঘোষণা পাঠ করেন। মুক্তিযুদ্ধ বিষয়ক গবেষক আফসান চৌধুরী বিবিসি বাংলাকে বলছেন, ""বাংলাদেশের একটাই মানুষের ঘোষণার অধিকার ছিলো, আর তিনি হলেন শেখ মুজিবুর রহমান। এটা নিয়ে যে বিতর্ক আসতে পারে সেটাই তো কেউ কখনো চিন্তা করেনি।"" বাংলাদেশের নামকরণ করা হয়েছে যেভাবে ৭ই মার্চের ভাষণ: যেভাবে প্রস্তুতি নিয়েছিলেন শেখ মুজিব মানুষের 'বডি ল্যাঙ্গুয়েজ ছিল বিপ্লবের, প্রতিরোধের' বাংলাদেশের রাজনীতিতে এখনো মুক্তিযুদ্ধ কেন বড় ফ্যাক্টর? ইয়াহিয়া-মুজিব বৈঠক কেন ব্যর্থ হয়েছিলো? বাংলাদেশের প্রতিষ্ঠাতা রাষ্ট্রপতি শেখ মুজিবুর রহমান। আন্তর্জাতিক গণমাধ্যমে স্বাধীনতার ঘোষণা বিভিন্ন তথ্য-উপাত্ত থেকে দেখা যায়, ১৯৭১ সালের ২৫শে মার্চ রাতের ঢাকার পরিস্থিতি ও শেখ মুজিবকে আটকের ঘটনা ২৭শে মার্চেই বিশ্বের অন্তত ২৫টি দেশের পত্রিকা বা সংবাদ সংস্থার খবরে প্রকাশিত হয়। 'বাংলাদেশের স্বাধীনতার ঘোষণা: ফ্যাক্টস অ্যান্ড উইটনেস (আ.ফ.ম সাঈদ)' বইতে স্বাধীনতা ঘোষণা সম্পর্কে বিদেশী সংবাদপত্র ও সংবাদ মাধ্যমের রিপোর্টের একটি সংকলন প্রকাশ করা হয়েছে। ওই সংকলন অনুযায়ী বিবিসির খবরে তখন বলা হয়েছে, "".....কলকাতা থেকে সংবাদপত্র প্রতিষ্ঠানের খবরে প্রকাশ যে পূর্ব পাকিস্তানের নেতা শেখ মুজিবুর রহমান এক গুপ্ত বেতার থেকে জনসাধারণের কাছে প্রতিরোধের ডাক দিয়েছেন।..."" ভয়েস অব আমেরিকার খবরে বলা হয়েছিলো: ""....ঢাকায় পাকিস্তান বাহিনী আক্রমণ শুরু করেছে। মুজিবর রহমান একটি বার্তা পাঠিয়েছেন এবং সারা বিশ্বের নিকট সাহায্যের আবেদন জানিয়েছেন...""। দিল্লির দি স্টেটসম্যানের খবর ছিলো: ""বাংলাদেশ স্বাধীনতা ঘোষণা করেছে, সামরিক অভিযানের প্রতিবাদে রহমানের পদক্ষেপ। একটি গোপন বেতার থেকে প্রচারিত ভাষণে শেখ মুজিবুর রহমান পাকিস্তানের পূর্বাংশকে স্বাধীন বাংলাদেশ হিসেবে নতুন নামকরণ করেছেন।"" দি ডেইলি টেলিগ্রাফ, লন্ডন: ২৭শে মার্চ দি ডেইলি টেলিগ্রাফ পত্রিকায় 'সিভিল ওয়ার ফ্লেয়ারস ইন ইস্ট পাকিস্তান: শেখ এ ট্রেইটর, সেইস প্রেসিডেন্ট'শিরোনামে প্রকাশিত সংবাদে শেখ মুজিবুর রহমান কর্তৃক পূর্ব পাকিস্তানের স্বাধীন ঘোষণা ও ইয়াহিয়া খান তার বেতার ভাষণে শেখ মুজিবকে বিশ্বাসঘাতক বলার কথা উল্লেখ করা হয়। দি গার্ডিয়ান: গার্ডিয়ানের ২৭শে মার্চ সংখ্যায় এক খবরে বলা হয়, ""...২৬শে মার্চ প্রেসিডেন্ট ইয়াহিয়া জাতির উদ্দেশ্যে রেডিওতে ভাষণ দেয়ার পরপরই দি ভয়েস অব বাংলাদেশ নামে একটি গোপন বেতারকেন্দ্র থেকে শেখ মুজিবুর রহমান কর্তৃক পূর্ব পাকিস্তানের স্বাধীনতা ঘোষণা করা হয়েছে। তাঁর এই ঘোষণা অপর এক ব্যক্তি পাঠ করেন।"" এর বাইরে ভারতের বহু সংবাদপত্র এবং আর্জেন্টিনা, ব্রাজিল, ক্যানাডা, দক্ষিণ আফ্রিকা, জাপান, হংকং, নরওয়ে, তুরস্ক, সিঙ্গাপুরসহ অনেক দেশের খবরে স্থান পায় বাংলাদেশের স্বাধীনতা ঘোষণার খবর। আর্জেন্টিনার বুয়েনস আয়ারস হেরাল্ডের ২৭শে মার্চের সংখ্যার একটি খবরের শিরোনাম ছিলো, ""বেঙ্গলি ইন্ডিপেন্ডেন্স ডিক্লেয়ার্ড বাই মুজিব।"" ৭ই মার্চের এই ভাষণের পরই বোঝা যাচ্ছিল তৎকালীন পূর্ব পাকিস্তানের পরিস্থিতি কোন দিকে এগুচ্ছে। নিউইয়র্ক টাইমসেও শেখ মুজিব ও ইয়াহিয়ার ছবি ছাপানো হয়েছিলো। পাশেই বলা হয়েছে 'স্বাধীনতা ঘোষণার পর শেখ মুজিব আটক'। বার্তা সংস্থা এপির একটি খবরে বলা হয়, ""ইয়াহিয়া খান পুনরায় মার্শাল ল দেয়া ও আওয়ামী লীগ নেতা শেখ মুজিবুর রহমানের স্বাধীনতা ঘোষণার পর পূর্ব পাকিস্তানে গৃহযুদ্ধ শুরু হয়েছে।"" আয়ারল্যান্ডের দি আইরিশ টাইমসের শিরোনাম ছিলো - পূর্ব পাকিস্তানের স্বাধীনতা ঘোষণা আর সাথে ছিলো শেখ মুজিবের ছবি। দিল্লি থেকে রয়টার্সের খবরে ১০ হাজার মানুষের নিহত হবার ও স্বাধীনতা ঘোষণার পর মুজিবকে সম্ভবত আটক করা হয়েছে, এমন কথা বলা হয়। ব্যাংকক পোস্টের খবরে বলা হয়, ""শেখ মুজিবুর রহমান বাংলাদেশ নাম দিয়ে পূর্ব পাকিস্তানের স্বাধীনতা ঘোষণার পর পাকিস্তানে গৃহযুদ্ধের পরিস্থিতি তৈরি হয়েছে।""",তৎকালীন পূর্ব পাকিস্তানে তখন তুমুল অসহযোগ আন্দোলন চলছিলো ১৯৭০ সালের নির্বাচনে জয়ী আওয়ামী লীগ নেতা শেখ মুজিবুর রহমানের ডাকে।,১৯৭১ সালের ২৬শে মার্চ দিনটি ছিল বাংলাদেশের স্বাধীনতা যুদ্ধের ষষ্ঠ বছর।,0.06666666666666667,0.0,0.06666666666666667,0.61991394,11,19
"তেহরানে যুক্তরাষ্ট্র বিরোধী একটি বিক্ষোভ প্রথম দফার সংঘাতে কে জিতলো এবং কে হারলো - সেই কাটা-ছেঁড়া হচ্ছে। তবে ইরান বা আমেরিকার পরবর্তী পদক্ষেপ কী হবে তার জেরে দ্রুত বদলে যেতে পারে প্রথম দফার হার-জিতের এসব সমীকরণ। কিন্তু এই পর্যায়ে জিত হলো কার? হারলো কে? ইরান যদিও ইরান তাদের অত্যন্ত প্রভাবশালী একজন জেনারেলকে হারিয়েছে, তারপরও তার মৃত্যু থেকে স্বল্প মেয়াদে তারা লাভবান হতে পারে। নভেম্বরে ইরানে জ্বালানি তেলের দাম বৃদ্ধিকে কেন্দ্র করে শুরু হওয়া বিক্ষোভ যেভাবে নৃশংসভাবে সরকার দমন করেছে মি. সোলেইমানির জানাজায় নজিরবিহীন জনসমাগমে তা চাপা পড়ে গেছে। ইরানি জনগণের এই স্বতঃ:স্ফূর্ত আবেগ দিয়ে ইরান আরেকবার বিশ্বের কাছে প্রমাণ করেছে যে দেশের ভেতর রাজনৈতিক বিভেদ থাকলেও, জাতীয় সঙ্কটের সময় তার ঐক্যবদ্ধ হতে পারে। ডোনাল্ড ট্রাম্প ২০১৮ সাল থেকে প্রেসিডেন্ট ট্রাম্পের একর পর এক নিষেধাজ্ঞার চাপে ইরানের অর্থনীতির এখন বেহাল দশা। গত বছর দুই দেশের মধ্যে বৈরিতা চরমে ওঠে যখন ইরান একটি মার্কিন ড্রোন বিমান গুলি করে নামায়, এবং দুটো তেলে ট্যাংকার আটক করে। এরপর গত বছর সেপ্টেম্বরে সৌদি একটি তেলক্ষেত্রের ওপর ক্ষেপণাস্ত্র হামলার জন্যও ইরানকে দায়ী করেছে আমেরিকা, যদিও ইরান সবসময়ই তা অস্বীকার করেছে। কাসেম সোলেইমানির হত্যাকাণ্ডের বদলা নিতে ইরান বুধবার ইরাকে দুটো মার্কিন ঘাঁটিতে ক্ষেপণাস্ত্র ছুঁড়েছে। কিন্তু এখন যদি তারা সংযত থাকে এবং মানুষের সহানুভূতি আদায় এবং নিরাপত্তা নিয়ে উদ্বেগ প্রকাশের পথে থাকে, তাহলে ইরান এই সঙ্কট থেকে লাভবান হতে পারে। সামরিক বদলার পথে গেলে উল্টো ফল হতে পারে। আমেরিকার বিরুদ্ধে যে কোনো সামরিক ব্যবস্থার পরিণতিতে অপেক্ষাকৃত অনেক দুর্বল ইরান দীর্ঘমেয়াদি একটি লড়াইয়ের চক্রে পড়ে যেতে পারে। ইতিমধ্যেই ইরানকে অর্থনৈতিকভাবে কোণঠাসা করে ফেলেছে আমেরিকা। কোনো যুদ্ধ ইরানকে আরো একঘরে করে ফেলবে। আরও পড়ুন: বিমান দুর্ঘটনা: ইরানকে কেন দুষছে পশ্চিমারা? ইরান-আমেরিকা সংঘাতে বাংলাদেশের দুশ্চিন্তা কোথায় ইরানের হামলায় উত্তেজনা কমবে নাকি বাড়বে? বিক্ষুব্ধ ইরাক যুক্তরাষ্ট্র কাসেম সোলেইমানিকে হত্যা করে ইরানের সামরিক দম্ভকে অনেকটাই আঘাত করেত সমর্থ হয়েছেন ডোনাল্ড ট্রাম্প। নভেম্বরে প্রেসিডেন্ট নির্বাচনে জেতার সম্ভাবনাও হয়তো অনেকটাই বাড়িয়েছেন তিনি। একইসাথে, মধ্যপ্রাচ্যে তার মিত্রদের, বিশেষ করে সৌদি আরব এবং ইসরায়েলের প্রতি যুক্তরাষ্ট্রের অব্যাহত সমর্থনের প্রমাণও তিনি দিয়েছেন। তবে ইরানের সাথে হিংসা-প্রতিহিংসার দীর্ঘমেয়াদি কোনো চক্রে পড়ে গেলে তা মি. ট্রাম্পের জন্য সঙ্কট তৈরি করতে পারে। কারণ তাতে করে তেলের দাম বাড়বে, মার্কিন নাগরিকের প্রাণহানি হবে এবং মধ্যপ্রাচ্যে হয়তো ব্যাপক এবং দীর্ঘস্থায়ী এক যুদ্ধের সূচনা হবে। শুধু আমেরিকা নয়, মধ্যপ্রাচ্যের অনেকগুলো গুরুত্বপূর্ণ দেশের ওপরই তার গুরুতর প্রভাব পড়বে। ইরাকে শিয়া মিলিশিয়া গোষ্ঠী এই সঙ্কট থেকে স্বল্প মেয়াদে হলেও ইরাকে ইরান-সমর্থিত শিয়া মিলিশিয়া গোষ্ঠীগুলো লাভবান হতে পারে। সাম্প্রতিক মাসগুলোতে দুর্নীতি এবং অপ্রতুল নাগরিক সুযোগ সুবিধার প্রতিবাদে ইরাকে সরকার বিরোধী ব্যাপক বিক্ষোভ হয়েছে। সেসময় ইরানের প্রভাব নিয়েও অনেক ইরাকি ক্ষোভ প্রকাশ করেছে। বিক্ষোভে হামলার জন্য ইরান-সমর্থিত মিলিশিয়া গোষ্ঠীগুলোকে দায়ী করা হয়েছে। কিন্তু এখন এই সব মিলিশিয়া গোষ্ঠী এবং সেই সাথে ইরাকের সরকার সোলেইমানির হত্যাকাণ্ডকে কাজে লাগিয়ে জনগণের সামনে প্রমাণ করার সুযোগ পেয়েছে যে ইরাকের সার্বভৌমত্বের জন্য এইসব গোষ্ঠীর অস্তিত্ব জরুরী। শিয়া এই মিলিশিয়া গোষ্ঠীগুলো বহুদিন ধরেই চাইছে মার্কিন সৈন্যরা যেন ইরাক ছেড়ে চলে যায়। সোলেইমানির মৃত্যুতে তাদের সেই দাবি জোরদার করার সুযোগ তৈরি হয়েছে। ইসরায়েল-বানন সীমান্তে বাড়তি নিরাপত্তা ইসরায়েল ইরান এবং ইসরায়েলের মধ্যে বৈরিতা বহুদিনের। ইসরায়েল মনে করে মধ্যপ্রাচ্যে তাদের সবচেয়ে বড় হুমকি ইরান। লেবাননে শিয়া মিলিশিয়া গোষ্ঠী হেযবোল্লার প্রতি ইরানের সমর্থন এবং সিরিয়ায় ইরানের সামরিক উপস্থিতি নিয়ে ইসরায়েল সবসময়ই উদ্বিগ্ন। কিন্তু সোলেইমানিকে হত্যার মধ্য দিয়ে আমেরিকা ইঙ্গিত দিয়েছে তারা ইরানকে বাগে আনতে বদ্ধপরিকর। ইসরায়েলের স্বার্থের জন্য জন্য এটা ইতিবাচক। সেদেশের প্রধানমন্ত্রী বিনইয়ামিন নেতানিয়াহু স্পষ্ট করে বলেছেন যে তার দেশে আমেরিকার সাথে থাকবে। অস্থির লেবানন সৌদি আরব - সংযুক্ত আরব আমিরাত সৌদি আরব এবং সংযুক্ত আরব-আমিরাত বা ইউএই নাজুক একটি পরিস্থিতির মধ্যে রয়েছে। গত বছর হরমুজ প্রণালীতে তেলের ট্যাংকারের ওপর হামলার শিকার হয়েছে এই দুই দেশ। তারপর সেপ্টেম্বরে তাদের তেল স্থাপনার ওপর ক্ষেপণাস্ত্র হামলার জন্যও ইরানকে সন্দেহ করে সৌদি আরব। চাপে পড়ে, ইউএই চেষ্টা করছে যাতে ইরানের সাথে সম্পর্কে উত্তেজনা কমে। কিন্তু সৌদি আরব চায় আমেরিকা যেন ইরানের ওপর চাপ বাড়ায়। কাসেম সোলেইমানি হত্যাকাণ্ডের পর এই দুই দেশ উত্তেজনা প্রশমনের আহ্বান জানাচ্ছে। সৌদি প্রতিরক্ষামন্ত্রী কথা বলতে ওয়াশিংটন গেছেন। ভৌগলিক নৈকট্য এবং সম্পর্কের ইতিহাসের কারণে মধ্যপ্রাচ্যে যে কোনো বড় যুদ্ধে ইরানের কাছ থেকে আঘাত আসার ঝুঁকি এই দুই দেশের ওপরেই রয়েছে। ওমান সাগরে তেলের ট্যাংকারে হামলা। ইরানের দিকে অঙ্গুলি (ফাইল ফটো) ইউরোপ ইরানের সাথে করা পারমানবিক চুক্তিটি রক্ষার জন্য আপ্রাণ চেষ্টা করে যাচ্ছে ইউরোপ। ফলে, ইরান ও যুক্তরাষ্ট্রের মধ্যে বিপজ্জনক এই পরিস্থিতি ইউরোপকে নতুন বিড়ম্বনায় ফেলেছে। কাসেম সোলেইমানিকে হত্যার আগে ব্রিটেনকে জানায়নি আমেরিকা। এই ঘটনা প্রমাণ করে আটলান্টিকের দুই পারের মধ্যে টানাপড়েন কোন পর্যায়ে গেছে। কিন্তু আইসিসের বিরুদ্ধে যুদ্ধের কারণে ব্রিটেন সহ বেশ কয়েকটি পশ্চিমা দেশের সৈন্য রয়েছে ইরাকে। ইরান এবং যুক্তরাষ্ট্রের মধ্যে সামরিক লড়াই শুরু হলে, এই পশ্চিমা দেশগুলো ক্রসফায়ারের মাঝে পড়ে যাবে, এবং সন্দেহ নেই ইউরোপ সে কারণে চিন্তিত।",কাসেম সোলেইমানি হত্যা এবং তার বদলায় ইরাকে মার্কিন দুটো ঘাঁটিতে ইরানের ক্ষেপণাস্ত্র হামলা দীর্ঘস্থায়ী এবং বিপজ্জনক এক সংঘাতের ঝুঁকি তৈরি করেছে।,ইরানের প্রেসিডেন্ট কাসেম সোলেইমানির হত্যাকাণ্ডের বদলা নিতে ইরান দুটো মার্কিন ঘাঁটিতে ক্ষেপণাস্ত্র ছুঁড়েছে।,0.35294117647058826,0.0,0.23529411764705882,0.7992745,13,21
"ভারত ও বাংলাদেশের মধ্যে মউ স্বাক্ষরিত হচ্ছে দিল্লিতে দুই দেশের পররাষ্ট্রমন্ত্রী, বাংলাদেশের এ কে আবদুল মোমেন ও ভারতের সুষমা স্বরাজের নেতৃত্বে এদিন পঞ্চম যৌথ কনসাল্টেটিভ কমিশনের (জেসিসি) বৈঠক অনুষ্ঠিত হয়। সেই বৈঠকেই এই মর্মে একটি সমঝোতাপত্র বা মেমোরান্ডাম অব আন্ডারস্ট্যান্ডিংও (এমওইউ) স্বাক্ষরিত হয়েছে। বাংলাদেশ থেকে এর আগেও সরকারি কর্মকর্তা বা সেনাবাহিনীর সদস্যরা নানা ধরনের প্রশিক্ষণ বা কর্মশালার জন্য নিয়মিতই ভারতে আসতেন, তবে এদিনের সমঝোতায় সেটা অনেক ব্যাপক ও আনুষ্ঠানিক রূপ পেল। ওই সমঝোতায় বলা হয়েছে, প্রথম দফায় বাংলাদেশ সিভিল সার্ভিসের ১৮০০ কর্মকর্তা - যারা তাদের কেরিয়ারের মাঝামাঝি পর্বে আছেন - তারা প্রশিক্ষণ নিতে ভারতে যাবেন। আরো পড়ুন: চীনের বেল্ট রোড নিয়ে ঢাকাকে যা বলতে চায় দিল্লি বাংলাদেশ-ভারত সম্পর্ক: দেনা-পাওনার হিসেব নির্বাচনের ফলকে কীভাবে দেখছেন ভারতীয় গবেষকরা? দিল্লিতে শুক্রবার চলছে জেসিসি-র বৈঠক এই কর্মসূচীকে বলা হচ্ছে বাংলাদেশ সিভিল সার্ভেন্টদের জন্য 'ট্রেনিং ও ক্যাপাসিটি বিল্ডিং' (প্রশিক্ষণ ও সামর্থ্য নির্মাণ) প্রোগ্রাম। বাংলাদেশের তরফে এই সমঝোতায় স্বাক্ষর করেছেন দিল্লিতে নিযুক্ত বাংলাদেশের হাই কমিশনার সৈয়দ মোয়াজ্জেম আলি। আর ভারতের হয়ে ওই সমঝোতায় স্বাক্ষর করেছেন দিল্লিতে 'ন্যাশনাল সেন্টার অব গুড গভর্ন্যান্সে'র (এনসিজিজি) প্রশাসনিক প্রধান শ্রীমতি পুনম সিং। ভারত সরকারের প্রশাসনিক সংস্কার মন্ত্রণালয়ের অধীনে এনসিজিজি একটি স্বশাসিত সংস্থা, যাদের নথিভুক্ত কার্যালয় হল উত্তরাঞ্চলের শৈল শহর মুসৌরিতে। এই মুসৌরিতেই আবার ভারতের ভাবী আমলারা - যারা ইন্ডিয়ান অ্যাডমিনিস্ট্রেটিভ সার্ভিস বা আইএএস পরীক্ষায় উত্তীর্ণ হন - তাদের প্রশিক্ষণ দেওয়া হয়ে থাকে। বিবিসি বাংলার অন্যান্য খবর: খালেদা জিয়া: রাজনৈতিক যত সফলতা এবং ভুল নারী সমকামীরা কীভাবে গোপন ভাষায় কথা বলে? হঠাৎ 'অস্বাভাবিক' শিলাবৃষ্টিতে দিল্লি শহর সাদা যেভাবে শুরু হয়েছিল বিশ্ব সাহিত্য কেন্দ্রের পথচলা দুই দেশের দুই পররাষ্ট্রমন্ত্রী একে আবদুল মোমেন ও সুষমা স্বরাজ ভারতে সরকারি সূত্রগুলো জানাচ্ছে, বাংলাদেশ থেকে যে আমলারা প্রশিক্ষণ নিতে আসবেন তাদের মুসৌরি-সহ দেশের নানা প্রান্তে বিভিন্ন সরকারি কেন্দ্র ও প্রতিষ্ঠানে প্রশিক্ষণের ব্যবস্থা করা হবে। তবে হঠাৎ কেন এত বেশি সংখ্যায় আমলাদের ভারতে এনে প্রশিক্ষণের ব্যবস্থা করা হচ্ছে, বাংলাদেশের কূটনৈতিক সূত্রগুলো অবশ্য এদিন তা নিয়ে কোনও মন্তব্য করেনি। তবে ভারতে পর্যবেক্ষকরা মনে করছেন, এই পদক্ষেপের মাধ্যমে বাংলাদেশের সিভিল সার্ভিস যেমন উপকৃত হবে, তেমনি সে দেশের প্রশাসনিক কাঠামোতে ভারতের 'আউটরিচ' আরও অনেক প্রসারিত হবে। দিল্লির থিঙ্কট্যাঙ্ক অবজার্ভার রিসার্চ ফাউন্ডেশনের সিনিয়র ফেলো জয়িতা ভট্টাচার্যের কথায়, ""ভারত ও বাংলাদেশের আইনকানুন বা প্রশাসনিক ব্যবস্থায় অনেক মিল। ফলে বাংলাদেশী আমলাদের ভারতে ট্রেনিং নেওয়াটা খুবই সুবিধাজনক।"" ""তা ছাড়া সর্বত্রই এখন সরকারি কর্মকর্তা বা আমলাদের এখন খুব বেশি করে 'ইন্টারন্যাশনাল এক্সপোজার' বা আন্তর্জাতিক স্তরে কাজ করার অভিজ্ঞতা দরকার হয়। আর সে দিক থেকেও ঘরের পাশে ভারতে এসে ট্রেনিং নেওয়াটাই তাদের জন্য সহজ।"" জয়িতা ভট্টাচার্য বিবিসি বাংলাকে তিনি আরও বলছিলেন, ভারত থেকে যে কর্মকর্তারা প্রশিক্ষণ নিয়ে যাবেন পরে তারাই যখন প্রশাসনের নানা শীর্ষ পদে যাবেন - তখন তাদের সঙ্গে কাজ করার ক্ষেত্রে সুবিধে হতে পারে, ভারতের দিক থেকে এমন ভাবনাও হয়তো কিছুটা কাজ করেছে। এদিকে আজকের জেসিসি বৈঠকের পর ভারতের কেন্দ্রীয় গোয়েন্দা সংস্থা বা সিবিআই এবং বাংলাদেশের দুর্নীতি দমন কমিশন বা দুদকের মধ্যেও আর একটি সমঝোতা স্বাক্ষরিত হয়েছে। এই সমঝোতাতেও বলা হয়েছে, দুই দেশের এই দুই প্রতিষ্ঠান নিজেদের মধ্যে সমন্বয় বাড়ানোর লক্ষ্যে কাজ করবে। ভারতের সিবিআই ও বাংলাদেশের দুদকের কর্মকর্তারাও পারস্পরিক সফরে যাবেন, নানা ধরনের প্রশিক্ষণ ও সক্ষমতা নির্মাণের কর্মসূচীতে যুক্ত হবেন বলে ওই সমঝোতায় স্থির হয়েছে।",বাংলাদেশ থেকে প্রায় হাজার দুয়েক সিভিল সার্ভেন্ট বা আমলা তাদের কেরিয়ারের মাঝপথে প্রশিক্ষণ নিতে ভারতে আসবেন বলে দুই দেশ আজ এক যৌথ বিবৃতিতে ঘোষণা করেছে।,বাংলাদেশের সরকারি কর্মকর্তা ও সেনাবাহিনীর সদস্যরা ভারতে প্রশিক্ষণ নিতে পারবেন বলে এক সমঝোতায় স্বাক্ষর করেছে ভারত।,0.24390243902439027,0.05128205128205127,0.19512195121951217,0.72732866,16,25
"সারা পৃথিবীতে যত মানুষ করোনাভাইরাসে আক্রান্ত হচ্ছে তাদের ৮০ শতাংশেরও বেশি বাসায় থেকে নানাভাবে উপশমের চেষ্টা করছেন। কী করতে হবে? কোথায় যোগাযোগ করা প্রয়োজন? ডাক্তার পাবো কোথায়? হাসপাতালে যেতে হবে কি না? - এসব প্রশ্ন তখন সামনে আসে। সর্বপ্রথমে মনে রাখতে হবে করোনাভাইরাস সংক্রমণের কোন সুনির্দিষ্ট চিকিৎসা নেই। সারা পৃথিবীতে যত মানুষ করোনাভাইরাসে আক্রান্ত হচ্ছে তাদের ৮০ শতাংশেরও বেশি বাসায় থেকে নানাভাবে উপশমের চেষ্টা করছেন। বাসায় অবস্থান করে চিকিৎসা নেবার নেবার ক্ষেত্রে যেসব বিষয় মনে রাখতে হবে সেগুলো নিচে তুলে ধরা হলো। ১. নিজেকে বিচ্ছিন্ন করুন যদি সন্দেহ হয় যে আপনার মধ্যে কোভিড-১৯-এর এক বা একাধিক লক্ষণ দেখা যাচ্ছে, তাহলে তাৎক্ষণিকভাবে নিজেকে পরিবারের অন্য সদস্যদের থেকে বিচ্ছিন্ন বা আইসোলেট করুন। এতে করে অন্যদের মাঝে সংক্রমণের আশংকা কমে আসবে। ২. জ্বর আসলে কী করবেন করোনাভাইরাস সংক্রমণ থামানোর যেহেতু কোন ঔষধ নেই সেজন্য সাধারণ সর্দি-কাশির ক্ষেত্রে যে ধরণের পদক্ষেপ নেয়া হয় সেগুলো অনুসরণ করার পরামর্শ দিচ্ছেন চিকিৎসকরা। ঢাকার বক্ষব্যধি হাসপাতালের চিকিৎসক কাজী সাইফুদ্দিন বেন্নুর বলেন, প্যারাসিটামল খাওয়া এবং গার্গল করা করা যেতে পারে। জ্বর এলেই আতঙ্কিত না হাবার পরামর্শ দিচ্ছেন মি. বেন্নুর। পর্যাপ্ত পরিমাণে পানি পান করার পরামর্শ দিচ্ছেন চিকিৎসকরা। ৩. কফ থাকলে যা করবেন যদি আপনার কফ জমে থাকে বসার সময় পিঠে ভর দিয়ে হেলান দিয়ে না বাসাই ভালো। মেরুদণ্ড সোজা করে বসুন। এতে কফ কিছুটা হালকা হয়ে আসতে পারে। ব্রিটেনের ন্যাশনাল হেলথ সার্ভিসের ওয়েবসাইটে এ তথ্য দেয়া হয়েছে। সেখানে আরো বলা হয়েছে, কফ হালকা করার জন্য এক চামচ মধু খেতে পারেন। এতে উপকার হতে পারে। তবে বারো বছর বয়সের নিচে বাচ্চাদের মধু দেবেন না। ৪. টেস্ট সেন্টারের ফোন নম্বর রাখুন বাংলাদেশে এখন ৪৫টির মেতো ল্যাবরেটরিতে করোনাভাইরাসের টেস্ট করানো হচ্ছে। আপনার নিকটস্থ টেস্ট সেন্টার কোথায় হতে পারে সে সংক্রান্ত খোঁজ রাখুন। এখন কয়েকটি বেসরকারি প্রতিষ্ঠান বাসায় গিয়ে নুমনা সংগ্রহ করছে। তাদের ফোন নম্বর সংগ্রহ করে রাখতে পারেন। ৫. অক্সিজেন ভাড়া নিতে পারেন শ্বাসকষ্ট হলে রোগীকে হাসপাতালে ভর্তি করানোর প্রয়োজন হয়। কিন্তু বাংলাদেশে অনেক ক্ষেত্রেই সেটি সম্ভব হচ্ছে না। এক হাসপাতাল থেকে আরেক হাসপাতালে ছুটোছুটি করতে করতে রোগীর অবস্থা আরো অবনতি হয়। রোগীকে হাসপাতালে ভর্তি করাতে না পারলে চিকিৎসকের পরামর্শ অনুযায়ী বাসায় অক্সিজেন নিতে পারেন। ঢাকার বক্ষব্যধি হাসপাতালের চিকিৎসক কাজী সাইফুদ্দিন বেন্নুর বলেন, ""অক্সিজেন বাসায় নেবার সিস্টেম আছে। আমরা যখন লং টাইম অক্সিজেন থেরাপি দেই, আমরা কখন অক্সিজেন বাসায় নিতে বলি রোগীদের।"" তিনি বলেন, কোভিড১৯ রোগীদের ক্ষেত্রে হাই ফ্লো অক্সিজেন দিতে হবে। ৬. টেলিমেডিসিন সম্পর্কে জেনে রাখুন করোনা সংক্রমনের এই সময়টিতে অনেক চিকিৎসক রোগীদের সরাসরি দেখছেন না। অধিকাংশ ডাক্তারের চেম্বারও বন্ধ। তবে গত দুইমাসে বহু ডাক্তার টেলিফোন এবং ভিডিও কনফারেন্সের মাধ্যমে চিকিৎসা সেবা দিচ্ছেন। বেশকিছু সরকারি এবং বেসরকারি প্রতিষ্ঠান ডাক্তারদের মাধ্যমে টেলিফোনে অথবা ভিডিও কনফারেন্সের সাহায্যে চিকিৎসা সেবা দিচ্ছে। যেসব প্রতিষ্ঠান এ ধরণের সুবিধা দিচ্ছে তাদের ফোন নম্বর হাতের কাছে রাখতে পারেন। টেলিফোন নম্বর জানা থাকলে প্রয়োজনের সময় দ্রুত কাজে লাগবে। চিকিৎসক সাইফুদ্দিন বেন্নুর বলেন, ভিডিও কনফারেন্সের মাধ্যমে চিকিৎসা সেবা দিয়ে তিনি ৭০ থেকে ৭৫ শতাংশ পর্যন্ত সন্তুষ্ট হতে পারেন। তিনি বলেন, বেশিরভাগে ক্ষেত্রে রোগীদের উদ্বেগ প্রশমনেও ভূমিকা রাখে ভিডিও কনফারেন্সের মাধ্যমে চিকিৎসা সেবা। কোয়ারেন্টিন ও আইসোলেশনের যে ব্যাখ্যা দেয়া হচ্ছে বাংলাদেশে নিজেকে যেভাবে নিরাপদ রাখবেন করোনাভাইরাস থেকে নতুন করোনাভাইরাস কত দ্রুত ছড়ায়? কতটা উদ্বেগের? করোনাভাইরাস ঠেকাতে যে সাতটি বিষয় মনে রাখবেন টাকার মাধ্যমে করোনাভাইরাস ছড়াতে পারে কি? বিশ্ব মহামারি শেষ হতে কতদিন লাগবে? কোথায় কতোক্ষণ বেঁচে থাকে কোভিড-১৯ এর জীবাণু, নির্মূলের উপায় করোনাভাইরাস নিয়ে আপনার যা জানা প্রয়োজন",যে কোন ব্যক্তির ভেতর যখন করোনাভাইরাস সংক্রমণের প্রাথমিক কিছু লক্ষণ দেখা দেয় তখন তিনি আতঙ্কিত হয়ে উঠেন।,বাংলাদেশে করোনাভাইরাস সংক্রমণ ছড়িয়ে পড়ার পর থেকেই চিকিৎসা নেবার ক্ষেত্রে নানা প্রশ্ন উঠছে।,0.06666666666666667,0.0,0.06666666666666667,0.74159014,13,17
"মঙ্গলবার রাতে আহমদনগর গ্রামে হামলার পর আহমদীয়া মুসলিম জামাতের অন্যতম শীর্ষ নেতা আহমদ তবশির চৌধুরী বিবিসিকে জানিয়েছেন, তারা বুধবার রাত দশটা নাগাদ পঞ্চগড় জেলা প্রশাসকের কাছ থেকে একটি চিঠি পেয়েছেন যাতে ফেব্রুয়ারি ২২ থেকে ২৪ তারিখ পর্যন্ত তাদের 'জলসা এবং মহা-সমাবেশ' করার অনুমতি স্থগিত করার সিদ্ধান্ত জানানো হয়েছে। মি চৌধুরী বলেন, কোনো কারণ দর্শানো হয়নি, শুধু লেখা হয়েছে অনিবার্য কারণবশত প্রশাসন অনুমতি স্থগিত করছে। পঞ্চগড়ের উপকণ্ঠে আহমদ নগর গ্রামে গত ৬০ বছর ধরে আহমদীয়া সম্প্রদায় বাৎসরিক এই জলসা করে। তবে সম্প্রতি খতমে নবুয়ত নামে একটি কট্টর ধর্মীয় সংগঠন, যারা আহমদীয়াদের অমুসলিম ঘোষণার দাবিতে আন্দোলন করছে, তারা একই গ্রামে একই সময়ে পাল্টাপাল্টি সমাবেশ ডাকে। উত্তেজনার মাঝে, মঙ্গলবার রাতে আহমদনগরে আহমেদীয়া সম্প্রদায়ের লোকজনের বেশ কিছু বাড়িতে হামলা চালিয়ে আগুন ধরিয়ে দেওয়ার চেষ্টা হয়। পরদিনই বুধবার প্রশাসনের পক্ষ থেকে আহমদীয়াদের জলসার এই অনুমতি স্থগিত করা হলো। আহমদীয়া নেতাদের কাছে পঞ্চগড় জেলা প্রশাসনের চিঠিতে ৬০ বছরে প্রথম বাধা আহমদ তাফসির চৌধুরী বিবিসিকে বলেন, ""ক্ষুব্ধ এবং ব্যথিত"" হলেও সরকারের সিদ্ধান্ত তারা মেনে নেবেন। ""আমরা কখনো কোনো বিরোধে জড়াতে চাইনা।"" তিনি বলেন, অনুষ্ঠান না করতে পারায় তাদের প্রচুর আর্থিক ক্ষতি হবে। ""অনুষ্ঠানের জন্য সমস্ত আয়োজন প্রায় শেষের পথে ছিল। মূল প্যান্ডেল, আগতদের থাকার জায়গার ব্যবস্থা প্রায় শেষ।"" আহমদীয়া জামাত আশা করছিল তাদের এই জলসা এবং 'মহা-সমাবেশে' আট থেকে ১০ হাজার লোক হবে। এর আগে, আহমদীয়া মুসলিম জামাতের আমির মোবাশ্বেরুর রহমান বিবিসিকে বলেন, পঞ্চগড়ে জলসা করতে গিয়ে বাধা পাবেন, এটা তারা কখনো ধারণা করেননি। ""পঞ্চগড়ে ১৯৬০সাল থেকে আমাদের জলসা হচ্ছে। সেখানে আমাদের এই জলসা কখনই বাধার মুখে পড়েনি...খুবই দু:খজনক।"" আহমদ তাফসির চৌধুরী - যিনি আহমদীয়া মুসলিম জামাতের একজন নায়েব ন্যাশনাল আমীর - বিবিসিকে বলেন, জানুয়ারিতে তাদের বাৎসরিক জলসার অনুমতি পাওয়ার পর সরকারের ""উঁচু পর্যায়"" থেকে নির্বিঘ্নে অনুষ্ঠান করার নিশ্চয়তা পেয়েছিলেন তারা। তিনি বলেন, তারপরও এ ধরণের ঘটনা ""দুঃখজনক।"" ""তারা (প্রশাসন)কোনো ঝামেলা চাইছে না। আমাদের নিয়ে প্রশাসনের ভেতর কেমন যেন জুজুর ভয় কাজ করে।"" এই মাঠেই আহমদীয়াদের জলসার আয়োজন চলছিল আহমদীয়া জামাতের আমীর মোবাশ্বেরুর রহমান বলেন, ধর্মীয় কট্টরপন্থীরাই তাদের ওপর হামলা করেছে এবং এর বিচার চান তারা। ""ধারালো অস্ত্র নিয়ে তারা যে আক্রমণ করেছে, এটি তাদের পুরোনো স্টাইল। এই খতমে নবুয়ত তারা পাকিস্তান থেকে এটা আমদানি করেছে।"" পঞ্চগড় শহরের উপকণ্ঠে আহমদনগর নামে যে গ্রামটিতে এ মাসের ২২ থেকে ২৪ তারিখ এই জলসা হওয়ার কথা, সেই গ্রামটিতে এই সম্প্রদায়ের অনেক লোকজনের বসবাস। সম্প্রতি একই গ্রামে একই সময়ে ধর্মীয় সমাবেশের ডাক দেয় খতমে নবুয়ত নামে একটি ধর্মীয় সংগঠন - যারা বহুদিন ধরে আহমদীয়াদের অমুসলিম ঘোষণার দাবিতে আন্দোলন করছে। মঙ্গলবার রাতে আহমদনগরে আহমদীয়া সম্প্রদায়ের লোকজনের বাড়িতে হামলা চালানো হয়। ধর্মভিত্তিক কয়েকটি সংগঠন খতমে নবুয়ত সংরক্ষণ পরিষদের ব্যানারে আহমদীয়াদের বিরুদ্ধে ঢাকায় ২০০৩ সাল থেকে দুই বছর ধরে বিভিন্ন কর্মসূচি পালন করেছিল। একপর্যায়ে সংগঠনটির নেতারা বিভক্ত হয়েছিলেন পরস্পরের বিরুদ্ধে নানান অভিযোগ তুলে। এখন আবার পঞ্চগড়ে এই সংগঠনের ব্যানারে আহমদীয়াদের বিরুদ্ধে কর্মসূচি নেয়া হয়। এদিকে কওমি মাদ্রাসা ভিত্তিক সংগঠন হেফাজতে ইসলামের নেতা আহমদ শফীও মঙ্গলবার হামলার ঘটনার দিনে এক বিবৃতি দিয়ে পঞ্চগড়ে আহমদীয়া বিরোধী আন্দোলনকে সমর্থন করেছিলেন। বুধবার আবার তার পক্ষে চট্টগ্রামের হাটহাজারিতে সংবাদ সম্মেলন করে আহমদীয়া মুসলিম জামাতকে নিষিদ্ধ করার তাদের পুরোনো দাবি তুলে ধরা হয়।",বুধবার রাতে জেলা প্রশাসকের পক্ষ থেকে আহমদীয়া সম্প্রদায়ের কাছে লেখা এক চিঠিতে ফেব্রুয়ারির তৃতীয় সপ্তাহে তাদের ধর্মীয় জলসার সরকারি অনুমতি স্থগিত করার সিদ্ধান্ত জানানো হয়েছে।,বাংলাদেশের পঞ্চগড়ে আহমদীয়া মুসলিম সম্প্রদায়ের বাৎসরিক জলসার অনুমতি স্থগিত করেছে জেলা প্রশাসন।,0.32432432432432434,0.05714285714285715,0.2702702702702703,0.7797031,12,25
"সঞ্চয়পত্রের মুনাফার ওপর ১০ শতাংশ হারে উৎস কর আরোপ করেছে সরকার দ্রব্যমূল্য বৃদ্ধির কারণে আগে থেকেই সাংসারিক বাজেটে টানাটানি শুরু হয়েছিল। আর এই বাজেটে উৎসে কর বাড়িয়ে দেয়ায়, তারা পড়েছেন আরো সংকটে। শাহিদা পারভিন বলছেন, ''সঞ্চয়পত্রের টাকা আর কিছু জমিজমা থেকে যে আয় হয়, তা দিয়েই ছেলেমেয়েদের পড়াশোনা, বাড়িভাড়া, সংসার খরচ চলে। এমনিতেই সব জিনিসপত্রের দাম বেড়েছে। এখন আমাদের আয় যদি আরো কমে যায়, তাহলে তো সংসারে তার প্রভাব পড়বেই।'' সঞ্চয়পত্রের ওপর তার কেন এই নির্ভরশীলতা? দেশের নারী, বয়স্ক নাগরিক এবং অবসরে যাওয়া সাবেক চাকরিজীবীদের একটি বড় অংশ, তাদের পারিবারিক আয়ের ক্ষেত্রে সঞ্চয়পত্রের ওপর অনেকাংশে নির্ভরশীল। দেশের ব্যাংকগুলোর তুলনায় সঞ্চয়পত্রে সুদের হার বেশি হওয়ায় অনেকেই এই খাতে বিনিয়োগে উৎসাহী হন। শাহিদা পারভিন বলছেন, ''ব্যাংকে সুদের হার কম। ব্যবসা বাণিজ্য তো আর এই বয়সে করতো পারবো না। তাই সঞ্চয়পত্র কিনে রেখেছি, যাতে সহজে মুনাফা পাওয়া যায়। আবার পোস্ট অফিস থেকে তুলতে পারি বলে ঝামেলা হয় না।'' এতদিন সঞ্চয়পত্রের মুনাফা তোলার সময় পাঁচ শতাংশ হারে উৎসে কর দিতে হতো, এখন থেকে তাদের দিতে হবে ১০ শতাংশ হারে। সঞ্চয়পত্রের ওপর ১০ শতাংশ উৎসে কর বহাল রেখে রোববার বাংলাদেশে ২০১৯-২০ অর্থবছরের বাজেট পাস হয়েছে। উৎসে কর বাড়ানোর সিদ্ধান্ত কেন নিয়েছে সরকার? সঞ্চয়পত্রে উৎস্যে কর বাড়ানোর কারণে অন্যান্য খাতে বিনিয়োগ আরো বাড়বে বলে মনে করেন জাতীয় রাজস্ব বোর্ডের চেয়ারম্যান মোঃ মোশাররফ হোসেন ভুঁইয়া। তিনি বলছেন, ''সঞ্চয়পত্রের ওপরে এখন চাপ খুব বেশি। দেশের মোট মানি সাপ্লাইয়ের এক চতুর্থাংশ সঞ্চয়পত্রে জমা আছে।"" অন্যদিকে বিশেষজ্ঞরা বলছেন, ""সঞ্চয়পত্রের সুদের হার কমিয়ে দেয়া হলে ব্যাংকগুলোতে টাকা আসবে।'' তবে সরকার এটাও চিন্তা করেছে, সুদের হার কমিয়ে দিলে সাধারণ মানুষ, যাদের অনেকেই সঞ্চয়পত্রের ওপর নির্ভরশীল, তারা যেন ক্ষতিগ্রস্ত না হন সেজন্য এবার সঞ্চয়পত্রের সুদের হার কমানো হয়নি বলে জানান মিস্টার ভুঁইয়া। কিন্তু একটা কর আরোপ করা হয়েছে। যেন কিছু অর্থ ব্যাংকিং খাতে যায়। সেইসঙ্গে বন্ড বা এ ধরণের বিনিয়োগ কিছুটা বাড়ে।- বলছেন মি. ভুঁইয়া। আরো পড়ুন: ব্যাংক ঋণ ও আমানতের সুদ কমালে কার কতটা লাভ আয়কর সম্পর্কে যেসব তথ্য না জানলেই নয় ব্যাংকের ঋণের সুদের হার কেন কমছে না? জাতীয় রাজস্ব বোর্ড আশা করছে, সঞ্চয়পত্রে উৎস কর আরোপ করায় অন্যান্য খাতে বিনিয়োগ আরো বাড়বে। অভিযোগ আছে যে, স্বল্প আয়ের মানুষের জন্য এই উচ্চ সুদের সুবিধাটি চালু করা হলেও অনেক ধনী ব্যক্তি নামে বেনামে সঞ্চয়পত্র কিনে সুবিধা নিচ্ছেন। বাংলাদেশ ইন্সটিটিউট অব ডেভেলপমেন্ট স্টাডিজের জ্যেষ্ঠ গবেষক নাজনীন আহমেদ মনে করেন, যেভাবে বিপুল পরিমাণে সঞ্চয়পত্র বিক্রি হচ্ছে, তা ভবিষ্যতে অর্থনীতি ও সরকারের জন্য বড় ধরণের সমস্যা তৈরি করতে পারে। তিনি বলছেন, মানুষ সঞ্চয়পত্র কেনে, কারণ অন্য যেসব সঞ্চয়ের উপাদান আছে, তার চেয়ে এখানে সুদের হার বেশি। আবার সঞ্চয়পত্র বিক্রি করছে সরকার, যেহেতু তারা অতিরিক্ত সুদ দিচ্ছে, তখন অতিরিক্ত বিক্রি হলে সরকারের জন্য দীর্ঘমেয়াদি সুদের একটা বোঝা তৈরি করছে। সেটা কিন্তু সরকারকেই ভবিষ্যতে প্রদান করতে হবে। ফলে এটা সরকারের ব্যয় বা দায়ের ওপর একটা প্রভাব ফেলবে। '' ''সেই প্রভাব কিন্তু দেশের অর্থনীতিতেও পড়তে বাধ্য, যদি না রাজস্ব বা অন্য আদায় থেকে আয়টি অনেকগুণ বাড়ে। কিন্তু সেটা যদি না হয়, তাহলে সুদের হার হিসাবে যে বিপুল অর্থ দিতে হবে, সেটা সামষ্টিক অর্থনীতি ও সরকারের ব্যয়ের ক্ষেত্রে একটা সমস্যা তৈরি করতে পারে।'' গবেষক ড. নাজনীন আহমেদ বলছেন, একদিকে সরকার যেমন নারী ও বয়স্কদের আয়ের ব্যবস্থা করার জন্য সঞ্চয়পত্রে চড়া সুদ বহাল রাখছে, আবার এই উৎস কর আরোপ করে তাদের আয় কমিয়ে দিচ্ছে। তাই তার মতে, সরকারের বরং উচিত, সঞ্চয়পত্রের সুবিধাটি শুধুমাত্র নারী, বয়স্কা বা নিম্ন আয়ের মানুষের মধ্যে সীমাবদ্ধ রাখা, তাহলে তারা অর্থনৈতিকভাবে সুবিধা পাবে, আবার দেশের অর্থনীতির জন্যও সেটি বোঝা হয়ে দাঁড়াবে না। বিবিসি বাংলার অন্যান্য খবর: এখনও নিবন্ধন করেনি পাঠাও উবারের মতো প্রতিষ্ঠান গ্যাসের দাম বাড়ায় আরো যেসব খাতে প্রভাব পড়বে মরক্কোর অর্ধেক মানুষই কেন দেশ ছেড়ে চলে যেতে চায় ভারত-ইংল্যান্ড ম্যাচের শেষভাগ 'অদ্ভুত': পিটারসেন","ঢাকার মিরপুরের বাসিন্দা শাহিদা পারভিন স্বামীর পেনশন হিসেবে পাওয়া পুরো টাকা দিয়ে সঞ্চয়পত্র কিনে রেখেছেন, যা দিয়ে তাদের সংসারের খরচ চলে।","বাংলাদেশে সঞ্চয়পত্রের মুনাফার ওপর ১০ শতাংশ কর বহাল রেখে রোববার বাজেট পাস হওয়ার পর সাবেক চাকরিজীবী শাহিদা পারভিন বলছেন, তাদের পারিবারিক আয় যদি আরো কমে যায়, তাহলে সংসারে তার প্রভাব পড়বে।",0.11538461538461538,0.04,0.11538461538461538,0.75343305,31,21
"End of Instagram post, 1 ইরান তার পারমাণবিক কার্যক্রম সীমিত করলে ইরানের ওপর নিষেধাজ্ঞা স্থগিত রাখার বিষয়ে বিভিন্ন দেশের মতৈক্যে যে চুক্তি হয়েছিল, ডোনাল্ড ট্রাম্প সেই চুক্তি থেকে সরে আসার সিদ্ধান্ত ঘোষণার পর দুই দেশের মধ্যে সম্পর্কে অবনতি ঘটেছে। মি: ট্রাম্প তার এই সিদ্ধান্ত ঘোষণা করে বলেন ওই চুক্তির ""গোড়ায় গলদ'' ছিল এবং ইরানের ওপর উল্টে তিনি আরও কঠোর নিষেধাজ্ঞা আরোপ করেছেন। ইরান এতে হতাশ প্রতিক্রিয়া ব্যক্ত করে। কিন্তু এখন মনে হচ্ছে ইরান অন্যভাবে বা পরোক্ষে তার অসন্তোষ তুলে ধরতে চাইছে। গতকাল শুক্রবার দেশটির সর্বোচ্চ নেতা আলাতোল্লা আলি খামেনেই তেহরানের এক বই মেলা থেকে তার ইনস্টাগ্রাম অ্যাকাউন্টে একটি ছবি পোস্ট করেছেন। ছবিটি সাদামাটা - তিনি একটি বই কৌতূহল নিয়ে পড়ছেন- কিন্তু তার হাতের এই বইটি নানা প্রশ্নের জন্ম দিয়েছে। বইটি মাইকেল উল্‌ফের লেখা বই ''ফায়ার এবং ফিউরি''-র ফার্সি ভাষায় অনুবাদ। এই বইয়ে দাবি করা হয়েছিল হোয়াইট হাউসের ভেতরের অবস্থা বিশৃঙ্খল। বইটি প্রকাশের পর মার্কিন প্রেসিডেন্ট ডোনাল্ড ট্রাম্প বলেছিলেন বইটি লেখা ''মনগড়া গল্প'' নিয়ে এবং লেখক মি: উল্‌ফ একজন ''ভণ্ড""। বইটি জানুয়ারি মাসে প্রকাশ পাবার পর তা রীতিমত আলোড়ন সৃষ্টি করেছিল। পর্যবেক্ষকদের মন্তব্য ছিল বইটি ''বিস্ফোরক'' কারণ এই বই-এ মি: ট্রাম্পের মানসিক সুস্থতা নিয়ে প্রশ্ন তোলা হয়েছিল। বইয়ে বলা হয়েছিল প্রেসিডেন্ট ট্রাম্প একজন অধৈর্য ব্যক্তি, তিনি নীতির গভীরে যেতে অক্ষম, তিনি এক কথা বারবার বলেন, এবং তার বক্তব্য অস্বচ্ছ। এতে আরও দাবি করা হয়েছিল যে মি: ট্রাম্প বন্ধুদের স্ত্রীদের পেছনে ছোটেন এবং তার মেয়ে ইভাঙ্কা বাবার আড়ালে বাবার চুলের স্টাইল নিয়ে ব্যঙ্গ করেন। ইরানের সঙ্গে পারমাণবিক চুক্তি থেকে মি: ট্রাম্প আমেরিকান সমর্থন প্রত্যাহার করে নেবার পর পরই ইরানের প্রেসিডেন্ট হাসান রৌহানি কার্যত প্রেসিডেন্ট ট্রাম্পকে লক্ষ্য করে পরোক্ষে তির্যক মন্তব্য করেছিলন। আর দিন কয়েকপরই আয়াতোল্লা খামেনেই-এর এই ছবি পোস্ট করা হল। বিবিসি বাংলায় আরও পড়তে পারেন: ইরানের সাথে পরমাণু চুক্তি থেকে সরে গেলেন ট্রাম্প ইরান পরমাণু চুক্তি: ট্রাম্পের সিদ্ধান্তে হতাশা ও ক্ষোভ ইরান সরকারের সঙ্গে এই পারমাণবিক চুক্তিতে আমেরিকার পক্ষে সই করেছিলেন মি: ট্রাম্পের পূর্বসুরী বারাক ওবামা। এই চুক্তিতে সম্মতি স্বাক্ষর দিয়েছিল জাতিসংঘ নিরাপত্তা পরিষদের পাঁচটি স্থায়ী সদস্য দেশ- আমেরিকা, ব্রিটেন, ফ্রান্স, চীন ও রাশিয়া এবং জার্মানি। বুধবার আয়াতোল্লা খামেনেই বলেছিলেনে মি: ট্রাম্প বহু-দেশ ভিত্তিক এই পারমাণবিক চুক্তি থেকে সরে এসে ''ভুল করেছেন''। ''প্রথম দিন থেকেই আমি বলে এসেছি: আমেরিকাকে বিশ্বাস কোরো না,'' মি: খামেনেই বলেন। ইনস্টাগ্রামে পোস্ট করা ছবিতে আরও দেখা যায় যে ধর্মীয় নেতা মিঃ খামেনেই বই বিক্রেতার সঙ্গে বই মেলায় খোশ গল্প করছেন এবং বই পড়ছেন। বিবিসি বাংলায় আরও পড়তে পারেন: পাকিস্তানে 'হাযারা' সম্প্রদায় 'জাতিগত নিধনের' শিকার মহাকাশে বাংলাদেশের প্রথম স্যাটেলাইট আলঝেইমার্স রোগ শনাক্ত করার পাঁচটি উপায়",দিন কয়েক আগে আমেরিকা ও ইরানের মধ্যে সম্পর্কে গুরুতর অবনতি ঘটেছে।,মার্কিন প্রেসিডেন্ট ডোনাল্ড ট্রাম্প ইরানের ওপর নিষেধাজ্ঞা স্থগিত রাখার সিদ্ধান্ত ঘোষণার পর দেশটির সর্বোচ্চ নেতা আলাতোল্লা আলি খামেনেই তার ইনস্টাগ্রাম অ্যাকাউন্টে একটি ছবি পোস্ট করেছেন।,0.05555555555555555,0.0,0.05555555555555555,0.6527745,25,11
"ভারতের সুপ্রিম কোর্ট হিজড়াদের 'তৃতীয় লিঙ্গ হিসেবে স্বীকৃতি দিয়েছে। যার বিরুদ্ধে এই গুরুতর অভিযোগ উঠেছে, সেই মানবী বন্দ্যোপাধ্যায় ভারতের প্রথম রূপান্তরী নারী যিনি কোনও সরকারী কলেজের প্রিন্সিপাল হয়েছেন। একই সঙ্গে তিনি পশ্চিমবঙ্গের ট্র্র্যান্সজেন্ডার ডেভেলপমেন্ট বোর্ডের ভাইস-চেয়ারপার্সন। অভিযোগ উঠেছে যে ওই কিশোরকে 'হিজড়া' সম্প্রদায়ের কাছে পাঠিয়ে দিয়ে গ্রামে গ্রামে তাদের দলের সঙ্গে ঘুরতে একরকম বাধ্য করা হচ্ছিল । কিন্তু একটা সময়ে ওই কিশোরই জানায় যে সে পড়াশোনা করে বড় হতে চায়, এই কাজ সে করবে না। তারপরে ওই দলেরই এক সদস্যের সহায়তায় সে পালিয়ে একটি সংস্থার কাছে পৌঁছয়, যেখান থেকে পাঁচ দিন পরে তাকে ফেরত পেয়েছে তার পরিবার। ছেলের কাছ থেকে গোটা ঘটনা জানার পরে পশ্চিমবঙ্গ শিশু অধিকার সুরক্ষা কমিশনে মানবী বন্দ্যোপাধ্যায়ের বিরুদ্ধে অভিযোগ দায়ের করেছে ওই কিশোরের পরিবার। আরো পড়ুন: শিশুকে বুকের দুধ খাওয়ালেন হিজড়া নারী ভারতের প্রথম তৃতীয় লিঙ্গ কলেজ প্রিন্সিপালের পদত্যাগ ভারতে ছাট পূজার সময় হিজড়া সম্প্রদায়ের নাচ-গান কমিশনের অন্যতম সদস্য, প্রসূন ভৌমিক বিবিসি বাংলাকে বলেছেন, ""আমরা অভিযোগ পেয়েছি। অত্যন্ত দুর্ভাগ্যজনক ঘটনা। গোটা বিষয়টা আমাদের চেয়ারপার্সন অনন্যা চক্রবর্তী দেখছেন।"" কমিশনের তরফ থেকে বিস্তারিত তদন্ত করতে তাদের এক প্রতিনিধি তাদের সঙ্গে মঙ্গলবার কথা বলেছে বলে দাবী কিশোরের পরিবারের। অভিযোগ নিয়ে প্রতিক্রিয়া জানতে মানবী বন্দ্যোপাধ্যায়ের মোবাইলে ফোন করলে তার পুত্র অভিষেক বন্দ্যোপাধ্যায় পরিচয় দিয়ে এক ব্যক্তি বিবিসির সঙ্গে কথা বলেন, তবে কোনও রকম প্রতিক্রিয়া দিতে তিনি রাজী হন নি। কী অভিযোগ ওই কিশোরের পরিবারের মুর্শিদাবাদের ওই কিশোর দ্বাদশ শ্রেণীতে পড়ে এবং স্কুলে তার পরীক্ষা চলছিল। ১৯ নভেম্বর পরীক্ষার পরে ছেলেকে স্কুল থেকে আনতে গিয়ে তার মা জানতে পারেন যে আগেই পরীক্ষার খাতা জমা দিয়ে চলে গেছে সে। তার বাবা মায়ের সন্দেহ হয় যে ছেলে অধ্যাপক বন্দ্যোপাধ্যায়ের কাছেই গেছে। কেন এরকম সন্দেহ হল, জানতে চেয়েছিলাম ওই কিশোরের মায়ের কাছে। বিবিসি বাংলার অন্যান্য খবর: মনোনয়নপত্র জমা শেষ: সবার নজর খালেদা, জামায়াতের দিকে এরশাদ অসুস্থ, সরকারের সাথে আলোচনা করে কে? কেন নির্বাচন করছেন না ড. কামাল হোসেন মানবী বন্দ্যোপাধ্যায় ""এর আগেও ৫ সেপ্টেম্বর আমার ছেলেকে নিয়ে গিয়েছিলেন মানবী বন্দ্যোপাধ্যায়ের পুত্র। তাই দ্বিতীয়বারও আমাদের সন্দেহ হয় যে নিশ্চই ওখানেই আবার নিয়ে গেছে ছেলেকে। তবে থানায় অভিযোগ জানাতে গেলে পুলিশ বলে যেহেতু নির্দিষ্টভাবে জানা নেই যে ছেলে কোথায়, তাই কেউ বা কারা অপহরণ করেছে, সেটাই অভিযোগে লিখেছিলাম,"" বলছিলেন ওই কিশোরের মা। ওই কিশোরের পরিবার বলছে, ১৯ নভেম্বর রাতেই তারা নদীয়ার কৃষ্ণনগর উইমেনস কলেজে, যেখানকার প্রিন্সিপাল মানবী বন্দ্যোপাধ্যায়, সেখানে গিয়ে দেখা করেন মিসেস বন্দ্যোপাধ্যায়ের সঙ্গে। কিন্তু তিনি জানিয়েছিলেন যে ওদের ছেলে কোথায় সেটা ওর জানা নেই। ""অনেক কান্নাকাটি করার পরে মানবী ম্যাডাম শুধু বলেন, ছেলে হারিয়ে গেছে তো আমি কী করব! কলকাতার পি জি হাসপাতালে খোঁজ করুন। তারপরে আমরা কৃষ্ণনগর থানাতেও গিয়েছিলাম। আমাদের কাছে তখন ছেলেকে খোঁজার আর ফিরে পাওয়ার তাগিদটা বেশি ছিল,"" জানাচ্ছিলেন ওই কিশোরের মা। পাঁচ দিন পরে একটা ফোন করে তাকে জানানো হয় যে আরেক রূপান্তরকামী তিস্তা দাসের একটি সংস্থাতে পৌঁছিয়েছে ছেলে। সেখান থেকে একমাত্র সন্তানকে ফিরিয়ে আনেন বাবা মা। ছেলের কাছ থেকে জানতে পারেন কী হয়েছিল ওই পাঁচ দিন। রঞ্জিতা সিনহা ""ছেলে ফিরে আসার পরে তার কাছ থেকে জানতে পারি যে অঞ্জলি নামের এক তৃতীয় লিঙ্গের ব্যক্তির কাছে তাকে দিয়ে দেওয়া হয়েছিল। তাকে ছেঁড়া-ফাটা নাইটি পরিয়ে গ্রামে গ্রামে হিজড়াদের দলের সঙ্গে ঘুরে পেশা করতে বলা হয়েছিল।"" ""আমার ছেলে প্রতিবাদ জানায়, বলে সে পড়াশোনা করতে চায়, ওই কাজ সে কেন করবে। ওই দলেরই অন্য একজনের সাহায্যে সে একটি সংস্থার কাছে পৌঁছয়, যেটি চালান এক রূপান্তরকামী। তারাই আমাদের খবর দেয়,"" - জানালেন কিশোরের মা। ছেলের কাছ গোটা ঘটনা জানার পরে পশ্চিমবঙ্গ শিশু অধিকার সুরক্ষা কমিশনে লিখিত অভিযোগ জানিয়েছে ওই কিশোরের পরিবার, যেখানে মানবী বন্দ্যোপাধ্যায়ের নামেই সরাসরি অভিযোগ করা হয়েছে। কিশোরের মা বলছেন, ""আমার ছেলে কখনই রূপান্তরকামী নয়। সে পুরুষ হয়েই জন্মিয়েছে, সেইভাবেই বড় হতে চায়। তার স্বপ্ন আছে বড় হবে, পাঁচ জনের একজন হয়ে উঠবে। মানবী বন্দ্যোপাধ্যায়ের সঙ্গে ওর ফেসবুকে পরিচয়। তারপরে ফোনেও কথা বলত, যেটা আমরা পরে জানতে পারি। আমার ধারণা কোনওভাবে ছেলের ব্রেনওয়াশ করা হয়েছিল।"" এই ঘটনায় রূপান্তরকামীদের মধ্যেও হয়েছে প্রতিক্রিয়া। ট্র্যান্সজেন্ডার বোর্ডের আরেক সদস্য এবং রূপান্তরকামীদের নিয়ে একটি সংগঠন চালানো রঞ্জিতা সিনহা বিবিসিকে বলেছেন, ""অভিযোগ অত্যন্ত গুরুতর। এটা তো রীতিমতো পাচারের অভিযোগ! এছাড়া প্রতারণাও করা হয়েছে ওই কিশোরের সঙ্গে। অভিযোগ প্রমাণিত হলে তার কঠোর শাস্তি হওয়া উচিত।"" ভারতে ৫০ লাখ ট্রান্সজেন্ডার বেঁচে আছেন যেভাবে","ভারতের পশ্চিমবঙ্গ রাজ্যে ট্রান্সজেন্ডার বা রূপান্তরকামী মানুষদের অধিকার রক্ষায় সবথেকে পরিচিত মুখ যিনি, তাঁর বিরুদ্ধেই অভিযোগ উঠেছে যে তিনি এক কিশোরকে তার ইচ্ছার বিরুদ্ধে 'হিজড়া' বানাতে চেষ্টা করেছিলেন।",ভারতের পশ্চিমবঙ্গ রাজ্যের একটি শিশু অধিকার কমিশনে অভিযোগ দায়ের করা হয়েছে যে তিন বছরের এক কিশোরকে 'হিজড়া' সম্প্রদায়ের কাছে পাঠিয়ে দেয়া হচ্ছিল।,0.32,0.08333333333333333,0.32,0.7310867,22,28
"রোহিঙ্গাদের জন্য ভাসানচরের আবাসন প্রকল্প। তবে মানবাধিকার সংস্থা হিউম্যান রাইটস ওয়াচ বলছে, আন্তর্জাতিক সংস্থাগুলোর সমন্বয়ে কারিগরি মূল্যায়ন ছাড়াই সরকারের রোহিঙ্গাদের এভাবে স্থানান্তর করা উচিত হয়নি। কক্সবাজারের রোহিঙ্গা শিবিরের ওপর চাপ কমাতে শুক্রবার নৌবাহিনী ও কোস্টগার্ডের তত্ত্বাবধানে ১৬৪২ জন রোহিঙ্গাকে ৭টি জাহাজে করে ভাসান চরে নিয়ে যাওয়া হয়। সেখানে পৌঁছানোর পরই প্রত্যেকের শরীরের তাপমাত্রা পরীক্ষা ও হাত ধোয়ানো শেষে তাদের ক্যাম্পে থাকার নিয়মকানুন সম্পর্কে ব্রিফ করে নৌবাহিনীর কর্মকর্তারা। এরপর প্রতিটি পরিবার যার যার ঘর ও মালপত্র বুঝে নেন। জানা গেছে ২২টি আন্তর্জাতিক সংস্থা তাদের মানবিক সহায়তা দিতে ভাসানচরেই অবস্থান করছে। প্রথম কয়েকদিন নৌবাহিনীর তত্ত্বাবধানেই রোহিঙ্গাদের খাবার সরবরাহ করা হবে। ভাসানচরে থাকার জন্য মানসম্মত নতুন পাকা ঘর এবং বসবাসের মতো স্বাস্থ্যসম্মত এলাকা পেয়ে উচ্ছ্বাস প্রকাশ করেছেন রোহিঙ্গারা। কুতুপালং ১৭ নম্বর ক্যাম্প থেকে আসা আরোপা বেগম বলেন, ""জাগা দেকি, বাসা দেকি ভালা লাগসে। ওহানে পাহাড়, বাচ্চাকাচ্চা খেলাইতো পারে না। গরু চরতে পারে না। এখানে তো সব সমান। ভালো লাগসে।"" লালু বেগম বলেন, ""ওহানে তো দুযোখো ছিলাম। এহানে জাগা বড়, সমান। এখানে নিরাপত্তা আছে। পানি আছে, বাথরুম আছে। আমাদের কষ্ট করতে হবে না।"" জাহাজে করে রোহিঙ্গাদের ভাসানচরে নিয়ে যাওয়া হয়। রোহিঙ্গাদের ভাসানচরে স্থানান্তর করতে ২০১৭ সাল থেকেই দ্বীপটিতে এই আশ্রয়ণ প্রকল্প হাতে নেয় বাংলাদেশ সরকার। তখন থেকেই জাতিসংঘ, ইউরোপীয় ইউনিয়ন, হিউম্যান রাইটস ওয়াচ, অ্যামনেস্টি ইন্টারন্যাশনালসহ আন্তর্জাতিক অর্থায়নে পরিচালিত উন্নয়ন সংস্থাগুলো এর বিরোধিতা করে আসছে। সবশেষ জাতিসংঘ মহাসচিবের মুখপাত্র স্টিভেন দুজারিচ এই স্থানান্তরকে অনুচিত বলে মন্তব্য করেছেন। এর আগে ভাসানচরে স্থানান্তর অবিলম্বে বন্ধ করতে বাংলাদেশ সরকারের প্রতি তাদের বিবৃতিতে আহ্বান জানায় আন্তর্জাতিক মানবাধিকার সংস্থা হিউম্যান রাইটস ওয়াচ ও অ্যামনেস্টি ইন্টারন্যাশনাল। ভাসানচরে স্থানান্তরের আগে সব আন্তর্জাতিক সংস্থার সমন্বয়ে একটি স্বাধীন কারিগরি ও সুরক্ষাগত মূল্যায়নের আহ্বান জানিয়ে আসছিল জাতিসংঘ। সেটা ছাড়াই রোহিঙ্গাদের স্থানান্তর করা নিয়ে অসন্তোষ প্রকাশ করেছেন হিউম্যান রাইটস ওয়াচের দক্ষিণ এশিয়া বিভাগের পরিচালক মীনাক্ষী গাঙ্গুলি। ""আমাদের প্রশ্ন হল, এতো তাড়া কেন? কোন টেকনিক্যাল অ্যাসেসমেন্ট ছাড়া তাদের এতো তাড়াতাড়ি শিফট করা উচিত হয়নি। এটা তো একটা চর। এখানে প্রায়ই ঘূর্ণিঝড় হয়, এখানে মানুষের থাকা সবসময়ই ঝুঁকিপূর্ণ। বাংলাদেশ সরকার এই ঝুঁকি কেন নিল? তাদের উচিত ছিল আরও সময় নিয়ে সঠিক নিয়মে আগানো।"" প্রতিটি বাড়ির সামনে প্রশস্ত রাস্তা। ভাসানচর নিয়ে শুরু থেকেই জাতিসংঘসহ আন্তর্জাতিক সম্প্রদায়ের বিরোধিতা থাকায় সরেজমিনে পরিস্থিতি দেখতে রোহিঙ্গাদের একটি প্রতিনিধিদলকে গত সেপ্টেম্বরে সেখানে পাঠানো হয়। এর উদ্দেশ্য ছিল সরেজমিনে ভাসানচর ঘুরে এসে তারা যেন কক্সবাজারে থাকা রোহিঙ্গাদের সেখানকার পরিবেশ-পরিস্থিতি জানায় এবং স্থানান্তরের ব্যাপারে উদ্বুদ্ধ করে। এখানে স্থানান্তর প্রক্রিয়া শুরুর পর থেকেই আন্তর্জাতিক সংস্থাগুলো নানা প্রশ্ন তোলে। স্থানান্তরের প্রক্রিয়ায় জাতিসংঘকে যুক্ত করা হয়নি বলে বুধবার একটি বিবৃতি দেয় সংস্থাটি। এর প্রেক্ষাপটে বাংলাদেশের পররাষ্ট্র মন্ত্রণালয় এক বিবৃতিতে আহ্বান জানায়, এই আন্তর্জাতিক সংস্থাগুলো যেন ভুল ব্যাখ্যা না দেন। আরও পড়তে পারেন: ভাসানচরে যেতে চাইছেন না রোহিঙ্গারা রোহিঙ্গা স্থানান্তর প্রক্রিয়ায় যুক্ত নেই বলে জাতিসংঘের বিবৃতি ভাসানচরে রোহিঙ্গাদের জন্য আসলে কী আছে? ভাসানচরে স্থানান্তর রোহিঙ্গাদের জীবনমানের উন্নয়নের লক্ষ্যে সরকারের ''আন্তরিক প্রচেষ্টা'' বলে পররাষ্ট্র মন্ত্রণালয়ের ওই বিবৃতিতে উল্লেখ করা হয়। এক্ষেত্রে আন্তর্জাতিক সংস্থাগুলোকে ভাসানচর প্রকল্প সরেজমিনে পর্যবেক্ষণে আসার আহ্বান জানিয়েছেন অতিরিক্ত শরণার্থী ত্রাণ ও প্রত্যাবাসন কমিশনার মোহাম্মদ সামসুদ্দৌজা। তিনি বলেন, ""আন্তর্জাতিক সংস্থাগুলোর উচিত বিবৃতি না দিয়ে, রোহিঙ্গারা এখানে কীভাবে আছে, খাওয়া পাচ্ছে কিনা, স্বেচ্ছায় গিয়েছে কিনা, ভাসানচরে কি কি ফেসিলিটি আছে, সেগুলো সরেজমিনে এসে দেখা। তাদের সাথে কথা বলা।"" ""যারা আশ্রয় দিয়েছে তাদেরকে এতো কিছু বলেন, আর যেই দেশ এই মানুষগুলোকে তাড়িয়ে দিল তাদেরকে কেউ কিছু বলে না। তারা জাতিসংঘকে চাপ দিক যেন মিয়ানমার তার নাগরিকদের ফিরিয়ে নিয়ে যায়।"" বলেন, মোহাম্মদ সামসুদ্দৌজা। তবে রোহিঙ্গাদের যেখানেই রাখা হোক না কেন তারা যেন নিজ দেশ মিয়ানমারে দ্রুত ফিরে যেতে পারে সে বিষয়ে কূটনৈতিক তৎপরতা চালিয়ে যাওয়ার কথা জানিয়ে আসছে সরকার। বলা হচ্ছে, রোহিঙ্গাদের পুনর্বাসনের চেয়ে প্রত্যাবাসনের ওপরেই তারা সর্বোচ্চ গুরুত্ব দিচ্ছে।",বাংলাদেশের দক্ষিণাঞ্চলে দুই দশক আগে জেগে ওঠা দ্বীপ ভাসানচরে একটি দিন পার করেছে সেখানে স্থানান্তরিত রোহিঙ্গা শরণার্থীরা। সেখানকার পরিবেশ দেখে বেশিরভাগ রোহিঙ্গা তাদের সন্তুষ্টির কথা জানিয়েছেন।,বাংলাদেশের কক্সবাজারে আশ্রয় নেয়া রোহিঙ্গাদের ভাসানচরে স্থানান্তর করা হয়েছে।,0.1142857142857143,0.0,0.1142857142857143,0.72717994,9,26
"মধ্য আমেরিকার অভিবাসী স্রোত দিনে দিনে আরো বড় হচ্ছে তারা বলছেন, নির্যাতন, দারিদ্র আর সহিংসতা থেকে বাঁচতে তারা নিজেদের দেশ গুয়াতেমালা, হন্ডুরাস বা এল সালভাদোর থেকে পালিয়ে এসেছেন। পুরো যাত্রাপথে তারা পানিশূন্যতা, অপরাধী চক্রের মতো বিপদের ঝুঁকি রয়েছে। কিন্তু অনেক অভিবাসী বলছেন, যখন তারা একত্রে অনেক মানুষ মিলে ভ্রমণ করেন, তখন তারা অনেক নিরাপদ বোধ করেন। আরো পড়ুন: আমেরিকার পথে অভিবাসীদের স্রোত: কি করবেন ট্রাম্প? বিশ্বের সবচেয়ে বড় এই অভিবাসী কাফেলা সম্পর্কে আর কি জানা যাচ্ছে? কিভাবে এই কাফেলার শুরু হলো? গুয়াতেমালা মেক্সিকো সীমান্তে অভিবাসী স্রোতের মুখোমুখি পুলিশ গত ১২ অক্টোবর, অপরাধ প্রবণ হন্ডুরাসের শহর সান পেড্রো সুলার ১৬০জন মানুষের একটি দল সেখানকার বাস টার্মিনালে সমবেত হন এবং বিপদজনক এই যাত্রার প্রস্তুতি শুরু করেন। নিজের দেশের বেকারত্ব আর সহিংসতা থেকে পালিয়ে বাঁচার জন্য একমাসের বেশি সময় ধরে তারা এর জন্য পরিকল্পনা করেছেন। বিবিসি বাংলার অন্যান্য খবর: 'জামায়াত হারিয়ে যায় নি, পরিস্থিতি বুঝে এগুচ্ছে' রোহিঙ্গা ইস্যুতে চীন কেন সবসময় মিয়ানমারের পক্ষে? খাসোগজি হত্যার অডিও রেকর্ডিং শুনলেন সিআইএ প্রধান এর আগের বেশিরভাগ অভিবাসী কাফেলাগুলোয় কয়েকশো মানুষ ছিল। কিন্তু সাবেক একজন রাজনীতিবিদ এবারের পরিকল্পনা সম্পর্কে ফেসবুকে একটি পোস্ট দেয়ার পর দ্রুত তা ছড়িয়ে পড়ে এবং মানুষের সংখ্যা বাড়তে থাকে। ১৩ অক্টোবর যখন ওই ছোট গ্রুপটির যাত্রা শুরু হওয়ার কথা, তখন সেখানে অভিবাসন প্রত্যাশী ১ হাজারের বেশি মানুষ জড়ো হয়েছেন। এরপর তারা প্রতিবেশী গুয়াতেমালা অতিক্রম করে মেক্সিকোয় পৌঁছান, যে যাত্রাপথে তাদের সঙ্গে যোগ দেয় আরো হাজার হাজার মানুষ। কেন তারা এভাবে একত্রে কাফেলার মতো যাত্রা করছেন? বেশিরভাগ অভিবাসী বলছেন, তারা যুক্তরাষ্ট্র বা মেক্সিকোয় নতুন জীবন এবং উন্নত সুযোগের আশা করছেন। অন্যরা বলছেন, নিজ দেশের সহিংসতা থেকে বাঁচার জন্য তারা পালিয়ে এসেছেন এবং নতুন দেশে শরণার্থী হিসাবে আশ্রয় চাইবেন। মধ্য আমেরিকার দেশগুলো থেকে উত্তরে অভিবাসীদের যাত্রা পথ যেমন হন্ডুরাসে অপরাধী চক্রের সহিংসতা, মাদক যুদ্ধ এবং দুর্নীতি বড় ধরণের সমস্যা। পুরো অঞ্চলটিতে বিশ্বের মধ্যে সবচেয়ে বেশি হত্যাকাণ্ডের ঘটনা ঘটে। ''আমাদের স্বপ্ন যুক্তরাষ্ট্রে যাওয়া, কারণ আমরা আমাদের সন্তানদের একটি উন্নত ভবিষ্যৎ দিতে চাই। এখানে (হন্ডুরাসে) আমরা কোন কাজ পাইনা'' স্থানীয় একটি সংবাদপত্র এল হেরাল্ডোকে এভাবেই বলছিলেন দুই সন্তানের একজন মা। যদিও মধ্য আমেরিকান দেশগুলো থেকে অনেক দিন ধরেই অনেক মানুষ যুক্তরাষ্ট্রে যাবার চেষ্টা করেছে, কিন্তু এভাবে সংগঠিত অভিবাসী স্রোতের ব্যাপারটা একেবারেই নতুন। অনেক সময় এই অভিবাসীদের মানব পাচারকারী এবং মাদক ব্যবসায়ীরা অপহরণ করে নিজেদের জন্য কাজ করতে বাধ্য করে। তবে এ ধরণের বিশাল গ্রুপকে লক্ষ্যবস্তু করা কঠিন। ফলে তারা অধিক নিরাপত্তা বোধ করেন। এই স্রোত আসলে কতো বড়? এটা আসলে সঠিকভাবে বলা কঠিন। তবে যতই উত্তরের দিকে এগোচ্ছে, ততই এর আকার বৃদ্ধি পাচ্ছে। মেক্সিকোর একটি নদী থেকে অভিবাসী একটি দলের সঙ্গে থাকা একটি শিশুকে উদ্ধার করা হচ্ছে জাতিসংঘের একজন মুখপাত্র বলেছেন, ২২ অক্টোবরের পর থেকে এই কাফেলায় অন্তত সাত হাজার মানুষ যোগ দিয়েছে। তবে গ্রুপটি কয়েকটি ভাগে ভাগ হয়ে গেছে, ফলে অভিবাসীদের সঠিক সংখ্যা নির্ধারণ করা কঠিন। কিছু অভিবাসী এর মধ্যেই মেক্সিকোর টাপাচুলা শহরে পৌঁছে গেছে, তবে বেশিরভাগই এখনো গুয়াতেমালা-মেক্সিকো সীমান্তে আটকে রয়েছেন। নতুন করে আরো ১ হাজার হন্ডুরাসের অভিবাসীর যাত্রা শুরুর কথা জানা গেছে। অন্যদিকে ৩ হাজারের বেশি অভিবাসী আবার হন্ডুরাসে ফিরে গেছে। একজন অভিবাসী হিসাবে জীবনযাত্রা আসলে কেমন? উত্তরের এই যাত্রাপথে সড়কের পাশে বা অস্থায়ী ঘরে রাত কাটাচ্ছেন কাফেলার সদস্যরা এই মানব স্রোতে যারা অংশ নিয়েছেন, তাদের অনেকগুলো চ্যালেঞ্জের মুখে পড়তে হয়েছে। উষ্ণ আবহাওয়া মানে তাদের সূর্যের তাপে পোড়া আর পানিশূন্যতার ঝুঁকিতে পড়তে হয়েছে। অনেক অভিবাসী ছাড়া আর কাগজের টুকরো দিয়ে নিজেদের রক্ষার চেষ্টা করেছেন। টানা ছয়দিন ধরে হাটার পরে অনেকের অচেতন হয়ে পড়ে যাওয়ার মতো ঘটনাও ঘটেছে। অভিবাসীরা সড়কের পাশে বা অস্থায়ী ঘরে ঘুমাচ্ছেন যেখানে পরিষ্কার পানি বা পয়ঃনিষ্কাষনেরও অভাব রয়েছে। খাবারেরও যোগান স্বল্প। অতিক্রম করার সময় স্থানীয় লোকজন এই কনভয়কে কিছু কিছু খাবার দিচ্ছেন বলে জানা যায়। গুয়াতেমালা এবং মেক্সিকোর যে সীমান্তে কর্মকর্তারা অভিবাসীদের কাগজপত্র পরীক্ষা করেন, সেখানে দীর্ঘ সময় তাদের অপেক্ষা করতে হচ্ছে। পুলিশের সঙ্গে অভিবাসীদের সহিংসতার ঘটনাও ঘটেছে। কোন কোন অভিবাসী পুলিশকে লক্ষ্য করে ইটপাটকেল ছুড়েছে আর পুলিশ টিয়ার গ্যাস নিক্ষেপ করেছে, যাতে অনেকে আহত হয়েছেন। তারা যদি যুক্তরাষ্ট্রে পৌঁছান, তাহলে কি ঘটবে? কোথাও কোথাও পুলিশের সঙ্গে অভিবাসীদের সহিংসতার ঘটনাও ঘটেছে কোন যদি নিজ দেশের সহিংসতা থেকে বাঁচার জন্য যুক্তরাষ্ট্রে এসে আশ্রয় প্রার্থনা করেন, তার আশ্রয়ের আবেদন শোনার জন্য যুক্তরাষ্ট্রে আইনি বাধ্যবাধকতা রয়েছে। মার্কিন অ্যাটর্নি জেনারেল জেফ সেশন্স গত জুন মাসে বলেছেন, ভীতির কারণে শরণার্থী হিসাবে আশ্রয়ের আইনের অতীতে অনেক অপব্যবহার হয়েছে। আর তাই নিজ দেশে সহিংসতা আর অপরাধ চক্রের বিষয় আর আশ্রয়ের জন্য কোন যোগ্যতা হিসাবে বিবেচিত হবে না। কিন্তু এই নীতি পরিবর্তনের বিষয়টি নিয়ে এখন একটি মামলা চলছে, যেখানে একটি সংস্থা অভিযোগ করেছে যে অভিবাসন কর্মকর্তারা অবৈধভাবে শরণার্থী প্রক্রিয়ার বিষয়গুলোয় সময়ক্ষেপণ করছেন। কেন এই কাফেলা নিয়ে এত বেশি আলোচনা হচ্ছে? এর আগের ছোটখাটো কাফেলাগুলোর তুলনায় এই অভিবাসী স্রোত মার্কিন প্রেসিডেন্ট ডোনাল্ড ট্রাম্পের মনোযোগ আকর্ষণ করেছে। নিজ দেশ ছেড়ে অভিবাসীদের যুক্তরাষ্ট্রের উদ্দেশ্যে 'অবৈধভাবে' আসতে দেয়ার অভিযোগ তুলে সোমবার তিনি মধ্য আমেরিকান কয়েকটি দেশের সমালোচনা করেছেন। অভিবাসীদের এই স্রোতকে রাজনৈতিক উদ্দেশ্য প্রণোদিত বলে মন্তব্য করেছেন মার্কিন প্রেসিডেন্ট ডোনাল্ড ট্রাম্প মি. ট্রাম্প হুমকি দিয়েছেন, এসব দেশের জন্য বিদেশী সহায়তা অর্থ কাটছাঁট করা হবে। তবে তিনি পরিষ্কারভাবে বলেননি যে, কত টাকা কাটা হবে অথবা তিনি কিভাবে সেই ব্যবস্থা নেবেন। প্রেসিডেন্ট পদের প্রচারণার সময় অবৈধ অভিবাসন বন্ধ করা ছিল মি. ট্রাম্পের অন্যতম প্রধান নির্বাচনী প্রতিশ্রুতি। ৬ নভেম্বর মধ্যবর্তী নির্বাচনের মুখোমুখি হতে যাচ্ছে তার রিপাবলিকান পার্টি, যারা প্রতিনিধি পরিষদে ডেমোক্রেটদের কাছে হারের মুখোমুখি হতে পারে। তবে কোন প্রমাণ তুলে না ধরণেও ডোনাল্ড ট্রাম্প অব্যাহতভাবে অভিযোগ করে যাচ্ছেন যে, এই কাফেলার রাজনৈতিক উদ্দেশ্য আছে। গত সোমবার তিনি এই সীমান্ত সংকটের জন্য ডেমোক্রেটদের দায়ী করার জন্য নাগরিকদের আহবান জানিয়েছেন। তিনি টুইট করেছেন যে, এই কাফেলায় অপরাধী আর অজানা মধ্যপ্রাচ্যের লোকজন আছে। কিন্তু যখন সাংবাদিকরা তার কাছে জানতে চান যে, এর মানে তিনি কি বোঝাতে চান, তখন তিনি তার দাবির পক্ষে কোন প্রমাণ দেননি। বরং সাংবাদিকদেরই সেটি তদন্ত করে দেখতে বলেন। বিবিসি বাংলার অন্যান্য খবর: তল্লাশির ভিডিও করার অধিকার কি পুলিশের আছে? হারিয়ে যাওয়া সৌদি রাজতন্ত্রের সমালোচকরা ফিলিস্তিনি যুবকের ছবি যেন দেলাক্রোয়ার পেইন্টিং বাংলাদেশ জাতীয় দলে ঘরোয়া ক্রিকেট তারকাদের সুযোগ কতটা?",এক সপ্তাহের বেশি সময় ধরে হাজার হাজার অভিবাসী মধ্য আমেরিকান দেশগুলো থেকে যুক্তরাষ্ট্র সীমান্তের দিকে এগিয়ে যাচ্ছে।,"মেক্সিকো থেকে পালিয়ে আসা মধ্য আমেরিকান অভিবাসীদের একটি দল বলছে, তারা একমাসের বেশি সময় ধরে এই কাফেলার জন্য পরিকল্পনা করেছেন।",0.3243243243243243,0.17142857142857143,0.16216216216216214,0.7519906,20,17
"বরফের ভেতর ১০৬ বছরের ফ্রুটকেক এন্টার্কটিক হেরিটেজ ট্রাস্টের গবেষকরা বলছেন কেপ এডেয়ার নামে একটি জায়গায় তারা ব্রিটেনের তৈরি ১০৬ বছরের পুরনো একটি ফ্রুটকেক খুঁজে পেয়েছেন। ধারণা করা হচ্ছে বিখ্যাত ব্রিটিশ অভিযাত্রিক রবার্ট ফ্যালকন স্কট এই কেক নিয়ে এন্টার্কটিকাতে গিয়েছিলেন। কেকের টিনে জং ধরে গিয়েছে, কিন্তু কেকটি যথেষ্ট ভালো আছে। তাতে কেকের সুগন্ধও অবশিষ্ট রয়েছে। কেকটি পাওয়া গেছে এন্টার্কটিকার সবচেয়ে পুরনো স্থাপনাটির ভেতরে। ১৮৯৯ সালে নরওয়ের একটি অভিযাত্রী দল এই কুড়ে ঘরটি তৈরি করেছিলো। ১৯১১ সালে তার টেরা নোভা অভিযানের সময় ক্যাপ্টেন স্কট এই ঘরটি ব্যবহার করেছিলেন। নিউজিল্যান্ড ভিত্তিক এন্টার্কটিক হেরিটেজ ট্রাস্টের লিযি মিক ন্যাশনাল জিওগ্রাফিক পত্রিকাকে বলেন - হান্টলে এ্যান্ড পামারস নামে ব্রিটিশ বিস্কিট কোম্পানির তৈরি এই ফ্রুটকেক মি স্কটের খুব প্রিয় ছিল। ""এন্টার্কটিকায় থাকতে ও কাজ করার সময় চর্বিযুক্ত, মিষ্টি খাবারের প্রতি মানুষের আসক্তি হয়। ফলে সেখানে চা-কফির সাথে ফ্রুটকেক একদম আদর্শ খাবার।"" এন্টার্কটিক অভিযানে ক্যাপ্টেন স্কট ও তার অভিযাত্রীরা ২০১৬ সালের মে মাস থেকে নরওয়েজিয়ানদের তৈরি এন্টার্কটিকার ঐ কুঁড়েঘরে ঐতিহাসিক নিদর্শন খুঁজছে হেরিটেজ ট্রাস্ট। পোশাকসহ দেড় হাজারের মত নানা জিনিস পেয়েছেন তারা ঐ ঘরে। এমনকী মাছ-মাংসও পেয়েছেন। জ্যাম পেয়েছেন। তবে প্রায় তাজা অবস্থায় পাওয়া কেকের টুকরাটি গবেষকদের সবচেয়ে চমৎকৃত করেছে। তার নিয়ে যাওয়া কেকটি এতদিন থেকে গেলেও ক্যাপ্টেন স্কট এবং তার দলের সদস্যদের ঐ অভিযানে মৃত্যু হয়েছিল।",বরফে ঢাকা এন্টার্কটিকায় হয়তো বিশ্বের সবচেয়ে বিরূপ প্রাকৃতিক পরিবেশ। কিন্তু ব্রিটিশ এক প্যাকেট ফ্রুটকেক ১০০ বছরেরও বেশি সময় ধরে তা সহজেই সামলেছে।,এন্টার্কটিক হেরিটেজ ট্রাস্টের গবেষকরা বলছেন তারা বরফের ভেতরে একটি প্রায় তাজা ফ্রুটকেক খুঁজে পেয়েছেন।,0.05555555555555555,0.0,0.05555555555555555,0.7155311,14,22
"পুরুষতান্ত্রিক সমাজে নারীদের প্রতিটা ক্ষেত্রেই ব্যাপক চাপের মধ্যে থাকতে হয় - বলছেন বিশ্লেষকরা ভারত সরকার এবং কয়েকটি আন্তর্জাতিক দাতা সংস্থার সংগৃহীত তথ্য বিশ্লেষণ করে ল্যান্সেট বলছে, ১৯৯০ সালে পৃথিবীর সব আত্মহত্যার প্রায় ২৫%ই করেছিলেন ভারতীয় নারীরা। আর ২০১৬ সালে সেই সংখ্যা বেড়ে হয়েছে ৩৬.৬%। অন্যদিকে বিশ্বব্যাপী সব আত্মহত্যার প্রায় ২৪% ভারতীয় পুরুষদের। আন্তর্জাতিক স্বাস্থ্য জার্নাল ল্যান্সেটে প্রকাশিত এক সাম্প্রতিক সমীক্ষায় বলা হচ্ছে, ভারতে যত নারী আত্মহত্যা করেন - তাঁদের ৭১ শতাংশেরও বেশীর বয়স ১৫ থেকে ৪০ এর মধ্যে। বিশ্বের আত্মহননকারীদের মধ্যে ভারতীয় নারীদের সংখ্যা কেন এত বেশী? জানতে চাইলে কলকাতার প্রেসিডেন্সি বিশ্ববিদ্যালয়ের সমাজতত্ত্বের শিক্ষক শৌভিক মন্ডল বলেন, 'আত্মহত্যার এই পরিসংখ্যান থেকে বোঝা যাচ্ছে ভারতীয় নারীদের অগ্রগতি যে গতিতে হচ্ছে সামাজিক পরিকাঠামোর উন্নয়নের সঙ্গে সঙ্গে, অন্যান্য দেশে উন্নতিটা আরও দ্রুত হচ্ছে।' মি. মন্ডল - যার গবেষণার মূল বিষয়ই হল আত্মহত্যার সমাজতত্ত্ব - বলেন, ""আমরা সবসময়ে জেন্ডার সেন্সিটিভিটির কথা বলি, বা অর্থনৈতিক দিক থেকে নারী-পুরুষের ভেদাভেদ নিয়ে আলোচনা হয় আবার অন্যদিকে বলা হয়ে থাকে যে ভারতের নারীরা বিভিন্ন ক্ষেত্রে এগিয়ে যাচ্ছে খুব দ্রুত। এর একটা সুফল নারীরা পাচ্ছেন ঠিকই। কিন্তু অন্য দেশের নারী-পুরুষদের ভেদাভেদগুলো যত দ্রুত কমছে, আমাদের দেশে সেই গতিতে কমছে না।"" ভারত সরকারের সংগৃহীত যে তথ্যের ওপরে ভিত্তি করে ল্যান্সেট এই রিপোর্ট বানিয়েছে, সেখানে রাজ্যওয়ারি আত্মহত্যার ঘটনার বিস্তারিত বিশ্লেষণ করা হয়েছে। ওই সমীক্ষায় দেখা গেছে বেশ কয়েকটি রাজ্যে যেমন নারী-পুরুষের আত্মহত্যার হার প্রায় সমান, তেমনই আবার ছত্তিশগড় এবং কেরালায় পুরুষদের মধ্যে আত্মহত্যার হার বেশী। বিবিসি বাংলায় আরো পড়ুন: ‘আমি ওভারব্রিজে দাঁড়িয়েছিলাম ঝাঁপ দেবো বলে’ মোবাইল ফোনের এ্যাপ ঠেকাবে আত্মহত্যা? আত্মহননকারী নারীদের প্রতি দশজনের মধ্যে চারজনই ভারতীয় নারী। কিন্তু সারা দেশের হারে নারীরাই কেন আত্মহত্যার পথ বেশী বেছে নিচ্ছেন, জানতে চেয়েছিলাম মনোরোগ বিশেষজ্ঞ অনুত্তমা ব্যানার্জীর কাছে। তাঁর কথায়, ""এই পরিসংখ্যানে খুব একটা আশ্চর্য হওয়ার কিছু নেই। আমরা যে পুরুষতান্ত্রিক সমাজে বাস করি, তাতে নারীদের প্রতিটা ক্ষেত্রেই ব্যাপক চাপের মধ্যে থাকতে হয় - পরিবার হোক, সামাজিক হোক বা কর্মক্ষেত্র হোক। সেই চাপ অনেকেই নিতে পারছেন না। আসলে নারীরা দশভূজা হয়ে উঠে সব দিক সামলিয়ে দেওয়ার যে চেষ্টা করেন, সমাজের কাছে পরিবারের কাছে ভাল হয়ে ওঠার জন্য, তার ফলে তাঁর নিজের ওপরে যে চাপ পড়ে তার দিকে খেয়াল রাখেন না নারীরা।"" আত্মহননের চিন্তাভাবনা করছেন এমন সঙ্কেতগুলোকে হয়তো পাত্তাই দেওয়া হয় না, তাই মানসিক রোগের চিকিৎসা করাও হয় না বেশীরভাগ নারীদের। ড. ব্যানার্জী বলছিলেন, ""আসলে কোনও কিছুর ওপরেই তো নারীদের অধিকার সমাজ স্বীকার করে না, তাই যেটার ওপরে একজন নারীর অধিকার রয়েছে - নিজের জীবন - সেখানেই নিজের সেই অধিকারটা প্রয়োগ করেন তিনি প্রবল চাপের মুখে পড়ে।"" তবে বিশ্বের হিসাবে ভারতীয় নারীদের আত্মহননের সংখ্যাটা বিপুল হলেও ১৯৯০ থেকে ২০১৬ সালের মধ্যে ভারতীয় নারীদের আত্মহত্যার হার প্রায় ২৭ শতাংশ কমেছে। ল্যান্সেটের বিশ্লেষণেই দেখা যাচ্ছে, অন্য একটি মাপকাঠিতে, যাকে বলা হয় age-standardized suicide rate, সেটা অনুযায়ী ভারতীয় নারীদের মধ্যে আত্মহত্যার ঘটনা কমেছে। ১৯৯০ সালে যেখানে প্রতি এক লক্ষ জনসংখ্যায় প্রায় ২৮ জন আত্মহনন করেছিলেন, সেখানে ২০১৬ সালে সেটা কমে দাঁড়িয়েছে প্রায় ১৫তে। ল্যান্সেট বলছে এত বেশী সংখ্যায় আত্মহত্যা করছেন যে দেশের নারীরা, তার জন্য প্রয়োজন আত্মহত্যা-রোধকারী একটি কার্যক্রম। বিবিসি বাংলায় আরও খবর: শুধু আনন্দের জন্য যৌনমিলনের বিরোধী ছিলেন গান্ধী মজুরি বৃদ্ধি কতটা প্রভাবিত করবে পোশাকশিল্পকে? 'পদ্মার ভাঙন: পূর্বাভাস ছিল কিন্তু করা হয়নি কিছুই'","বিশ্বে প্রতিবছর যত নারী আত্মহত্যা করেন, তার প্রতি দশজনের মধ্যে চারজনই ভারতীয় নারী।",পৃথিবীর সবচেয়ে বড় আত্মহত্যাকারী দেশগুলোর মধ্যে ভারতীয় নারীদের সংখ্যা বেড়েছে বলে এক গবেষণায় বলা হচ্ছে।,0.14285714285714288,0.0,0.14285714285714288,0.7370402,15,13
"আমির খান, তুর্কী প্রেসিডেন্ট রেচেপ তাইপ এরদোয়ানের সাথে। ইস্তাম্বুলে এক সংবাদ সম্মেলনে তিনি বলেন, ""বিশ্বের যে কোন জায়গায় মানুষ যখন নির্যাতনের শিকার হন, যে কোন জায়গায় এই ধরনের ট্র্যাজিক অভিজ্ঞতার মধ্য দিয়ে যখন মানুষকে যেতে হয়, তা দেখে হৃদয় মুচড়ে ওঠে।"" ""নানা সময়ে নানা দেশে এই ধরনের ঘটনা ঘটে থাকে,"" তিনি মন্তব্য করেন, ""আমি আশা করবো এবং প্রার্থনা করবো মানুষ হিসেবে আমরা যেন এর অবসান দেখতে পাই।"" তুর্কি সরকারের এক বিশেষ আমন্ত্রণে আমির খান এখন ইস্তাম্বুল এবং আংকারা সফর করছেন। এই সফরে তিনি তুর্কী প্রেসিডেন্ট রেচেপ তাইপ এরদোয়ানের সাথেও দেখা করেছেন। এর আগে তুর্কী সংস্কৃতি মন্ত্রণালয়ের এক ঘোষণায় বলা হয়, এই সফরে উচ্চপদস্থ সরকারি কর্মকর্তা ছাড়াও আমির খান সে দেশের চলচ্চিত্র অভিনেতা, পরিচালক, প্রযোজক এবং চলচ্চিত্র বিষয়ক শিক্ষার্থীদের সাথেও আলাপ-আলোচনা করবেন। এই সুযোগে তিনি তার নতুন ছবি সিক্রেট সুপারস্টারের প্রমোশনের কাজও করবেন বলে স্থানীয় সংবাদমাধ্যমের খবরে বলা হয়েছে। আরো দেখুন: 'রোহিঙ্গা' ও 'শরণার্থী' বলবে না বাংলাদেশ সরকার বাংলাদেশে আবারও রোহিঙ্গা ঢলের আশঙ্কা জাতিসংঘের 'রোহিঙ্গা ইস্যুতে ভারতের ভূমিকায় বাংলাদেশ খুশি'","মুম্বাই চলচ্চিত্রের সুপারস্টার আমির খান মিয়ানমারের সামরিক অভিযানের মুখে পালিয়ে আসা রোহিঙ্গাদের দুর্দশা প্রসঙ্গে বলেছেন, মিয়ানমারে যা ঘটছে তাতে তার বুক ভেঙে গিয়েছে।","তুরস্কের প্রেসিডেন্ট আমির খান বলেছেন, রোহিঙ্গাদের ওপর যৌন নির্যাতনের শিকার হওয়ার ঘটনা হৃদয় মুচড়ে ওঠে।",0.2105263157894737,0.05555555555555555,0.15789473684210528,0.7471427,15,23
"পার্বত্য চট্টগ্রামে সংঘাতময় পরিস্থিতির কারণে সাধারণ মানুষ চরম উদ্বেগে এই চুক্তির বাস্তবায়ন নিয়েই বিতর্ক এখনও থামছে না। চুক্তি স্বাক্ষরকারী পাহাড়ীদের একটি সংগঠন জনসংহতি সমিতি অভিযোগ করছে, চুক্তি বাস্তবায়ন না হওয়ায় বিভিন্ন গোষ্ঠী নানান উদ্দেশ্য নিয়ে সক্রিয় থাকার সুযোগ পাচ্ছে এবং সেকারণে সেখানে অস্থিরতা বাড়ছে। পার্বত্য অঞ্চলে নাগরিক অধিকার নিয়ে আন্দোলনকারীদের অনেকে বলছেন, চাঁদাবাজি এবং অধিপত্য বিস্তারকে কেন্দ্র করেই আঞ্চলিক দল এবং গোষ্ঠীগুলো বিভক্ত হয়ে পড়ছে এবং সংঘাত হচ্ছে। ১৯৯৭ সালের ২রা ডিসেম্বর শেখ হাসিনার নেতৃত্বাধীন আওয়ামী লীগ সরকারের সাথে সন্তু লারমার নেতৃত্বাধীন জন সংহতি সমিতির মধ্যে এই শান্তি চুক্তিটি হয়েছিল। এই চুক্তির মাধ্যমে রক্তক্ষয়ী সংঘর্ষের অবসান হয়েছিল। পাহাড়ে তার একটা ইতিবাচক প্রভাবও পড়তে শুরু করেছিল। কিন্তু অল্প সময়ের মধ্যেই সেই চুক্তি বাস্তবায়ন নিয়ে প্রশ্ন উঠতে শুরু করে। গত ২২ বছরে এসব প্রশ্ন আর অভিযোগের পাল্লা ভারি হয়েছে। পার্বত্য তিন জেলায় জমির মালিকানা নিয়ে সমস্যাকে পাহাড়িদের পক্ষ থেকে সবচেয়ে বড় সমস্যা হিসেবে দেখা হয়, এর সমাধানে সরকারের সদিচ্ছা নিয়ে পাহাড়িদের সংগঠনগুলোর প্রশ্ন রয়েছে। রাঙামাটি থেকে একজন মানবাধিকার কর্মী টুকু তালুকদার বলছেন, বিভিন্ন গোষ্ঠীর অনেক রকম স্বার্থ তৈরি হয়েছে, সেজন্য সংকট বেড়েই চলেছে। তিনি বলেন,""আওয়ামী লীগ সরকারের সাথে চুক্তি হওয়ার পর সরকার তার বাস্তবায়ন শুরু করেছিল। তার পর বিএনপি সরকার আসলো। তখন সেই চুক্তি বাস্তবায়ন প্রক্রিয়া একটা বিরতিতে পড়লো।তখন এখানে বিভিন্ন ইন্টারেস্ট গ্রুপ ঢুকে যায়।"" ""ইন্টারেস্ট গ্রুপ যখন ঢুকে যায়, তখন চুক্তিবিরোধীরা অনেক ইস্যু নিয়ে পরিস্থিতি ঘোলাটে করে। আবার আওয়ামী লীগ যখন ক্ষমতায় আসে, তখন প্রেক্ষাপট বদলে গেছে। কারণ ইন্টারেস্ট গ্রুপ বেড়ে গেছে। এখানে বিষয় জিইয়ে রাখা এবং অনেক ইন্টারেস্ট গ্রুপের কারণে বিষয়টা ঘোলাটে হয়ে গেছে,"" বলেন তিনি। আরো পড়তে পারেন: রাঙ্গামাটিতে সেনা টহলে হামলার পেছনে কারা? পাহাড়ে নিরাপত্তা বাহিনীর বড় চ্যালেঞ্জ ইউপিডিএফ পার্বত্য চট্টগ্রামে মৃত্যুর মিছিল কেন থামছে না? পাহাড়ে সংঘাতের কারণে আতংকে থাকেন সাধারণ মানুষ আরো পড়ুন: পার্বত্য চট্টগ্রামে অশান্তির পেছনে যে ৭টি কারণ পাহাড়িদের দলগুলো বিভক্ত হয়ে পড়ছে কেন পাহাড়ে আধিপত্যের লড়াই, পরিষদ নির্বিকার পার্বত্য চুক্তি অনুযায়ী আঞ্চলিক পরিষদ এবং তিনটি জেলা পরিষদ গঠনকে বড় প্রাপ্তি হিসেবে দেখা হয়। কিন্তু সেগুলোতে ২২ বছরে কোন নির্বাচন করা হয়নি। এছাড়া আঞ্চলিক পরিষদের হাতে পুলিশ এবং স্থানীয় প্রশাসনের দায়িত্ব তুলে দেওয়া এবং সব সেনা ক্যাম্প প্রত্যাহার করাসহ চুক্তির বিভিন্ন বিষয় বাস্তবায়ন না করার অভিযোগ করে আসছে পাহাড়ি সংগঠনগুলো। বিশ্লেষকরা বলছেন, পরিস্থিতির কারণে পার্বত্য এলাকায় পাহাড়িদের রাজনৈতিক দলগুলো অধিপত্য বিস্তারের দিকে ঝুঁকেছে। সেজন্য তাদের মধ্যে বিভক্তি তৈরি হয়েছে। এমনকি চুক্তি স্বাক্ষরকারী সন্তু লামার নেতৃত্বাধীন জনসংহতি সমিতিও বিভক্ত হয়েছে। ভাগ হয়েছে চুক্তি বিরোধী পাহাড়িদের একটি সংগঠন ইউপিডিএফ। পার্বত্য এলাকায় নাগরিক পরিষদ নামের বাঙালীদের একটি সংগঠনের একজন নেত্রী নুরজাহান বেগম বলছেন, ""আঞ্চলিক দলগুলো এবং সেখানে তৎপর বিভিন্ন গোষ্ঠীর এখন আয়ের মূল উৎস হয়েছে চাঁদাবাজি। ফলে আধিপত্য বিস্তারের জন্য অস্ত্রের ব্যবহার এবং সংঘাত বেড়েই চলেছে। এখানে অর্থস্বার্থই এখন একমাত্র বিষয় হয়ে দাঁড়িয়েছে।"" পার্বত্য চট্টগ্রামের পুলিশ বলছে, অধিপত্য বিস্তারে গোষ্ঠীগুলোর অস্ত্রের ব্যবহার বেড়েছে। সে কারণে প্রত্যন্ত পাহাড়ি গ্রামের সাধারণ বাসিন্দাদের মধ্যেও চরম উদ্বেগ রয়েছে। পার্বত্য এলাকার পুলিশের হিসাব অনুযায়ী, গত এক বছরে তিন পার্বত্য জেলায় সংঘাতে কমপক্ষে ২২ জনের নিহত হওয়ার ঘটনা ঘটেছে। পাহাড়িদের সংগঠন বা গোষ্ঠীগুলোর মধ্যে সংঘাত যেমন বাড়ছে, তেমনি পাহাড়ি ও বাঙালির মধ্যেও বিভিন্ন সময় সংঘর্ষ হয়েছে। সন্তু লারমার নেতৃত্বাধীন জনসংহতি সমিতির নেতা উষাতুন তালুকদার বলেছেন, চুক্তির বেশিরভাগই বাস্তবায়ন না হওয়ায় সংকট কাটছে না। তিনি বলেন, ""অনেকে বলে থাকেন, আমরা অস্ত্র রেখে এসেছি বা নতুন করে এগুলো বের করেছি। কিন্তু আমরা গণতান্ত্রিক দল। খুবই আন্তরিকতা এবং সদিচ্ছার সাথে চুক্তি করে আমরা ফিরে এসেছি। এসে দেখা গেলো যে, নানা কারণে এমন পরিস্থিতি হচ্ছে। যারা এখন অস্ত্রবাজি করছে, তাদের তো আদর্শ নেই।"" ""যে উদ্দেশ্য নিয়ে চুক্তি হয়েছিল, সেই উদ্দেশ্য বা আদর্শের ধারে কাছে যাওয়া কি সম্ভব হয়েছে? চুক্তি পুরোপুরি বাস্তবায়ন না হলে এখানে শান্তি আসবে না।"" সরকার বরাবরের মতো এখনও এসব বক্তব্য মানতে রাজি নয়। পার্বত্য চট্টগ্রাম বিষয়ক মন্ত্রণালয়ের একজন উর্ধ্বতন কর্মকর্তা বলেছেন, চুক্তির ছোটোখাটো যে বিষয়গুলো এখনও বাস্তবায়ন হয়নি, সেগুলোর দিকে সরকারের নজর রযেছে। পাহাড়ে সংঘাতের নেপথ্যে আরো পড়ুন: ধর্ষণকারীকে 'পিটিয়ে হত্যার' দাবি ভারতীয় এমপির সৌদিতে নারী শ্রমিক: যা বলছে প্রবাসী কল্যাণ মন্ত্রণালয় কপ-২৫: বিশ্ব জলবায়ু সম্মেলনের এবারের ইস্যু কী?","বাংলাদেশে পার্বত্য চুক্তির ২২ বছর পার হলেও তিন পার্বত্য জেলায় সংঘাত, অস্থিরতা বেড়েই চলেছে বলে সংশ্লিষ্ট সব পক্ষ স্বীকার করেছেন।","বাংলাদেশে ১৯৯৭ সালে শেখ হাসিনার নেতৃত্বাধীন আওয়ামী লীগ সরকারের সাথে যে শান্তি চুক্তি হয়েছিল, তার বাস্তবায়ন নিয়ে প্রশ্ন উঠতে শুরু করেছে।",0.04878048780487805,0.0,0.04878048780487805,0.6897812,21,20
"রাশিয়ায় সেনাবাহিনীর মহড়া: নেটোর অভিযোগ, রাশিয়া সরাসরি ইউক্রেন সংঘাতে অংশ নিয়েছে। আফগানিস্তানে সহযোগিতা এবং জলদস্যু মোকাবেলায় এক সাথে কাজ করা সত্ত্বেও সম্পর্ক বেশ কয়েক বছর ধরে খারাপের দিকে যাচ্ছিলো। নেটো অভিযোগ করছে, যে রাশিয়া ইউক্রেনে বিচ্ছিন্নতাবাদীদের সহযোগিতা করার জন্য তার সেনাবাহিনীকে পাঠিয়েছে। কেউ কেউ এটাকে ‘গোপন আক্রমণ’ বলে বর্ণনা করেছে। রাশিয়া অভিযোগ প্রত্যাখ্যান করে ইউক্রেনের পশ্চিমাপন্থী সরকারের বিরুদ্ধে আগ্রাসনের অভিযোগ এনেছে। তবে রাশিয়ার সাথে নেটোর বর্তমান শীতল সম্পর্কের জন্য অন্যান্য বিষয়ও দায়ী। নব্বই দশকের শুরুতে কম্যুনিজমের পতনের পর পূর্ব এবং মধ্য ইউরোপের দেশগুলো নেটোতে যোগ দেবার জন্য তোরজোড় শুরু করে দেয়। ভবিষ্যতে রাশিয়া থেকে কোন আগ্রাসন নিরুৎসাহিত করার জন্য এবং পশ্চিমা মূল্যবোধের প্রতি আনুগত্য দেখাবার জন্য তারা নেটোর সদস্য হতে চায়। বার্লিন প্রাচীরের পতনের প্রায় ১০ বছর পর নেটো তিনটি প্রাক্তন সোভিয়েত মিত্র দেশকে সদস্যপদ দেয়: চেক প্রজাতন্ত্র, হাঙ্গেরি এবং পোল্যান্ড। সোভিয়েত সামরিক জোট ওয়ারশো প্যাক্টের আরো কয়েকটি দেশ যোগ দেয় ২০০৪ সালে: বুলগেরিয়া, রোমানিয়া, স্লোভাকিয়া এবং স্লোভেনিয়া। একই সময়ে, বলটিক সাগর উপকূলের তিনটি প্রাক্তন সোভিয়েত প্রজাতন্ত্র, এস্তোনিয়া, লাতভিয়া এবং লিথুয়েনিয়াও নেটোর সদস্যপদ লাভ করে। বলটিক প্রজাতন্ত্রগুলোকে নেটোর সদস্যপদ দেওয়াটা রাশিয়াকে সবচেয়ে বেশি নাখোশ করে। এই তিনটি দেশ এক সময় সোভিয়েত ইউনিয়নের অংশ ছিল এবং মস্কো তাদের ‘নিকট বিদেশ’ হিসেবে গণ্য করে। ওয়েলস-এ নেটো শীর্ষ বৈঠকে ব্রিটিশ প্রধানমন্ত্রী আর জোটের মহাপরিচালকের সাথে ইউক্রেনের প্রেসিডেন্ট পোরোশেঙ্কো ওয়েলস-এ অনুষ্ঠিত নেটো শীর্ষ বৈঠকে ফিনল্যান্ড নেটোর সাথে একটি ‘স্বাগতিক দেশ’ চুক্তি সাক্ষর করবে। ফিনল্যান্ড যদিও নেটোর সদস্য নয়, এই চুক্তির ফলে নেটো বাহিনী ঐ দেশে যাতায়াত এবং অন্যান্য সুবিধা পাবে। রাশিয়ার সাথে ফিনল্যান্ডের যত লম্বা সীমান্ত আছে, কোন নেটো সদস্য-দেশের সেরকম সীমান্ত নেই। ফিনল্যান্ডের প্রতিবেশী সুইডেনও একই চুক্তি সই করার সিদ্ধান্ত নিয়েছে, তবে তার কোন তারিখ এখনো ঠিক হয়নি। আরেকটি প্রাক্তন সোভিয়েত প্রজাতন্ত্র, জর্জিয়াকে ভবিষ্যতে সদস্যপদ দেওয়া হবে বলে নেটো ২০০৮ সালে প্রতিশ্রুতি দেয়, যেটা মস্কো উসকানি হিসেবে দেখে। অগাস্ট মাসে ইউক্রেনের প্রধানমন্ত্রী আর্সেনি ইয়াতসেনুক বলেন, তিনি দেশের সংসদকে অনুরোধ করবেন যাতে তারা নেটোর সদস্য হবার পথ সুগম করার জন্য আইন প্রণয়ন করেন। নেটোতে অংশগ্রহণের বিষয়টি ইউক্রেনের প্রাক্তন রাশিয়া-বান্ধব রাষ্ট্রপতি ভিক্টর ইয়ানুকোভিচ নাকচ করেছিলেন। মিঃ ইয়ানুকোভিচ গত ফেব্রুয়ারি মাসে রাজধানী কিয়েভে সহিংস প্রতিবাদের মুখে দেশ ছেড়ে চলে যেতে বাধ্য হন। ইউক্রেনে মহড়া শুরুর আগে নেটো সৈন্যদের নাচ-গান দিয়ে অভ্যর্থনা জানানো হয়। আমেরিকার তৈরি ক্ষেপণাস্ত্র-বিধ্বংসী ক্ষেপণাস্ত্র রাশিয়াকে উদ্বিগ্ন করে। নেটো বলছে, এই ক্ষেপণাস্ত্র-বিধ্বংসী ক্ষেপণাস্ত্র ব্যবস্থা একেবারেই আত্মরক্ষামূলক, রাশিয়ার প্রতি কোন হুমকি নয়। তারা বলছে, এই ব্যবস্থার মূল লক্ষ্য হচ্ছে ভবিষ্যতে কোন দস্যু রাষ্ট্র থেকে কোন হুমকির মোকাবেলা করা। এখানে, পশ্চিমা দেশগুলো ইরান এবং উত্তর কোরিয়াকে হুমকি হিসেবে দেখে। এই ধরনের ক্ষেপণাস্ত্র-বিধ্বংসী ক্ষেপণাস্ত্র ব্যবস্থা তৈরি করতে রাশিয়া নেটোর সাথে সমতার ভিত্তিতে কাজ করতে চেয়েছিল, কিন্তু সেটা আর হয়নি। নেটো এখন নিজেই ক্ষেপণাস্ত্র-বিধ্বংসী ক্ষেপণাস্ত্র এবং রাডার ব্যবস্থা রোমানিয়া, চেক প্রজাতন্ত্র এবং পোল্যান্ডে মোতায়েন করছে। নেটোর সাথে সম্পর্কে আরেকটা আঘাত আসে ২০০৮ সালে, জর্জিয়ার সাথে রাশিয়ার সংক্ষিপ্ত যুদ্ধের সময়। রাশিয়া জর্জিয়ার দুটি বিচ্ছিন্নতাবাদী অঞ্চল – দক্ষিণ ওসেটিয়া এবং আবখাযিয়াকে সমর্থন করছিল। যখন জর্জিয়ার সেনাবাহিনী দক্ষিণ ওসেটিয়া পুনর্দখল করার চেষ্টা করে, রাশিয়ার সেনাবাহিনী জর্জিয়ার বাহিনীকে বিধ্বস্ত করে। রাশিয়ার বাহিনী পুরোপুরি জর্জিয়ায় ঢুকে পরে এবং এক পর্যায়ে রাজধানী তিবলিসির কাছে চলে আসে। পশ্চিমা দেশগুলো রাশিয়ার পদক্ষেপকে বাড়াবাড়ি বলে নিন্দা করে। পরবর্তীতে রাশিয়া দক্ষিণ ওসেটিয়া এবং আবখাযিয়াকে স্বাধীন দেশ হিসেবে স্বীকৃতি দেয়, কিন্তু প্রকৃত অর্থে সেখানে এখনো সংঘাত বিরাজ করছে, যদিও সেটা স্থগিত। এই দুটো অঞ্চলের স্বাধীনতা আন্তর্জাতিকভাবে স্বীকৃত নয়। সার্বিয়ার সাথে রাশিয়ার সখ্যতা দীর্ঘদিনের, এবং কসোভো প্রশ্নে মস্কো বরাবরই বেলগ্রেডকে সমর্থন করে আসছে। সার্বিয়া কখনোই কসোভোর স্বাধীনতা মেনে নেয়নি। কসোভো ১৯৯৯ সালে নেটোর সহায়তায় বিচ্ছিন্ন হয়েছিল। অনেক দেশই ২০০৮ সালে কসোভোর স্বাধীনতা ঘোষণাকে স্বীকৃতি দেয়নি। কসোভোর সংখ্যাগরিষ্ঠ আলবেনীয় বিচ্ছিন্নতাবাদীরা সশস্ত্র বিদ্রোহ শুরু করলে সার্ব বাহিনীর সাথে সংঘাতের শুরু হয়। সার্ব বাহিনীর আচরণের ফলে বিশ্বব্যাপী নিন্দার ঝর বয়ে যায়। যখন হাজার হাজার বেসামরিক মানুষ প্রতিবেশী দেশগুলোতে পালিয়ে যেতে শুরু করে তখন নেটো সামরিক পদক্ষেপ নেয়। অভিযানের সময় নেটো বাহিনী কসোভোর রাজধানী প্রিসটিনায় রুশ সৈন্যদের সাথে মুখোমুখি অবস্থানে চলে গিয়েছিল, কিন্তু পরিস্থিতি বেশ দ্রুত নিয়ন্ত্রণে আনা হয়েছিল। পূর্ব ইউক্রেনে রুশ-সমর্থিত মিলিশিয়া বাহিনীর একজন সদস্য। রাশিয়া ২০০৭ সালে ইউরোপে সামরিক বাহিনী সংক্রান্ত চুক্তি সিএফই-তে তার অংশগ্রহণ সাময়িকভাবে থামিয়ে দেয়। নির্দিষ্ট কতগুলো অঞ্চলে সামরিক সরঞ্জামের সংখ্যা কমিয়ে আনার লক্ষ্যে পশ্চিমা দেশগুলো এবং তৎকালীন ওয়ারশো জোটের সদস্য দেশগুলোর মধ্যে ১৯৯০ সালে এই চুক্তি সাক্ষরিত হয়েছিল। সোভিয়েত ইউনিয়ন এবং ওয়ারশো জোটের বিলুপ্তির পর এই চুক্তি ১৯৯৯ সালে নতুন করে সাজানো হয়, যেটাতে নেটোর নতুন সদস্যদের বিষয়টি অন্তর্ভুক্ত হয়। তবে, চুক্তির নতুন দিকগুলো রাশিয়া মেনে নিলেও, নেটো সেগুলো অনুমোদন করতে অস্বীকৃতি জানায়। তাদের দাবী ছিল, রাশিয়াকে প্রথমে জর্জিয়া এবং মলডোভা থেকে সৈন্য প্রত্যাহার করে নিতে হবে। এখন রাশিয়ার সীমান্তের কাছে পূর্ব ইউরোপে কয়েক হাজার সৈন্যের ‘র‍্যাপিড রেসপন্স ফোর্স’ মোতায়েন করার পরিকল্পনা ঘোষণ করেছে নেটো। এই বাহিনীতে নেটো সদস্য দেশগুলোর সেনা পালাক্রমে দায়িত্ব পালন করবে, যাদেরকে ৪৮ ঘণ্টার নোটিসে মোতায়েন করা যাবে। এই ধরনের বাহিনী সিএফই চুক্তিকে দুর্বল করে দেবে, যদিও নেটো দাবী করছে এই বাহিনীর কোন স্থায়ী ঘাঁটি থাকবে না।","ইউক্রেনের সংঘাত পশ্চিমা সামরিক জোট নেটোর সাথে রাশিয়ার সম্পর্কে অবনতি ঘটিয়েছে, এবং পুনরায় ঠাণ্ডা লড়াই ফিরে আসার আশংকা তৈরি করেছে।",নেটোর সাথে রাশিয়ার সম্পর্ক বেশ কয়েক বছর ধরে খারাপের দিকে যাচ্ছে।,0.19354838709677416,0.13793103448275862,0.19354838709677416,0.7588831,11,20
"ব্রাহ্মণবাড়িয়া বিজয়নগরে ঢাকা থেকে সিলেট-গামী একটি মাইক্রোবাসের সাথে সিলেট থেকে ঢাকা-গামী একটি বাসের মুখোমুখি সংঘর্ষ হয়। বিজয়নগর থানার ভারপ্রাপ্ত কর্মকর্তা (ওসি) আতিকুর রহমান বিবিসি বাংলাকে বলেন, শুক্রবার রাত আড়াইটার দিকে এই দুর্ঘটনায় ছয়জন নিহত হন। তিনি বলছিলেন, ""এতে করে মাইক্রোবাসে আগুন ধরে যায়। এবং মাইক্রোবাসে থাকা ছয় জন যাত্রী ঘটনাস্থলে প্রাণ হারান।"" বাসের বেশ কয়েকজন যাত্রী আহত হয়েছেন। তাদের এখন ব্রাহ্মণবাড়িয়া সদর হাসপাতালে চিকিৎসা দেয়া হচ্ছে। অন্যদিকে, হবিগঞ্জ থেকে সিলেট-গামী একটি মাইক্রোবাস হবিগঞ্জ জেলার নবীগঞ্জ এলাকায় সড়কের পাশে গাছের সাথে ধাক্কা খায়। এতে মাইক্রোবাসের আট জন যাত্রী ঘটনাস্থলে মারা যান, বলছেন নবীগঞ্জ থানার ওসি আজিজুর রহমান। আজ শক্রবার সকাল সোয়া সাতটার দিকে এই দুর্ঘটনা ঘটে। এতে আহত আরো পাঁচজনকে সিলেট মেডিকেল কলেজ হাসপাতালে পাঠানো হয়েছে বলে জানান মি. রহমান। বিবিসি বাংলায় আরো পড়ুন: কীভাবে দুই বছরে মালয়েশিয়ায় সরকার পতন হল করোনাভাইরাস: কুয়েতগামী প্রবাসীদের স্বাস্থ্য পরীক্ষা ৭ই মার্চ থেকে কেন পুতিনকে প্রয়োজন এরদোয়ানের?",বাংলাদেশের ব্রাহ্মণবাড়িয়া ও হবিগঞ্জ জেলায় পৃথক দুটি সড়ক দুর্ঘটনায় ১৪জন নিহত হয়েছে বলে পুলিশ জানিয়েছে।,বাংলাদেশের ব্রাহ্মণবাড়িয়া বিজয়নগরে ঢাকা থেকে সিলেট-গামী দুটি বাসের মুখোমুখি সংঘর্ষে ছয় জন নিহত হয়েছে।,0.2758620689655172,0.07407407407407408,0.2758620689655172,0.7881478,14,15
"যুক্তরাষ্ট্রের সাবেক প্রেসিডেন্ট জর্জ ডব্লিউ বুশ এবং তাঁর স্ত্রী লরা বুশ কারণ তাঁর নিরাপত্তার দায়িত্বে থাকা সিক্রেট সার্ভিসের সদস্যরা বেতন পাননি যুক্তরাষ্ট্র সরকারের কার্যক্রম বন্ধ থাকা বা আংশিক শাটডাউনের কারণে। সামাজিক মাধ্যমে ছবি পোস্ট করা হয়েছে, তাতে দেখা যাচ্ছে, মি: বুশ নিজে পিৎজা বহন করে নিয়ে যাচ্ছেন সিক্রেট সার্ভিস সদস্যদের কাছে। মি: বুশ ইনস্টাগ্রামে লিখেছেন, এখন আমাদের উভয়পক্ষের নেতাদের রাজনীতি দূরে সরিয়ে রেখে ঐক্যবদ্ধ হওয়ার সময়। যুক্তরাষ্ট্রের সাবেক এই প্রেসিডেন্ট যে নিজে পিৎজা বহন করে নিয়ে যাচ্ছেন, এই ছবিটি ফ্লোরিডায় তোলা হয়েছে বলে তাঁর একজন মুখপাত্র জানিয়েছেন। আরও পড়তে পারেন: জর্জ বুশ সিনিয়র মারা গেছেন বুশকে জুতো-ছোঁড়া সেই সাংবাদিক নির্বাচনে দাঁড়াচ্ছেন ট্রাম্পের ব্রিটেন সফর পূর্বসূরীদের চেয়ে ভিন্ন হবে? দেশটিতে রাজনৈতিক অচলাবস্থার কারণে প্রায় আট লাখ ফেডারেল বা সরকারি কর্মীর বড় অংশই বেতন পাননি চার সপ্তাহের বেশি সময় ধরে। তাদের মধ্যে সিক্রেট সার্ভিসের ছয় হাজার সদস্য রয়েছে। সরকারের কার্যক্রমের আংশিক শাট-ডাউনের কারণে বেতন না পেলেও তারা সকলেই কাজ করছেন। সামাজিক মাধ্যমে জর্জ ডব্লিউ বুশ লিখেছেন, তাঁর স্ত্রী লরা বুশ এবং তিনি বেতন না পাওয়ার পরও কাজ করার জন্য সিক্রেট সার্ভিস সদস্য এবং ফেডারেল কর্মীদের প্রতি কৃতজ্ঞ। এছাড়া দেশটির নাগরিক যারা এই কর্মীদের সহায়তা করছে, তাদেরকেও ধন্যবাদ জানান মি: বুশ। সীমান্তে দেয়াল নির্মাণের বিরোধীতা করে ডেমোক্র্যাটরা তাতে বরাদ্দ দিতে অস্বীকৃতি জানায়। তখন প্রেসিডেন্ট ডোনাল্ড ট্রাম্প তহবিল না পেলে বাজেটে স্বাক্ষর করতে অস্বীকৃতি জানালে অচলাবস্থার সৃষ্টি হয়।",যুক্তরাষ্ট্রের সাবেক প্রেসিডেন্ট জর্জ ডব্লিউ বুশ তার নিরাপত্তা কর্মীদের পিৎজা খাইয়েছেন।,যুক্তরাষ্ট্রের সাবেক প্রেসিডেন্ট জর্জ ডব্লিউ বুশ নিজে পিৎজা বহন করে নিয়ে যাচ্ছেন।,0.6086956521739131,0.47619047619047616,0.6086956521739131,0.9119338,12,11
"ত্রিপুরার রাজ্যপাল পদে নিযুক্ত হওয়ার আগে দীর্ঘদিন তথাগত রায় বি জে পির নেতা ছিলেন ত্রিপুরার রাজ্যপাল পদে নিযুক্ত হওয়ার আগে দীর্ঘদিন মি. রায় বি জে পির নেতা ছিলেন। আর ওই পদে বসার পরেও সামাজিক মাধ্যমে করা তাঁর নানা মন্তব্য নিয়ে বিতর্ক তৈরি হয়েছে। এই সর্বশেষ মন্তব্যটি মি. রায় মঙ্গলবার করেছেন তাঁর ব্যক্তিগত টুইট অ্যাকাউন্ট থেকে। মি. রায় লিখেছেন, 'প্রতিটা দেওয়ালীর আগেই লড়াই শুরু হয় বাজি থেকে হওয়া শব্দ দূষণ নিয়ে। বাজি ফাটানো হয় বছরের কয়েকটা দিন। কিন্তু লাউড স্পীকারে ভোর সাড়ে চারটের সময়ে যে আজান দেওয়া হয়, তা নিয়ে কেউ লড়াই করে না।' ওই টুইট বার্তার ব্যাখ্যা দিতে গিয়ে ত্রিপুরার রাজ্যপাল বিবিসি বাংলাকে বলছিলেন, ""কোরান, হাদিসে তো মাইকে আজান দেওয়ার বিধান নেই। মোয়াজ্জিনরা মসজিদের মিনারে চেপে সেখান থেকে আজান দেন না কেন! সেটাই তো আজান দেওয়ার নিয়ম! সেটাই বলতে চেয়েছি আমি ওই টুইটে""। হিন্দুদের উৎসব দীপাবলি বা দেওয়ালীর সন্ধ্যাবেলায় গোটা ভারত জুড়েই যে কোটি কোটি টাকা মূল্যের বাজি পোড়ে, তা ব্যাপক বায়ু দূষণের কারণ। সেজন্যই এবছর ভারতের সুপ্রিম কোর্ট জাতীয় রাজধানী দিল্লি ও পার্শ্ববর্তী এলাকায় বাজি বিক্রি নিষিদ্ধ করে দিয়েছে। পাঞ্জাব-হরিয়ানা হাইকোর্টও দেওয়ালীর সন্ধ্যাবেলায় মাত্র তিন ঘণ্টা বাজি পোড়ানোর নির্দেশ দিয়েছে। বোম্বে হাইকোর্ট আবাসিক এলাকায় বাজি বিক্রি নিষিদ্ধ করেছে। বায়ু দূষণ বন্ধ করতে আদালতগুলির এই প্রচেষ্টার কারণেই সম্ভবত মি. রায় বলছিলেন, ""আমি তো বায়ু দূষণ নিয়ে কিছু বলিই নি। শুধু শব্দ দূষণ নিয়ে লিখেছি যে বাজি আর আজান - দুটোই শব্দ দূষণ ঘটায়। দুটোকেই একই মাপকাঠিতে দেখা উচিত।"" কিন্তু আদালত ওই নিষেধাজ্ঞা জারি করার পরে একটি টুইটে তিনি লিখেছিলেন যে এবার হয়তো হিন্দুদের মরদেহ সৎকারের ওপরে নিষেধাজ্ঞা জারি করার দাবী উঠবে, মোমবাতি মিছিল বেরুবে। তথাগত রায়ের মন্তব্য নিয়ে আগেও বিতর্ক হয়েছে তাঁর কাছে প্রশ্ন ছিল, রাজ্যপাল পদটি একটি সাংবিধানিক পদ। সেখানে থেকে কী রাজনৈতিক বা ধর্মীয় মন্তব্য করা যায়? মি. রায়ের উত্তর, ""আমার নিজের মতামত প্রকাশ করা যাবে না এই চেয়ারে বসে, এমনটা তো কোথাও লেখা নেই! কেউ যদি সংবিধান অথবা সুপ্রিম কোর্ট বা কোনও হাইকোর্টের নির্দেশ দেখাতে পারেন যে রাজ্যপাল হয়ে কেউ ব্যক্তিগত মত প্রকাশ করতে পারবে না, তাহলে মেনে নেব সেটা।"" তথাগত রায় সক্রিয় রাজনীতি করার সময় থেকেই কড়া কথা বলার জন্য পরিচিত। রাজ্যপাল হওয়ার পরেও তিনি বারে বারেই হিন্দুত্বের পক্ষে নানা মন্তব্য করেছেন। তিনি অবশ্য তাঁর আর এস এস এবং বি জে পি-র সংস্রব লুকিয়ে রাখেন না। নিজের টুইট অ্যাকাউন্টে পরিচয় দিতে গিয়ে যেমন ত্রিপুরার রাজ্যপাল কথাটি লিখেছেন, তেমনই আর এস এস এবং বি জে পি-র কথাও লিখেছেন। মঙ্গলবার বিকেলে ওই টুইটের পরে অনেকেই মন্তব্য করেছেন। কেউ যেমন সমর্থন করেছেন তাঁর কথার অন্য অনেকে আবার বিরোধিতাও করেছেন। একজন রাজ্যপালের এধরণের মন্তব্য শোভা পায় না, সেটাও বলেছেন কয়েকজন। আরও পড়ুন চীন ও রাশিয়ায় দূত পাঠানোর চিন্তা বাংলাদেশের কায়রো কেনো মেয়েদের জন্য বিপজ্জনক শহর? অযোধ্যায় রামের মূর্তি তৈরিতে কেন অর্থদান করছে মুসলমানরা?","ভারতের উত্তরপূর্বাঞ্চলীয় ত্রিপুরার রাজ্যপাল তথাগত রায় মন্তব্য করেছেন যে দীপাবলির সময়ে ভারতে যে বাজি ফাটানো হয়, তা থেকে যেমন কয়েকদিন শব্দ দূষণ হয়, তেমনই সারা বছর মসজিদ থেকে আজান দেওয়ার ফলেও শব্দ দূষণ ঘটে।",হিন্দুদের উৎসব দীপাবলি বা দেওয়ালীর সন্ধ্যাবেলায় বাজি পোড়ানোর নিয়ম নিয়ে নানা মন্তব্য করেছেন ভারতের রাজ্যপাল রামমোহন রায়।,0.19607843137254904,0.04081632653061225,0.07843137254901962,0.72030073,17,34
"দুই শিশুকে নিয়ে ঢাকার একটি বাস স্টপে অপেক্ষা করছেন এক নারী। পাশে মিসেস বিশ্বাসের মা ছিলেন। তারা দুজন মিলে খেলনা দেখিয়ে শিশুটিকে থামানোর চেষ্টা করছিলেন। লাভ হচ্ছিল না কোনো। 'কী করব ভেবে পাচ্ছিলাম না', বিবিসির ফেসবুক পাতায় লিখেছেন মিসেস বিশ্বাস। ""কেউ কেউ বলছিলেন, কান্না থামান। কেউ বলছিলেন, এত ছোট বেবি নিয়ে বের হওয়া ঠিক হয়নি""। ""বাচ্চা বাসের মধ্যে কান্না করলে কিছু লোক একটু অন্য চোখে দেখবেই""। এমন একটি পাবলিক প্লেসে শিশুকে বুকের দুধ খাওয়াতে গিয়ে এক ধরনের দ্বিধায় পড়ে গিয়েছিলেন তিনি। তিনি লিখছেন, ""আমি তো বাসের মধ্যে লজ্জায় পড়েছিলাম।"" সম্প্রতি নয় মাস বয়সী এক শিশু ও তার মা সরকারি ও স্বায়ত্বশাসিত অফিস বা কর্মস্থল এবং জনসমাগমস্থলে ব্রেস্ট ফিডিং কর্নার বা শিশুকে বুকের দুধ খাওয়ানো নির্ধারিত জায়গা স্থাপনের নির্দেশনা চেয়ে হাইকোর্টে একটি রিট করেন। পরে গত রবিবার হাইকোর্ট এ ব্যাপারে একটি রুল জারি করে জানায়, পাবলিক প্লেস ও কর্মস্থলে ব্রেস্ট ফিডিং কর্নার থাকতে হবে। বছর দুয়েক আগে অস্ট্রেলিয়ায় এক পার্লামেন্ট সদস্য পার্লামেন্ট অধিবেশন চলাকালেই প্রকাশ্যে তার শিশুকে বুকের দুধ খাইয়ে অনেক বাহবা কুড়িয়েছিলেন। কিন্তু বাংলাদেশের মতো সমাজে, প্রকাশ্যে শিশুকে মাতৃদুগ্ধ পান করানোর বিষয়টি খুব একটা ভাল চোখে দেখা হয় না। ফলে যেকোন কারণে ছোট শিশুকে নিয়ে বাইরে বের হওয়া মায়েদের জন্য শিশুকে বুকের দুধ খাওয়ানোর বিষয়টি দারুণ এক ঝক্কির ব্যাপার হয়ে দাঁড়ায় কখনো কখনো। ফলে পৃথিবীর অনেক দেশের মতোই পাবলিক প্লেসে ব্রেস্ট ফিডিং কর্নার স্থাপন হতে পারে এই সমস্যার এক মোক্ষম সমাধান। আরো পড়ুন: জয়ন্তী বিশ্বাস শেষ পর্যন্ত তার শিশুর কান্না থামাতে কী করেছিলেন? তিনি গায়ে চাদর পেচিয়ে শিশুকে আর নিজেকে ঢেকে নেন 'যাতে লোকজন বুঝতে না পারে', তারপর জানালার পাশে বসে শিশুকে দুধ খাইয়ে শান্ত করেন। শিশুটির বয়স এখন এক বছর। মিসেস বিশ্বাস প্রাথমিক বিদ্যালয়ের একজন শিক্ষয়িত্রী। বিদ্যালয়ে পর্যন্ত সেরকম সুবিধা নেই। ফলে মিসেস বিশ্বাস যেদিন সন্তানকে কর্মক্ষেত্রে নিয়ে যেতে বাধ্য হন, সেদিন তাকে বুকের দুধ পান করাতে পারেন না তিনি। ছয় মাস পর অন্যান্য খাবার দিতে হবে শিশুকে এ নিয়ে অনেক মা কিংবা যারা ভবিষ্যতে মা হওয়ার আশা করেন তাদের অনেকেই এই সমস্যাটি নিয়ে উদ্বিগ্ন। যেমন রোকসানা পারভীনের বক্তব্য, ""এই দুঃখের কোন শেষ নাই। এই যন্ত্রণার কোন শেষ নাই।"" এমনকি কর্মক্ষেত্রে এ ধরনের সুবিধার অভাবে একসময় তাকেও চাকরি ছেড়ে দিতে হতে পারে বলে তার আশঙ্কা। মাসুমা বাবলি নামে একজন বলছেন, শিশুকে বুকের দুধ খাওয়ানোর সুযোগের পাশাপাশি কর্মস্থলে শিশুকে রাখার পরিবেশ নিশ্চিত করারও দাবি জানাচ্ছেন। তাহমিনা আমব্রীন নামে একজন বলছিলেন, আমাদের আসে পাশে যাদের বসবাস, সবাই মানুষ না। অগনিত সংখ্যক মানুষরূপি পশুও আছে। নাসরিন সুমি লিখছেন, ""শুধু ব্রেষ্ট ফিডিং কর্নার করলেই হবে না, যথাযথ সুবিধা থাকতে হবে। প্রয়োজনীয় নিরাপত্তা ও রক্ষণাবেক্ষণ পরবর্তীতে সব সময় নিশ্চিত করতে হবে।"" বিবিসি বাংলায় আরো পড়তে পারেন: বিয়ের পর কেমন হয় নববধূর অভিজ্ঞতা 'যৌতুক এখন একটা বিজনেসের মতো করে ফেলেছে' বিয়ে ভাঙার কারণ কি হোয়াটসঅ্যাপ, নাকি যৌতুক?",চার মাসের শিশু সন্তানকে নিয়ে ঝালকাঠীর রাজাপুর থেকে স্বরূপকাঠী যাচ্ছিলেন প্রাথমিক বিদ্যালয়ের শিক্ষক জয়ন্তী বিশ্বাস। পথের মধ্যে বাসে হঠাৎ করে বাচ্চা কান্নাকাটি শুরু।,বাংলাদেশের রাজধানী ঢাকার একটি বাস স্টপে অপেক্ষা করছিলেন নবজাতক শিশু ফারজানা বিশ্বাস।,0.11428571428571427,0.0,0.11428571428571427,0.6835625,12,23
"দিওয়ালি উদযাপন সম্পর্কে এক টুইট করে সমালোচনার মুখে পড়েছেন বিরাট কোহলি ১৮ সেকেন্ডের ভিডিওতে ভিরাট কোহলি দীপাবলি বা দিওয়ালির শুভেচ্ছা জানিয়েছেন তার ভক্তদের উদ্দেশ্যে। ভিডিওতে তিনি বলেন: ""ঈশ্বর আপনাকে ও আপনার পরিবারকে দিওয়ালির সুখ, শান্তি ও সমৃদ্ধি দিক। এই দিওয়ালিতে আতশবাজি পোড়াবেন না, পরিবেশের সুরক্ষা নিশ্চিত করুন এবং আপনার ভালোবাসার মানুষের সাথে এই পবিত্র উপলক্ষটি উদযাপন করুন।"" End of Twitter post, 1 এই ভিডিও মেসেজটি পোস্ট করার পর থেকে ভিরাট কোহলি টুইটারে ট্রেন্ড করছেন। অনেক টুইটার ব্যবহারকারীই ভিরাট কোহলির পোস্টটি পছন্দ করেননি, তবে ভারতীয় অধিনায়কের অনেক ভক্ত তার বার্তাটি সমর্থন করছেন। তারপর থেকেই হ্যাশট্যাগ স্ট্যান্ডউইথভিরাট টুইটারে ট্রেন্ড করছে। কিন্তু এই ভিডিও মেসেজের সাথে সম্পর্কিত অন্যান্য ট্রেন্ডও টুইটারে উপরের দিকে রয়েছে, যেখানে মানুষ ভিরাট কোহলি ও আনুশকা শর্মার বিরুদ্ধে তাদের ক্ষোভ প্রকাশ করেছেন। ভিরাট কোহলি আতশবাজি পুড়ানো থেকে বিরত থাকতে এই প্রথমবার আহ্বান জানালেও এই বিষয় নিয়ে আলোচনা কিন্তু নতুন নয়। জনস্বাস্থ্য ও পরিবেশের বিষয় মাথায় রেখে ভারতের বেশ কয়েকটি রাজ্যে আতশবাজি পোড়ানোর ওপর নিষেধাজ্ঞা দেয়া হয়েছে। কিছু কিছু রাজ্যে শর্তসাপেক্ষে আতশবাজি পোড়ানোর অনুমতি দেয়া হয়। আরো পড়তে পারেন: এই মুহূর্তে ক্রিকেটের সেরা ব্যাটসম্যান কে? বেফাঁস মন্তব্য করে বিরাট সমস্যায় ভিরাট কোহলি ভারতে দেওয়ালিতে বাজি বন্ধের নির্দেশ: কী বলছে মানুষ? তবে ভিরাট কোহলির পোস্ট করা ভিডিও নিয়ে সমালোচনা হয়েছে ভিন্ন আঙ্গিকে। অনেক টুইটার ব্যবহারকারী প্রশ্ন তুলছেন, কিছুদিন আগে ভিরাট কোহলির জন্মদিন উপলক্ষে যখন আতশবাজি পোড়ানো হয় সেসময় তিনি কেন তার প্রতিবাদ করেননি? একটি টুইটে ভিরাট কোহলিকে 'জ্ঞান দেয়া বন্ধ' করতে বলে পোস্টদাতা লিখেছেন যে, 'আমার উৎসব তোমার সামাজিক সচেতনা তৈরির উপলক্ষ নয়।' আরেকজন ব্যাবহারকারী মন্তব্য করেছেন যে, 'এই ব্যক্তি কয়েকদিন আগেই আতশবাজিতে ভরপুর আইপিএল ফাইনাল খেলেছেন। তিনি আমাদের উপদেশ দিচ্ছেন কীভাবে উদযাপন করতে হয়, বিসিসিআই বা আইপিএল'-এর আয়োজকদের কী তিনি একই উপদেশ দিয়েছিলেন?' একজন ব্যবহারকারী আবার ক্রিকেট মাঠের জন্য গাছ কাটা থেকে শুরু করে খেলোয়াড়দের ভ্রমণের জন্য বাস, ট্রেন, বিমানে ব্যবহৃত জ্বালানি তেলের বিষয়টিও তুলে এনেছেন বিরাট কোহলির পরিবেশ সুরক্ষা বিষয়ক উক্তির জবাবে। ভিরাট কোহলিকে কটাক্ষ করেও টুইট করেছেন বহু মানুষ। একপক্ষ ভিরাট কোহলির মেসেজের সমালোচনা করলেও ভারতীয় অধিনায়কের সমর্থনেও পোস্ট করেছেন অনেকে। একজন ব্যবহারকারী মন্তব্য করেছেন যে, 'দিওয়ালি কখনই আতশবাজির উৎসব ছিলো না, এটি ছিল আলোর উৎসব। তিনি ভুল কিছু বলেননি।' আরেক ব্যবহারকারী লিখেছেন, 'অধিকাংশ সেলেব্রিটি যখন কিছু অন্ধ ভক্তের ভয়ে কোনো মন্তব্য করেন না, তখন নির্ভীক ভিরাট মেসেজ পোস্ট করে প্রমাণ করলেন যে তিনিই রাজা।'",টুইটারে ভারতীয় ক্রিকেট দলের অধিনায়ক বিরাট কোহলির শেয়ার করা একটি ভিডিও নিয়ে ভারতের সোশ্যাল মিডিয়ায় বেশ আলোচনা-সমালোচনা তৈরি হয়েছে।,ভারতীয় ক্রিকেট দলের অধিনায়ক ভিরাট কোহলি দিওয়ালি উদযাপন সম্পর্কে এক টুইট করে সমালোচনার মুখে পড়েছেন।,0.23529411764705882,0.1875,0.23529411764705882,0.78194726,15,19
"সন্ত্রাসবাদের বিরুদ্ধে কার্যক্রম গ্রহণের জন্য কাতারের আমির শেখ তামিম বিন হামাদ আল থানির প্রতি আহ্বান জানিয়েছিল যুক্তরাষ্ট্র তবে কাতারকে যে এই প্রথম আরব দেশগুলোর অবরোধের মুখে পড়তে হচ্ছে তা নয়। ২০১৪ সালে নয় মাসের জন্য কাতারের সঙ্গে কূটনৈতিক সম্পর্ক ছিন্ন রেখেছিল উপসাগরীয় প্রতিবেশী দেশগুলো। উত্তেজনা শুরু হয় যখন কাতার ইসলামপন্থী দল মুসলিম ব্রাদারহুডকে সমর্থন দেয়া শুরু করে, যে দলটির তালেবান ও আল কায়েদা সমর্থিত গোষ্ঠীগুলো ঘনিষ্ঠ সম্পর্ক রয়েছে। এছাড়া ইরানের সঙ্গেও কাতারের ভালো সম্পর্ক গড়ে উঠার বিষয়টি অন্যান্য আরব দেশগুলো ঠিকভাবে নেয়নি। সম্প্রতি সৌদি আরব কাতারের রাষ্ট্র অনুমোদিত আল জাজিরা সংবাদমাধ্যমের বিরুদ্ধে অভিযোগ এনে বলে যে এটি ইয়েমেনে হুতি বিদ্রোহীদের সমর্থন দিচ্ছে। ইয়েমেনে সরকারের সাথে হুতি বিদ্রোহীদের লড়াই চলছে, যেখানে সরকারি সেনাদের সমর্থন দিচ্ছে সৌদি আরব ও সংযুক্ত আরব আমিরাত। তবে রিয়াদের এমন অভিযোগ প্রত্যাখ্যান করে দোহা বলেছে, প্রতিবেশী অন্যান্য দেশগুলোর তুলনায় কাতারে সন্ত্রাসবিরোধী পদক্ষেপ বেশী গ্রহণ করা হয়েছে। সৌদি আরব সহ কয়েকটি আরব দেশ কাতারকে যেভাবে একঘরে করার চেষ্টা করছে, তাতে কাতারের শক্তিশালী অর্থনীতির বিষয়টি এখন আলোচনায় চলে এসেছে। এপ্রিল মাসেই কাতার রাজপরিবারের অপহৃত সদস্যদের মুক্তির জন্য এক চুক্তির অংশ হিসেবে সিরিয়ায় আল কায়েদার সাবেক এক সদস্য এবং ইরানের নিরাপত্তা কর্মকর্তাদের প্রায় এক বিলিয়ন ডলার মুক্তিপন দেয়। কাতারের রাজপরিবারের ওই ২৬ জন গত ডিসেম্বর মাসে ইরাকি শিয়া মিলিশিয়াদের দ্বারা অপহৃত হন। আর তাদের মুক্তির বিনিময়ে মিলিশিয়াদের টাকা প্রদানের ঘটনায় কাতার 'সন্ত্রাসবাদী গোষ্ঠীকে সমর্থন দিচ্ছে ও অর্থায়ন করছে' সেই অভিযোগটিও জোরেসোরে উঠে। প্রতিবেশী দেশগুলোর কাছে থেকে নজিরবিহীন আঞ্চলিক অবরোধের মুখে পড়া কাতারে খাদ্যসংকটের আশঙ্কাও দেখা দিয়েছে, যদিও ইরান, তুরস্ক খাবার পাঠাচ্ছে। 'কাতারকে আরো অনেক কাজ করতে হবে' ৯/১১'র পর থেকে জঙ্গি অর্থায়ন বন্ধ করতে উঠেপড়ে লাগে যুক্তরাষ্ট্রসহ বিশ্বের আরো কয়েকটি দেশ। দেশীয় আইনসহ জাতিসংঘের নিরাপত্তা পরিষদের রেজলিউশনও পাশ করা হয়। জঙ্গি অর্থায়নে সাহায্য করতে পারে এমন সন্দেহভাজন পথগুলোও আস্তে আস্তে বন্ধ করে দেয়া হয়। যেমন -অনেক রেমিটেন্স কোম্পানি ও চ্যারিটি প্রতিষ্ঠান বন্ধ করে দেয়া হয়। কিন্তু এসব সত্ত্বেও কাতার সহ কয়েকটি দেশের সন্ত্রাসবাদ বিরোধী কার্যক্রম নিয়ে প্রশ্ন উঠতে থাকে। যুক্তরাষ্ট্রের ট্রেজারি ডিপার্টমেন্ট এবং অর্থনৈতিক গোয়েন্দা বিভাগের কর্মকর্তা ডেভিড কোহেন ২০১৪ সালে এক বিবৃতিতে বলেছিলেন ""যুক্তরাষ্ট্রের দীর্ঘদিনের মিত্র কাতার বহু বছর ধরে হামাসকে অর্থায়ন করে আসছে। যে গোষ্ঠীটি আঞ্চলিক স্থিতিশীলতা চায় না। এছাড়াও সংবাদমাধ্যমের বিভিন্ন খবরে দেখা যাচ্ছে কাতার সিরিয়ায় চরমপন্থী গোষ্ঠীগুলোকে সমর্থনও দিচ্ছে""। কাতারের ব্যবস্থার কথা উল্লেখ করে তিনি এটাও ইঙ্গিত দেন যে আল কায়েদা এবং তথাকথিত ইসলামিক স্টেট জঙ্গিগোষ্ঠীর জন্য তহবিল সংগ্রহের কাজটিও দেশটিতে সহজেই করতে পারছে সংশ্লিষ্টরা। ২০১৬ সালে যুক্তরাষ্ট্রের ট্রেজারি ডিপার্টমেন্টে মি: কোহেনের স্থলাভিষিক্ত হন অ্যাডাম সুবিন, তিনিও এক বিবৃতিতে বলেন, 'সন্ত্রাসবাদী কর্মকান্ডে অর্থায়ন' ঠেকাতে কাতারকে 'আরো অনেক কাজ করতে হবে'। জঙ্গিবাদে মদদের হুমকি ঠেকানোর জন্য সন্ত্রাসবিরোধী অর্থনৈতিক আইন প্রণনয় করতে রাজনৈতিক সদিচ্ছা যথেষ্ট প্রয়োজন বলে উল্লেখ করেছিলেন তিনি। ওই সময় যুক্তরাষ্ট্র কাতারের কয়েকজন নাগরিকের বিরুদ্ধে জঙ্গি অর্থায়নের অভিযোগ এনে তাদের ওপর নিষেধাজ্ঞাও জারি করেছিল। কাতারের তৎকালীর আমীর শেখ হামাদ ২০১২ সালে হামাস নিয়ন্ত্রিত গাজা ভূখন্ডে সফর করেন। সৌদি সন্দেহ তবে কাতারের মতো সৌদি আরবকেও সমালোচনা ও প্রশ্নের মুখেও পড়তে হয়েছিল। ৯/১১ এর ঘটনায় যে ১৯ জন বিমান ছিনতাই করেছিল, তার মধ্যে ১৫ জনই ছিল সৌদি আরবের নাগরিক। উইকিলিকস প্রকাশিত ২০০৯ সালের যুক্তরাষ্ট্রের কূটনৈতিক নথিপত্রে দেখা যায়, সন্ত্রাসবাদে অর্থায়ন ঠেকাতে সৌদি সরকারের কৌশল নিয়ে যুক্তরাষ্ট্রের ক্রমাগত হতাশা। সৌদি সরকার স্কুল ও মসজিদসহ বিশ্বজুড়ে ওয়াহাবি মতবাদ ছড়িয়ে দেয়ার জন্য নিজেদের সম্পদও ব্যবহার করেছে , যেটি চরমপন্থা ছড়িয়ে দেয়ার একটি বিরাট উৎস হয়ে উঠেছে বলে অভিযোগ রয়েছে। যদিও সৌদি আরবের খুব কম সংখ্যক ব্যক্তি ও প্রতিষ্ঠানের বিরুদ্ধে সন্ত্রাসবাদে সমর্থন দেয়ার অভিযোগ রয়েছে। সন্ত্রাসবাদ মোকাবেলায় সৌদি সরকারের প্রচেষ্টা ও সমর্থন কাতারের তুলনায় অনেক বেশি গ্রহণযোগ্য। আর সম্প্রতি মার্কিন প্রেসিডেন্ট ডোনাল্ড ট্রাম্পের সৌদি আরব সফরের সময় দুই দেশই সন্ত্রাসবাদ মোকাবেলায় একসঙ্গে কাজ করার ঘোষণা দিয়েছে। সন্ত্রাসবাদে অর্থায়ন একটি বড় হুমকি ও এটি মোকাবেলায় সবাইকে একত্রিত হওয়ারও ঘোষণা দেয়া হয়। বুঝা যাচ্ছে যে ওয়াশিংটন মনে করছেন, জঙ্গি অর্থায়নের বিষয়টি মোকাবেলা করতে পারলে গাল্ফভুক্ত দেশগুলোর সমস্যারও একটি সমাধান হবে। গত মাসেই সৌদি আরব সফর করেন মার্কিন প্রেসিডেন্ট ডোনাল্ড ট্রাম্প চরমপন্থা মতাদর্শ সন্ত্রাসবাদ মোকাবেলায় অর্থায়ন ঠেকানোর জন্য সৌদি আরবের এই অঙ্গীকারই হয়তো সমাধানের পথ নয়। যদিও সন্ত্রাসী গোষ্ঠীগুলো যেন সরাসরি কোনো অর্থ সহায়তা না পায় সেটিই নীতিনির্ধারণী ও নিরাপত্তা বিষয়ক কর্মকর্তাদের প্রাথমিক লক্ষ্য। সম্প্রতি নজর দেয়া হচ্ছে কোনো ব্যক্তি বা প্রতিষ্ঠান চরপন্থা মতাদর্শ ছড়িয়ে দিতে সাহায্য করছে কিনা। ২০১৫ সালের ডিসেম্বরে লন্ডনের হাউজ অব কমন্সে বিতর্ক হয়- ইরাক থেকে সিরিয়ায় ইসলামিক স্টেট জঙ্গিগোষ্ঠীর কার্যকলাপ নিয়ে। সেখানে তৎকালীন প্রধানমন্ত্রী ডেভিড ক্যামেরন প্রতিশ্রুতি দিয়েছিলেন ""চরমপন্থাকে উসকে দিতে যুক্তরাজ্যে কোনো ধরনের অর্থায়নের উৎস থাকলে সেটা বন্ধ করা হবে""। যুক্তরাজ্যে ইসলামী চরমপন্থা কার্যক্রমের উৎস কোথায়, তার ধরন কী, মাত্রা কতটুকু , বাইরের দেশের সাথে সংযোগ কতটা এ বিষয়েও অনুসন্ধানের প্রতিশ্রুতি দেন মি: ক্যামেরন। সম্প্রতি সংবাদমাধ্যমের প্রতিবেদনে বলা হয়-এসব অনুসন্ধান কার্যক্রম যদি সম্পন্নও হয়ে যায়, সেটা জনসম্মুখে আনা অসম্ভব। আর এসবকিছুর সাথে গাল্ফভুক্ত দেশগুলোর সাম্প্রতিক উত্তেজনার বিষয়টি সম্পৃক্ত কিনা সে প্রশ্নও জাগে। এর আগে এ ধরনের সংকট তৈরি হলেও, তাড়াতাড়ি সেটি সমাধান হয়ে গেছে। কিন্তু বর্তমানে যেভাবে কাতারকে ঘিরেই সন্ত্রাসবাদী গোষ্ঠীকে সমর্থনের বিষয়ে সন্দেহ আর প্রশ্ন জেগেছে- সন্ত্রাসবাদে অর্থায়ন ও চরমপন্থা মতাদর্শ সমর্থনের জন্য রাজধানী দোহাই হয়তো সন্দেহের কেন্দ্রেই থেকে যাবে বহুদিন।",'সন্ত্রাসবাদী গোষ্ঠীকে সমর্থন দেবার' অভিযোগ এনে সৌদি আরবসহ কয়েকটি আরব দেশ যে কাতারের সঙ্গে কূটনৈতিক-অর্থনৈতিক সম্পর্ক ছ্ন্নি করেছে তাতে মধ্যপ্রাচ্যে এক ধরনের অস্থিতিশীল পরিস্থিতি তৈরি হয়েছে।,কাতারের সঙ্গে কূটনৈতিক সম্পর্ক ছিন্ন রেখেছে সংযুক্ত আরব আমিরাত এবং রিয়াদ।,0.21621621621621623,0.05714285714285714,0.16216216216216214,0.75139225,11,26
"ব্যাঙ্গালোর থেকে আটক ব্যক্তিদের ট্রেনে করে কলকাতায় আনা হয়। ট্রেনে করে হাওড়া স্টেশনে নিয়ে আসার পরে ঐ ৫৯ জনকে বালির নিশ্চিন্দা এলাকায় পুলিশের তত্ত্বাবধানে একটি প্রশিক্ষণ কেন্দ্রে আটক রাখা হয়েছিল। কথিত ঐ বাংলাদেশীদের হাওড়ায় নিয়ে আসার পর থেকে তাদের ওপরে নজর রাখছিলেন মানবাধিকার সংগঠন এ.পি. ডি.আর-এর সদস্যরা। সংগঠনটির সম্পাদক ধীরাজ সেনগুপ্ত বলছিলেন, ""শুক্রবার নিশ্চিন্দার ওই ভবনটিতে গিয়ে আমরা দেখি যে সেখানে তারা কেউ নেই। তাদের পুশব্যাকই করে দেয়া হয়েছে। এটা জেলা প্রশাসনের তরফ থেকে আমাদের কাছে নিশ্চিত করেছে।"" ওদিকে বাংলাদেশের যশোরে বাংলাদেশ সীমান্তরক্ষী বিজিবির কর্মকর্তা লেফটেন্যান্ট কর্নেল সেলিম রেজা বিবিসিকে বলেছেন, ব্যাঙ্গালোর থেকে আনা ৫৯ জনের পুশব্যাক নিয়ে তাদের কাছে কোনও খবর না থাকলেও গত এক সপ্তাহে তার নিয়ন্ত্রণাধীন সীমান্ত এলাকা থেকে কমপক্ষে নয়জনকে কোনও বৈধ কাগজপত্র ছাড়া বাংলাদেশে প্রবেশের জন্য আটক করা হয়েছে। তিনি জানান, গত একমাসে এরকম আটকের সংখ্যা হবে কমপক্ষে ৩০। এছাড়া, খুলনা, চুয়াডাঙ্গা এবং ঝিনাইদহ সীমান্তেও অবৈধভাবে প্রবেশের জন্য গত কয়েক সপ্তাহে বেশ ক'জনকে আটক করা হয়েছে বলে বিজিবির কর্মকর্তারা স্বীকার করছেন। হাওড়ার এই প্রশিক্ষণ কেন্দ্রে ৫৯ জন কথিত বাংলাদেশিকে আটকে রাখা হয়েছিল। আরো পড়তে পারেন: বিজিবি বলছে অনুপ্রবেশকারী, পুলিশ বলছে বাংলাদেশি 'ভারত থেকে বাংলাদেশে গোপনে পুশব্যাক চলছে' ব্যাঙ্গালোরে আটককৃতদের বাংলাদেশে পুশব্যাক করার পরিকল্পনা নিয়েই তাদের ব্যাঙ্গালোর থেকে নিয়ে আসা হয়েছিল কড়া পুলিশ প্রহরায়। তবে কোন কর্মকর্তা বা কোন সরকারি বিভাগই এ নিয়ে আনুষ্ঠানিক ভাবে কিছু জানাতে চাইছেন না। পশ্চিমবঙ্গ পুলিশের কর্মকর্তারা নাম প্রকাশ না করার শর্তে জানিয়েছেন, ""একদিনে নয়, চার-পাঁচ দিন ধরে ছোট ছোট দলে ভাগ করে তাদের সীমান্তে নিয়ে যাওয়া হয়েছে। সেখান থেকে তাদের বাংলাদেশে পাঠিয়ে দেয়া হয়েছে।"" কর্মকর্তারা জানাচ্ছেন, গোটা বিষয়টা নিয়ে ইতিমধ্যেই অনেক হৈচৈ হয়েছে। তাই গোপনীয়তার স্বার্থে নিশ্চিন্দার ওই ভবনটি থেকে তাদের সরিয়ে নিয়ে যাওয়ার জন্য পুলিশের গাড়িও ব্যবহার করা হয় নি। প্রশাসনের শীর্ষ স্তর থেকে বিষয়টির নজরদারি করা হয়েছিল বলেও জানা যাচ্ছে। পেট্রাপোল সীমান্তের কাছাকাছি কোনও এলাকা দিয়েই তাদের পুশব্যাক করা হয়েছে বলে কর্মকর্তারা জানাচ্ছেন। কলকাতায় বাংলাদেশ উপ-দূতাবাস বলছে, তাদের দেশের কথিত নাগরিকরা যে ব্যাঙ্গালোরে ধরা পড়েছিলেন, তাদের কলকাতায় নিয়ে আসা হয়েছে, তাদের কোথায় রাখা হয়েছে, এ ব্যাপারে আনুষ্ঠানিকভাবে কিছুই জানানো হয় নি তাদের। গত মাসে অবৈধ বাংলাদেশী সন্দেহে ব্যাঙ্গালোরে ধৃতদের কয়েকজন। ঐ ব্যক্তিরা যে বাংলাদেশেরই নাগরিক, তা নিশ্চিত করার জন্য কন্সুলার অ্যাক্সেস দেয়ার কথা, কিন্তু আনুষ্ঠানিকভাবে যেহেতু কিছু জানানোই হয় নি, তাই উপ-দূতাবাসও কন্সুলার সেবার আবেদনও করতে পারে নি। যে প্রশিক্ষণ কেন্দ্রে ঐ কথিত বাংলাদেশীদের রাখা হয়েছিল, সেই ভবনটির দায়িত্বে থাকা বালি-জগাছার ব্লক উন্নয়ন আধিকারিক অসিতবরণ ঘোষ বিবিসিকে বলেন, ""আমার কাছে শুধু কিছু মানুষকে রাখার জন্য একটি ভবনের ব্যবস্থা করতে বলা হয়েছিল। ঐ সরকারি প্রশিক্ষণ কেন্দ্রটি যেহেতু আমার দায়িত্বে, তাই আমি চাবি দিয়েছিলাম। ওখানে কাদের রাখা হয়েছিল, তারা সেখানে আছেন কী না, বা না থাকলে কোথায় গেলেন, এ ব্যাপারে আমাকে প্রশ্ন করে লাভ নেই। প্রশাসনের উচ্চপদস্থ কর্মকর্তাদের জিজ্ঞাসা করতে পারেন।"" ভারতের সীমান্তরক্ষী বাহিনীর কর্মকর্তাদের কাছে এ বিষয়ে জানতে চাইলে তারা বলছেন, ""আমরা কিছু বলতে পারব না।"" ভারতের সীমান্তরক্ষী বাহিনী বিএসএফ অবশ্য এর আগে নানা সময়ে বিবিসিকে জানিয়েছে যে ""পুশব্যাক শব্দটি তাদের অভিধানে নেই।"" তারা বলে থাকে, কোনও বাংলাদেশীকে বেআইনিভাবে ভারতে প্রবেশের জন্য আটক করা হলে হয় তারা স্থানীয় পুলিশের হাতে তুলে দেয়, অথবা ঐ বাংলাদেশীরা যদি পাচারের শিকার হয়েছেন বলে বিএসএফ-এর মনে হয়, তাহলে বাংলাদেশের সীমান্তরক্ষা বাহিনী বিজিবি-র সঙ্গে যোগাযোগ করে তাদের দেশে ফেরত পাঠানো হয়। ভারতের মুম্বাইর একটি বস্তি। বিজেপি দাবি করে লাখ লাখ বাংলাদেশি অবৈধভাবে ভারতে থাকছে। বিবিসি বাংলায় অন্যান্য খবর: লন্ডন হামলা: হামলাকারীর সম্পর্কে যা জানা যাচ্ছে যেভাবে হ্যাকাররা বৈধভাবেই বিপুল অর্থ আয় করে 'যৌনমিলনের সময় সঙ্গী আমার শ্বাসরোধ করার চেষ্টা করে' কিন্তু ভারতের নানা রাজ্যে বাংলাদেশী সন্দেহে আটক ব্যক্তিদের যে মাঝে মধ্যেই পুশ-ব্যাক করে দেয়া হয় তা নিশ্চিত। উত্তর ভারতের বেশ কিছু রাজ্যে পশ্চিমবঙ্গের নাগরিকদের বাংলাদেশী সন্দেহে আটক করে তাদের পুশব্যাক করে দেয়া হয়েছিল বলেও জানাচ্ছে মানবাধিকার সংগঠনগুলো। দু'হাজার নয় সালে ভারতের স্বরাষ্ট্র মন্ত্রণালয়ের একটি 'স্ট্যান্ডার্ড অপারেটিং প্রসিডিওর' অনুযায়ী, বাংলাদেশ-সীমান্তবর্তী রাজ্যগুলো ছাড়া অন্য রাজ্যে বাংলাদেশী সন্দেহে কাউকে আটক করা হলে তাদের বিরুদ্ধে বিদেশি আইনের ১৪ নম্বর ধারায় ফৌজদারি অপরাধের মামলা না করে বিদেশি নাগরিক পঞ্জীকরণ দপ্তর বা এফ.আর.আর.ও-র সামনে হাজির করিয়ে পশ্চিমবঙ্গে নিয়ে এসে বিএসএফ-এর হাতে তুলে দিতে বলা হয়েছে। তারাই বাংলাদেশী কর্তৃপক্ষের সঙ্গে যোগাযোগ করে তাদের দেশে ফেরত পাঠানোর ব্যবস্থা করবে , এমনটাই লেখা আছে ওই এসওপি-তে। মানবাধিকার সংগঠন মাসুমের প্রধান কিরীটী রায় বলছেন, ""একদিকে যেমন ব্যাঙ্গালোরের পুলিশ ভাল কাজ করেছে তাদের বিরুদ্ধে ফৌজদারি মামলা না করে, তেমনই আবার বেআইনি দিকটা হচ্ছে তারা যে বাংলাদেশীরই নাগরিক, সেটা নিশ্চিত কীভাবে করা হল? তাদের দেশে ফেরত পাঠানোর জন্য কোনও আদালতে কেন তোলা হল না?"" ""যেখানে ভারতের আইন অনুযায়ী আটক করার ২৪ ঘণ্টার মধ্যে আদালতে তোলার কথা, সেখানে একমাসেরও বেশি সময় তারা আটক রইলেন।"" কমনওয়েলথ হিউমান রাইটস ইনিশিয়েটিভ ভারতে আটক বাংলাদেশীদের নিয়ে কাজ করে থাকে। সংগঠনটির প্রোগ্রাম হেড মধুরিমা ধানুকা সম্প্রতি বিবিসিকে জানিয়েছিলেন, ওই এসওপি নিয়ে অনেক প্রশ্ন আছে। তারা এই এসওপি-র বিরুদ্ধে জনস্বার্থ মামলাও করেছেন।","ভারতের ব্যাঙ্গালোর থেকে বাংলাদেশী সন্দেহে নারী ও শিশুসহ যে ৫৯ ব্যক্তিকে আটক করে গত সপ্তাহে কলকাতা-সংলগ্ন হাওড়ায় নিয়ে আসা হয়েছিল, তাদের আর কোনও খোঁজ পাওয়া যাচ্ছে না।",ভারতের ব্যাঙ্গালোর জেলায় অবৈধভাবে বাংলাদেশে প্রবেশের জন্য আটক হওয়া ৫৯ জনের পুশব্যাক নিয়ে জেলা প্রশাসন নিশ্চিত করেছে।,0.22727272727272727,0.04761904761904762,0.1818181818181818,0.72368413,17,27
"বিশ্ব স্বাস্থ্য সংস্থা বলছে মহামারী আকারে পুরো পৃথিবীতে ছড়িয়ে পড়তে পারে এই ভাইরাস এর মধ্যে তিব্বতে একজন করোনাভাইরাস আক্রান্ত ব্যক্তির সন্ধান পাওয়া গেছে। চীনের স্বাস্থ্য কর্তৃপক্ষ বলছে দেশটিতে ২৯শে জানুয়ারি পর্যন্ত ৭৭১১জন ব্যক্তি করোনাভাইরাসে আক্রান্ত হয়েছেন। এছাড়া আরো অন্তত ১৬টি দেশে ছড়িয়ে পড়েছে এই ভাইরাস। এমন প্রেক্ষাপটে এখন বৈশ্বিক জরুরি অবস্থা জারি করা উচিত কি না, সে নিয়ে আজ বৃহস্পতিবার বৈঠকে বসতে যাচ্ছে বিশ্ব স্বাস্থ্য সংস্থা বা ডব্লিউএইচও। সংস্থাটির মহাপরিচালক টেড্রোস অ্যাডানম গ্যাব্রিয়েসুস বুধবার জার্মানি, ভিয়েতনাম এবং জাপানকে উদ্দেশ্য করে বলেছেন, ""গত কয়েক দিনে মানুষে-মানুষে সংস্পর্শের মাধ্যমে এই ভাইরাস যেভাবে কয়েকটি দেশে ছড়িয়ে পড়েছে, তা উদ্বেগের ব্যাপার। যদিও চীনের বাইরে আক্রান্ত মানুষের সংখ্যা এখনো খুবই কম, কিন্তু তা সত্ত্বেও এটি মহামারির মত ছড়িয়ে পড়ার আশঙ্গা রয়েছে।"" করোনাভাইরাস উপদ্রুত এলাকায় গিয়ে যা দেখলো বিবিসি যেহেতু করোনাভাইরাসে আক্রান্ত হলে কোন নির্দিষ্ট চিকিৎসা বা কোন প্রতিষেধক নেই, ফলে অনেক মানুষ আছে যাদের এই ভাইরাস আক্রমণ করলেও তাদের মধ্যে লক্ষণগুলো হালকা দেখা দিয়ে আবার সেরেও গেছে। তবে শ্বাসতন্ত্রের মাধ্যমে বাহিত হয়ে মারাত্মক সংক্রমণ তৈরি করতে পারে এই ভাইরাস এবং তার ফলে আক্রান্ত ব্যক্তির মৃত্যুও হতে পারে। ধারণা করা হয়, সার্স এবং ইনফ্লুয়েঞ্জা ভাইরাসের মত নতুন এই করোনাভাইরাস বিশেষ করে বয়স্ক এবং আগে থেকে অসুস্থ মানুষকে বেশি আক্রমণ করে। চীনের হুবেই প্রদেশ এবং তার রাজধানী উহানে সবচেয়ে বেশি মানুষের মৃত্যুর ঘটনা ঘটেছে। এজন্য কর্তৃপক্ষ উহান শহরকে কার্যত অন্যান্য শহরের থেকে একেবারে আলাদা বা বিচ্ছিন্ন করে রেখেছে। বাস-ট্রেন এবং বিমান চলাচলসহ বহির্গামী সব ধরণের যানবাহনের চলাচল বন্ধ করে দেয়া হয়েছে অনেক শহরে। উহান শহর থেকে জাপান, যুক্তরাষ্ট্র ও ইউরোপীয় ইউনিয়নভুক্ত দেশগুলোর শত শত নাগরিককে সরিয়ে নেয়া হয়েছে।",করোনাভাইরাসে আক্রান্ত হয়ে মৃত্যুর সংখ্যা ১৭০ জনে পৌঁছেছে এবং চীনের প্রতিটি অঞ্চলে এখন ছড়িয়ে পড়েছে এই ভাইরাস।,বিশ্ব স্বাস্থ্য সংস্থা বলছে চীনে ছড়িয়ে পড়া নতুন করোনাভাইরাসে আক্রান্ত মানুষের সংখ্যা গত কয়েক দিনে সবচেয়ে বেশি।,0.23529411764705882,0.0625,0.17647058823529413,0.7478627,17,17
"স্টিভ উইন ক্যাসিনো জগতের একজন হোমড়া-চোমড়া ব্যক্তি শুক্রবার ওয়াল স্ট্রিট জার্নালের একটি প্রতিবেদনে বলা হয়, ৭৬ বছর-বয়সী কোটিপতি মেসেজ থেরাপিস্টদের যৌন হয়রানি করতেন এবং একজনকে তার সাথে যৌন সম্পর্কে স্থাপনে বাধ্য করেন। ওয়াল স্ট্রিট জার্নালের রিপোর্ট অনুসারে, সেখানে বলা হয় তারা ডজন-খানেক লোকের সাক্ষাতকার নিয়েছে যারা মি: উইনের সাথে কাজ করেছেন। তাদের বক্তব্যে মি: উইনের বিরুদ্ধে বিভিন্নভাবে হয়রানি করার অভিযোগ এসেছে। প্রায়ই তিনি তার ব্যক্তিগত অফিসে মেসেজ থেরাপিস্টদের হয়রানি করতে বলে অভিযোগ রয়েছে। মেনিকিউর করার কাজ করতেন এমন একজন নারী যিনি মি: উইনের বিরুদ্ধে জোর করে যৌন সম্পর্কে স্থাপনে বাধ্য করার অভিযোগ তুলেছেন, তাকে সাড়ে সাত মিলিয়ন মার্কিন ডলার প্রদান করেছেন এই ক্যাসিনো মোগল। আদালতে দাখিল করা দলিলে এমনই উঠে আসে বলে রিপোর্টে বলা হয়। স্টিভ উইন এবং তার দ্বিতীয় স্ত্রী হোয়াইট হাউজে প্রেসিডেন্ট ট্রাম্পের অভিষেক অনুষ্ঠানে। মি: উইন অবশ্য কোনধরনের অসদাচরণের অভিযোগ অস্বীকার করে এগুলোকে 'হাস্যকর' বলে মন্তব্য করেছেন। মি: উইন রিপাবলিকান দলের একজন অর্থ-দাতা এবং তহবিল সংগ্রাহক। এই বিষয়টিতে রিপাবলিকানদের নীরবতার কারণে তারা ডেমোক্রেটিক ন্যাশনাল কমিটির তোপের মুখে পড়েছে। রিপাবলিকান ন্যাশনাল কমিটির প্রধান রন্না ম্যাকড্যানিয়েল জানিয়েছেন মি: উইনের পদত্যাগপত্র তিনি গ্রহণ করেছেন। এদিকে মি: উইন তার ভাষায় এসব 'অপবাদ' তৈরির জন্য তার প্রাক্তন স্ত্রীকে দোষারোপ করেছেন যার সঙ্গে তার আইনি লড়াই চলছে।","স্টিভ উইন কেবল ক্যাসিনো জগতের একজন হোমড়া-চোমড়া ব্যক্তিই নন, তিনি রিপাবলিকান ন্যাশনাল কমিটির অর্থনীতি-বিষয়ক চেয়ারম্যান ছিলেন। তবে যৌন হয়রানির অভিযোগের মুখে তিনি সে পদ থেকে এবার সরে দাঁড়িয়েছেন।",প্রেসিডেন্ট ট্রাম্পের অভিষেক অনুষ্ঠানে ক্যাসিনো মোগল স্টিভ উইন যৌন হয়রানির অভিযোগে পদত্যাগ করেছেন।,0.24390243902439027,0.10256410256410256,0.1951219512195122,0.7237955,13,28
"মাল্টি লেভেল মার্কেটিং কোম্পানির কয়েকটির বিরুদ্ধে আর্থিক অনিয়মের অভিযোগ রয়েছে কারাদণ্ডের পাশাপাশি তাদের ২৭০২ কোটি ৪১ লক্ষ টাকা অর্থদণ্ড দেয়া হয়েছে, এবং প্রতিষ্ঠানটির ৪২০ কোটি টাকা বাজেয়াপ্ত করা হয়েছে। বাংলাদেশে এর আগে আরো কয়েকটি মাল্টি লেভেল মার্কেটিং কোম্পানির বিরুদ্ধে গ্রাহকদের অর্থ আত্মসাতের অভিযোগ উঠলেও, এই প্রথম এ ধরণের কোন প্রতিষ্ঠানের কারো সাজা হলো। দুর্নীতি দমন কমিশনের কৌঁসুলি মোশাররফ হোসেন কাজল জানিয়েছেন, প্রতিষ্ঠানটির ছয়জন কর্মকর্তাকে ১৩৫১ কোটি টাকা দুর্নীতির দায়ে মানি লণ্ডারিং আইনে সাজা দিয়েছেন আদালত। এর মধ্যে প্রতিষ্ঠানটির ব্যবস্থাপনা পরিচালক মোহাম্মদ মুনতাসীর হোসেন, পরিচালক আরশাদ উল্লাহ এবং জেনারেল ম্যানেজার এএম জামশেদ রহমান এই তিনজন ইতোমধ্যে কারাগারে রয়েছেন। দণ্ডপ্রাপ্ত বাকি তিনজন পলাতক। দুদক ২০১১ সালের ২৫শে জানুয়ারি ইউনিপেটুইউ -এর কর্মকর্তাদের বিরুদ্ধে গ্রাহকদের অর্থ আত্মসাতের অভিযোগে মামলা করে। বাংলাদেশে গত কয়েক বছরে ডেসটিনি ও যুবকসহ আরো কয়েকটি মাল্টি লেভেল মার্কেটিং কোম্পানির বিরুদ্ধে গ্রাহকদের অর্থ আত্মসাতের অভিযোগ উঠেছে। সেসব ঘটনায় একাধিক মামলা হবার পর সেগুলো এখনো বিচারাধীন রয়েছে। মাল্টি লেভেল মার্কেটিং কোম্পানিগুলোর বিরুদ্ধে অভিযোগ, এ প্রতিষ্ঠানগুলো ব্যাংকিং রেজিস্ট্রেশন না নিয়ে শুধুমাত্র সমবায়ের লাইসেন্স দিয়ে ব্যাংক সমতুল্য কিছু কার্যক্রম পরিচালনা করে আসছিল। শুরুতে মাল্টি লেভেল মার্কেটিং প্রতিষ্ঠানগুলো সমবায়ের লাইসেন্স দিয়ে গ্রাহকের কাছ থেকে আমানত সংগ্রহ করতো এবং কখনো তারা ঋণও প্রদান করতো। কিন্তু সমবায়ের লাইসেন্সের আওতায় সেটি করার জন্য তাদের অনুমতি নেই। যদিও সেসময় এ ধরনের কার্যক্রম তদারকি করার মতো লোকবল সমাজ কল্যাণ বা সমবায় অধিদফতরের ছিল না। এ ধরণের কয়েকটি অর্থ কেলেংকারির পরে ২০১৩ সালে সরকার মাল্টি লেভেল মার্কেটিং কার্যক্রম নিয়ন্ত্রণ আইন প্রণয়ন করে। বিবিসি বাংলার আরো খবর: ইজতেমা একটাই হবে, সাদ কান্দালভী আসছেন না মন্দিরে ঢুকে ইতিহাস গড়া নারী বাড়ি থেকে বিতাড়িত নিউইয়র্কে মুসলিমদের বিরুদ্ধে ষড়যন্ত্র: আটক ৪ চীনের যে অস্ত্র নিয়ে উদ্বিগ্ন হতে পারে রাশিয়া ও যুক্তরাষ্ট্র",গ্রাহকের অর্থ আত্মসাতের দায়ে মাল্টি লেভেল মার্কেটিং কোম্পানি ইউনিপেটুইউ-এর চেয়ারম্যান এবং ব্যবস্থাপনা পরিচালকসহ মোট ছয়জন কর্মকর্তাকে ১২ বছরের কারাদণ্ড দিয়েছে ঢাকার একটি আদালত।,বাংলাদেশের একটি আদালত বুধবার দুর্নীতি দমন কমিশনের কাছে মাল্টি লেভেল মার্কেটিং কোম্পানি ইউনিপেটুইউ-এর ছয়জন কর্মকর্তাকে ১৩৫১ কোটি টাকার কারাদণ্ড দিয়েছে।,0.4186046511627907,0.24390243902439024,0.37209302325581395,0.8296865,20,23
বাংলাদেশী টাকা র‍্যাব কর্মকর্তারা বলছেন ঢাকার জুরাইন ও বনশ্রী এলাকা থেকে জালনোটের সাথে জড়িত থাকার অভিযোগে তারা পাঁচজনকে আটক করেছেন। আটককৃতদের মধ্যে একজনকে সাবেক ব্যাংক কর্মী বলা হলেও তার পরিচয় প্রকাশ করা হয়নি। বাংলাদেশ ব্যাংক জাল নোটের প্রচলন বন্ধে নানরকম ব্যবস্থা নিলেও ঈদকে সামনে রেখে জাল টাকা বাজারে ছড়িয়ে দেয়ার চেষ্টা হচ্ছে বলে পুলিশ ধারণা করছে। বাংলাদেশে কুরবানি ঈদের আগে প্রতিবছর এমন জালনোট উদ্ধারের তৎপরতা দেখা যায়। ঢাকা মেট্রোপলিটন পুলিশ ইতোমধ্যেই রাজধানিতে কুরবানির পশুর হাটে জাল টাকা সনাক্তকরণ মেশিন ও অতিরিক্ত অর্থ পরিবহনে বিশেষ মানি স্কট সুবিধা দেয়ার ঘোষণা দিয়েছে।,বাংলাদেশের রাজধানী ঢাকার কয়েকটি এলাকায় অভিযান চালিয়ে এক কোটি টাকার বেশি জাল নোট উদ্ধারের কথা জানিয়েছে র‍্যাব।,বাংলাদেশে ঈদকে সামনে রেখে জাল টাকা বাজারে ছড়িয়ে দেয়ার চেষ্টা করার অভিযোগে পুলিশ পাঁচজনকে আটক করেছে।,0.06060606060606061,0.0,0.06060606060606061,0.6990432,16,17
"বিদ্যুৎ না থাকায় আটকে যায় ট্রেন। ফলে অনেক যাত্রী ট্রেন থেকে নেমে যায়। বিদ্যুৎ কেন্দ্রগুলো বেশ দ্রুততার সাথে ১৫ মিনিটের মধ্যে উৎপাদনে ফিরে আসে। কিন্তু ট্রেন নেটওয়ার্ক সচল হতে কয়েক ঘণ্টার সময় লেগে যায়। বিদ্যুৎ না থাকার কারণে ট্রেন নেটওয়ার্কের সিগন্যাল এবং অভ্যন্তরীণ সিস্টেম ক্ষতিগ্রস্ত হয়। কয়েক ঘণ্টার মধ্যে জাতীয় গ্রিডের বিদ্যুৎ ট্রেন লাইনে ফিরে আসলেও ততক্ষণে যাত্রীরা গরমে অস্থির হয়ে যায়। ট্রেনের ভেতরে দমবন্ধ করা পরিস্থিতির তৈরি হয়। যেসব ট্রেনে এর প্রভাব সবচেয়ে বেশি পড়েছে সেগুলো হচ্ছে জার্মানির তৈরি। ২০১৪ সালে এসব ট্রেন ব্রিটেনের রেল নেটওয়ার্কে যুক্ত করা হয়। বিদ্যুৎ চলে যাবার পর এসব ট্রেন স্বয়ংক্রিয়ভাবে ব্যাটারির সাহায্যে জরুরী সিস্টেম চালু রেখেছে। আরো পড়তে পারেন: শ্রীনগরে হাজার লোকের বিক্ষোভের ছবি বিবিসির হাতে 'আসুন নতুন জম্মু-কাশ্মীর, নতুন লাদাখ' গড়ি: মোদী বিদ্যুৎ থেকে বাসা বাড়িতে আগুন লাগছে কেন? ট্রেন থেকে বের হয়ে হাঁটতে শুরু করেন অনেক যাত্রী। কিন্তু বিদ্যুৎ ফিরে আসার পর ট্রেনগুলো পুনরায় চালু করা এতো সহজ ছিলনা। চালকরা দেখতে পান, কোন কোন ক্ষেত্রে ট্রেনের কম্পিউটার সিস্টেম পুরোপুরি বন্ধ হয়ে গেছে। ফলে সেটি ঠিক করার জন্য টেকনিশিয়ান আনতে হয়েছে। বিদ্যুৎ না থাকার সবচেয়ে নেতিবাচক প্রভাব পড়েছিল কিংস ক্রস স্টেশনে। কয়েক ঘণ্টার জন্য সব ট্রেনের চলাচল বন্ধ হয়ে যায়। একজন যাত্রী বিবিসিকে বলেন, তিনি যে ট্রেনের জন্য অপেক্ষা করছিলেন সেটি এডিনবার্গ থেকে লন্ডনের কিংস ক্রস স্টেশন পর্যন্ত পৌঁছাতে ১৩ ঘণ্টা সময় লেগেছে। সাধারণত এটি পাঁচ ঘণ্টারও কম সময় লাগে। "" মানুষজন নিজেরাই ট্রেন থেকে বের হয়ে যাবার হুমকি দিচ্ছিল। পাঁচ ঘণ্টা আগেই খাবার শেষ হয়ে যায়, "" বলছিলেন সে যাত্রী। বিদ্যুৎ না থাকার সবচেয়ে বড় ধাক্কা লেগেছে ব্রিটেনের পশ্চিমাঞ্চলীয় বিদ্যুৎ বিতরণ এলাকায়। এর ফলে পাঁচ লক্ষ মানুষের উপর প্রভাব পড়েছে। এছাড়া লন্ডন এবং দক্ষিণ-পূর্ব ইংল্যান্ডে তিন লক্ষ মানুষের উপর প্রভাব ফেলেছে বিদ্যুৎ বিপর্যয়। নর্দার্ন পাওয়ার গ্রিড বলছে, বিদ্যুৎ না থাকার কারণে নিউক্যাসেল এয়ারপোর্ট এবং শহরের মেট্রো ব্যবস্থার উপর প্রভাব পড়েছে। এছাড়া উত্তর-পূর্ব লন্ডনে মোবাইল ফোন নেটওয়ার্কও বন্ধ হয়ে যায়। ট্রেনে আটকে পড়া যাত্রীদের জন্য পানি সরবরাহ করা হচ্ছে। কেন বিদ্যুৎ বিপর্যয়? কারিগরি ত্রুটির কারণে বেডফোর্ডশায়ারে একটি গ্যাস-ভিত্তিক বিদ্যুৎ কেন্দ্র শুক্রবার বিকেল ৪:৫৮ মিনিটে বন্ধ হয়ে যায়। এরপর নিউ হর্নসি উপকূলে আরেকটি বায়ু চালিত বিদ্যুৎ কেন্দ্র বিকল হয়ে যায়। সে বিদ্যুৎ কেন্দ্রটির টারবাইন ঘুরতে থাকলে সেখানকার বিদ্যুৎ জাতীয় গ্রিডে আসছিলো না। প্রায় একই সময়ে দুটো বিদ্যুৎ কেন্দ্র বন্ধ হয়ে যায়। এটিকে বেশ বিরল ঘটনা বলে উল্লেখ করেন জ্বালানী বিশেষজ্ঞ ডেভিড হান্টার। তিনি বলেন, তদন্ত করলে হয়তো দেখা যেতে পারে যে একটির সাথে আরেকটির কোন সম্পর্ক নেই এবং ঘটনাটি কাকতালীয়। বায়ু-চালিত বিদ্যুৎ কেন্দ্র কি দায়ী? কিংস ক্রস স্টেশনের সকল কার্যক্রম বন্ধ হয়ে যায়। যেদিন বিদ্যুৎ কেন্দ্রটিতে বিপর্যয় ঘটে সেদিন বেশ বাতাস ছিল। ব্রিটেনের জাতীয় গ্রিডের পরিচালক ডানকান বার্ট বলেন, বিদ্যুৎ কেন্দ্রটি বন্ধ হয়ে যাবার সাথে বাতাসের বেগ পরিবর্তনের কোন সম্পর্ক নেই। বিশেষজ্ঞরা বলছেন, নবায়নযোগ্য জ্বালানী - যেমন বায়ু-চালিত বিদ্যুৎ কেন্দ্র - জাতীয় গ্রিডের জন্য সমস্যা তৈরি করতে পারে। মি: হান্টার বলেন, ""গ্যাস এবং কয়লা-ভিত্তিক বিদ্যুৎ কেন্দ্রের অধিকতর সুবিধা আছে। যখন একটি বিচ্ছিন্ন হয়ে যায়, তখন আরেকটি সে ঘাটতি পূরণ করে।"" সেক্ষেত্রে বায়ু-চালিত বিদ্যুৎ কেন্দ্র ততটা কার্যকরী নয়। তিনি বলেন, জাতীয় গ্রিড এমনভাবে ডিজাইন করা হয়েছে যাতে নবায়নযোগ্য জ্বালানীর সাথে বেশি করে খাপ খাইয়ে নিতে পারে। কিন্তু শুক্রবারের বিদ্যুৎ বিপর্যয়ের সাথে এর কোন সম্পর্ক আছে কিনা সেটি এখনো বলার সময় আসেনি। জাতীয় গ্রিডের কিছু অংশ কেন বন্ধ হলো? ব্রিটেনের জাতীয় গ্রিডে বিদ্যুতের প্রবাহ সবসময় থাকতে হয় ৫০ হার্টস। যখন যোগান কমে যায় এবং চাহিদা বাড়ে, তখন বিদ্যুতের প্রবাহ ৪৮.৯ হার্টসে নেমে আসে। এটা গ্রহণযোগ্য মাত্রার চেয়ে অনেক নিচে। মি: হান্টার বলেন, এ পরিস্থিতি বিপদজনক হতে পারে। এর ফলে ব্রিটেনের বিদ্যুৎ অবকাঠামোগত ক্ষতি হতে পারে।",ব্রিটেনে দুটো বিদ্যুৎ কেন্দ্র ন্যাশনাল গ্রিড থেকে ১৫ মিনিটের জন্য বিচ্ছিন্ন হয়ে যাবার পর হাজার-হাজার ট্রেন যাত্রী আটকা পড়ে। কারণ ট্রেনগুলো বিদ্যুৎ চালিত।,ব্রিটেনের জাতীয় গ্রিডের বিদ্যুৎ কেন্দ্রগুলো চলে যাবার কারণে ট্রেনের চলাচল বন্ধ হয়ে যায়।,0.16666666666666669,0.0,0.1111111111111111,0.7777357,13,23
"দিল্লি বিশ্ববিদ্যালয়: হিন্দুত্ব বিরোধী বই বাদ দেয়া হচ্ছে ওই বইগুলি পরিচিতভাবেই 'হিন্দুত্ব-বিরোধী'। এরমধ্যে তিনটি বইয়েরই রচয়িতা দলিত-চিন্তাবিদ কাঞ্ছা ইলাইয়া। বইগুলির মধ্যে রয়েছে তাঁর লেখা 'হোয়াই আই অ্যাম নট আ হিন্দু' বা 'কেন আমি হিন্দু নই' বইটিও। দিল্লি বিশ্ববিদ্যালয় আগামী শিক্ষাবর্ষ থেকে তাদের পাঠ্যক্রম নতুন ভাবে তৈরী করতে চলেছে। তারই অঙ্গ হিসাবে দীর্ঘদিন ধরে রাষ্ট্রবিজ্ঞানের এম এ ক্লাসের ছাত্রছাত্রীদের পড়তে বলা হয়, এমন চারটি বই তালিকা থেকে সরিয়ে দেওয়ার প্রক্রিয়া শুরু করেছে ওই বিশ্ববিদ্যালয়। এই বইগুলির মধ্যে রয়েছে দলিত লেখক, অধ্যাপক কাঞ্ছা ইলাইয়ার লেখা তিনটি বই - 'হোয়াই আই অ্যাম নট আ হিন্দু', 'বুদ্ধিজম - চ্যালেঞ্জ টু ব্রাহ্মিনিজম' এবং 'পোস্ট-হিন্দু ইন্ডিয়া'। এছাড়াও ক্রিস্টোফার জেফারলেটের লেখা 'মিলিশিয়াজ অফ হিন্দুত্ব' বইটিকেও পাঠ্যক্রম থেকে বাদ দেওয়ার পরিকল্পনা নেওয়া হয়েছে। দিন কয়েক আগে বিশ্ববিদ্যালয়ের স্ট্যান্ডিং কমিটি অন অ্যাকাডেমিক ম্যাটার্স-এর বৈঠকেই ওই চারটি বই নিয়ে প্রশ্ন তোলেন কয়েকজন সদস্য। ওই কমিটির সদস্য অধ্যাপক গীতা ভাট বিবিসিকে বলছিলেন কেন তাঁরা এই চারটি বইকে বাদ দিতে চাইছেন মিজ ভাটের কথায়, ""বইগুলি নিয়ে আপত্তির মূল কারণ হল : এগুলোর মধ্যে যথেষ্ট গবেষণালব্ধ উপাদান নেই, তথ্যেরও অভাব রয়েছে। এইসব বইগুলি ছাত্রছাত্রীদের পড়ানোটা অ্যাকাডেমিক দিক থেকে বিচার করলে অনুচিত। তাদের মধ্যে ভেদাভেদের মনোভাব তৈরী হবে।"" অধ্যাপক গীতা ভাট আরও ব্যাখ্যা করছিলেন, 'হোয়াই আই অ্যাম নট আ হিন্দু' বইটিতে কাঞ্ছা ইলাইয়া লিখেছেন, 'গেরুয়া ঝান্ডা আর কপালে তিলক আমার কাছে পীড়াদায়ক', কোথাও লিখেছেন 'হিন্দুত্ববাদী শক্তি মুসলমান আর খ্রীস্টানদের ঘৃণা করে'। অধ্যাপক গীতা ভাট মনে করেন, এগুলো কাঞ্ছা ইলাইয়ার নিজের মতামত - এগুলো লেখার পেছনে কোনও যুক্তি বা গবেষণালব্ধ জ্ঞান নেই। অধ্যাপক কাঞ্ছা ইলাইয়া দীর্ঘদিন পাঠ্যক্রমে থাকা তাঁর বইগুলি বাদ দেওয়ার ব্যাপারে কী বলছেন অধ্যাপক কাঞ্ছা ইলাইয়া? কাঞ্ছা ইলাইয়া বলেন, ""আমার ওইসব বইগুলি শুধু দিল্লি বিশ্ববিদ্যালয়ে যে পড়ানো হচ্ছে অনেকদিন ধরে, তা নয়। দেশের সেরা বিশ্ববিদ্যালয় - জে এন ইউ থেকে শুরু করে অনেক নামী-দামী পশ্চিমা বিশ্ববিদ্যালয়তেও এগুলো পড়ানো হয়।"" ""বইগুলিতে আসলে বিজেপি-আর এস এসের দর্শনকে চ্যালেঞ্জ জানানো হয়েছে, সেইজন্যই এখন তাঁর বইগুলোকে পাঠক্রম থেকে বাদ দেওয়া হচ্ছে। মতামতের বহুত্ব না থাক, সেটাই চায় বিজেপি,"" বলছিলেন কাঞ্ছা ইলাইয়া। বিজেপি নেতৃত্বাধীন সরকার ক্ষমতায় আসার পর থেকেই যে শিক্ষাক্ষেত্রে নিজেদের মত চালাতে চাইছে তারা, সেটাই বলছিলেন কলকাতার প্রেসিডেন্সি কলেজের অবসরপ্রাপ্ত অধ্যক্ষ অমল মুখোপাধ্যায়। তাঁর কথায়, ""যে কোনও ধরণের মতামত প্রকাশের আর সেগুলো পড়ার স্বাধীনতার নামই তো গণতন্ত্র। কোনও বিশ্ববিদ্যালয় কেন কোনও বিশেষ বই বাতিল করবে? গত ৫০ বছরে এ ঘটনা কখনও হয় নি, যা এখন শুরু হয়েছে বিজেপি আসার পর থেকে। তারা সব ক্ষেত্রে সেই সব লোক বেছে বেছে নিয়োগ করছে, যারা তাদের হিন্দুত্ববাদের স্বপক্ষে সওয়াল করবে। এটা অত্যন্ত দুর্ভাগ্যজনক, অবাঞ্ছনীয়।"" অধ্যাপক গীতা ভাট এবং ওই কমিটির আরেক সদস্য অধ্যাপক হংসরাজ সুমন যদিও এইসব অভিযোগ খন্ডন করছেন। তারা দুজনেই বলছেন, ওই কয়েকটি বই পাঠ্যক্রম থেকে বাদ দেওয়ার জন্য বাইরে থেকে কোনও চাপ আসে নি। বিশ্ববিদ্যালয় সম্পূর্ণ স্বায়ত্বশাসিত সংস্থা- তারা নিজেরাই সিদ্ধান্ত নিয়েছেন এই ব্যাপারে।",ভারতের দিল্লি বিশ্ববিদ্যালয় তাদের পাঠ্যক্রম থেকে কয়েকটি বই বাদ দিতে চলেছে।,"ভারতের রাজধানী দিল্লিতে রাষ্ট্রবিজ্ঞানের এম এ ক্লাস থেকে ছাত্রছাত্রীদের পড়তে বলা হয়েছে, এমন চারটি বইকে বাদ দেওয়ার পরিকল্পনা নিয়েছে দিল্লি বিশ্ববিদ্যালয়।",0.25,0.0,0.18749999999999997,0.7612824,21,11
"ফেসবুকে প্রকাশ করা আবরার ফাহাদের একটি সেলফি চকবাজার থানার ভারপ্রাপ্ত কর্মকর্তা মোঃ. সোহরাব হোসেন জানিয়েছেন গ্রেফতার সবাইকে ডিবি অফিসে রাখা হয়েছে। তাদের আদালতে প্রেরণের প্রস্তুতি চলছে বলে জানিয়েছেন তিনি। বুয়েট ছাত্রলীগের বেশ কজনকে বহিষ্কার করেছে সংগঠনটি। আবরারের বাবা গতরাতে এই ঘটনায় চকবাজার থানায় যে মামলা করেছেন তাতে ১৯ জনকে আসামী দেখানো হয়েছে। যারা সবাই শেরেবাংলা হলেরই ছাত্র। আবরারের মরদেহ দাফনের জন্য কুষ্টিয়ায় তার বাড়িতে পৌঁছেছে। ঐ ছাত্রকে পিটিয়ে হত্যা করা হয়েছে, জানিয়েছেন ঢাকা মেট্রোপলিটন পুলিশের অতিরিক্ত পুলিশ কমিশনার কৃষ্ণপদ রায়। নিহত ছাত্রের নাম আবরার ফাহাদ। তিনি ইলেকট্রিকাল অ্যান্ড ইলেকট্রনিক্স ইঞ্জিনিয়ারিং বিভাগের দ্বিতীয় বর্ষের ছাত্র ছিলেন বলে পুলিশ জানিয়েছে। চকবাজার থানার ভারপ্রাপ্ত কমকর্তা মোহাম্মদ সোহরাব হোসেন বিবিসিকে জানান, সোমবার ভোরে শেরে বাংলা হলের সিঁড়ি থেকে একজন ছাত্রের মরদেহ উদ্ধার করে তারা। সোহরাব হোসেন জানান, ""আমরা ধারণা করছি রাত দুইটা থেকে আড়াইটার দিকে হত্যার ঘটনা ঘটেছে। আমরা মরদেহ উদ্ধার করেছি ভোরে।"" বুয়েটে ছাত্র হত্যার ঘটনায় দুইজনকে আটক করা হয়েছে বলে নিশ্চিত করেছে পুলিশ মি. সোহরাব হোসেন জানান, নিহতের পায়ের উপরে আঘাতের চিহ্ন ছিল। ঐ ছাত্র মারা যাওয়ার ঘটনার সাথে জড়িত থাকার সন্দেহে শুরুতে বুয়েটের ছাত্রলীগের দুই নেতাকে আটক করা হয় বলে বিবিসি বাংলাকে নিশ্চিত করেন সোহরাব হোসেন। ""বুয়েট ছাত্রলীগের সাধারণ সম্পাদক রাসেল এবং যুগ্ম সম্পাদক ফুয়াদকে আটক করা হয়েছে"",জানান মি. হোসেন। এর কিছুক্ষণ পর হল থেকে বুয়েট ছাত্রলীগের তথ্য ও গবেষণা বিষয়ক সম্পাদক অনিক সরকার এবং ক্রীড়া সম্পাদক মিফতাহুলইসলাম জিয়নকে আটকের তথ্য নিশ্চিত করেন মি. হোসেন। মি. হোসেন জানান পরবর্তীতে ডিবি পুলিশ হল থেকে আরো দু'জনকে আটক করে, কিন্তু ঐ দু'জনের পরিচয় সম্পর্কে নিশ্চিত হওয়া যায়নি। প্রকৌশল বিশ্ববিদ্যালয়ের ক্যাফেটেরিয়া নাম প্রকাশে অনিচ্ছুক শেরে বাংলা হলের এক ছাত্র - যিনি আবরারের সাথে এই বর্ষে অধ্যয়নরত ছিলেন - বিবিসিকে জানান রবিবার সন্ধ্যা সাতটার দিকে একই বর্ষের কয়েকজন ছাত্র আবরারকে ডেকে নিয়ে যান। এরপর আনুমানিক রাত ২টার দিকে সিঁড়িতে আবরারকে পড়ে থাকতে দেখেন তারা। সেসময় তার শরীরে বেশকিছু আঘাতের চিহ্ন ছিল বলে জানান তিনি। শিক্ষার্থী নিহত হওয়ার ঘটনা ছড়িয়ে পড়লে বিশ্ববিদ্যালয়টির শিক্ষার্থীরা ক্যাম্পাসে জড়ো হয়ে বিক্ষোভ প্রকাশ করে। আবাসিক হলের ভেতরে হত্যার ঘটনা ঘটায় সাধারণ শিক্ষার্থীদের অনেকেই নিজেদের নিরাপত্তা নিয়ে আশঙ্কা প্রকাশ করে। এদিকে ঢাকা বিশ্ববিদ্যালয় ক্যাম্পাসেও শিক্ষার্থীদের বিক্ষোভের খবর পাওয়া গিয়েছে। আরো পড়তে পারেন: 'বাংলাদেশের উপকূলে ভারতীয় রেডার ব্যবস্থার লক্ষ্য চীন' দুর্গাপূজা: নারীরা যেখানে কাঁধে তুলে নেয় ঢাক যুবলীগ নেতা সম্রাট যেভাবে ক্ষমতাশালী হয়ে উঠলেন",সোমবার রাতে বাংলাদেশ প্রকৌশল বিশ্ববিদ্যালয়ের শেরেবাংলা হলে এক ছাত্রকে পিটিয়ে হত্যার ঘটনায় এখনো পর্যন্ত ১০ জনকে গ্রেফতার করেছে পুলিশ। এর মধ্যে বেশিরভাগই বুয়েটে ছাত্রলীগের নেতা।,বাংলাদেশ প্রকৌশল বিশ্ববিদ্যালয় বা বুয়েটে একজন ছাত্রকে পিটিয়ে হত্যা করার ঘটনায় চকবাজার থানায় আরো ১৯ জনকে গ্রেফতার করেছে পুলিশ।,0.45454545454545453,0.2380952380952381,0.40909090909090906,0.83658415,19,25
"বাংলাদেশে ২য় ঢেউয়ে আক্রান্ত এবং মৃত্যু বেড়েছে সংক্রমণ এবং মৃত্যু বেড়ে যাওয়ায় আক্রান্তদের সেবাদানের ক্ষেত্রে মারাত্মক চাপ সৃষ্টি হয়েছে বলে জানাচ্ছেন স্বাস্থ্যকর্মীরাও। সাধারণত রোগী সুস্থ্য হলে অথবা মৃত্যু বরণ করলেই যেহেতু কোনো একটি আইসিইউ বেড খালি হয় তাই রোগী বাড়তে থাকায় আইসিইইউ সংকট আরো ঘনীভূত হচ্ছে । অবশ্য স্বাস্থ্য অধিদপ্তরের ১৫ই এপ্রিলের বুলেটিনের তথ্যে বলা হয়েছে সারাদেশে সর্বমোট ৮২৫টি আইসিইউ সজ্জার মধ্যে ৬৫২টিতে রোগী ভর্তি আছে এবং খালি আছে ১৭৩টি আইসিইউ বেড। যদিও আক্রান্তদের স্বজনরা অনেকেই বলছেন, ঢাকায় করোনাভাইরাসে আক্রান্ত কোনো রোগীর জন্য প্রয়োজন হলেই একটা আইসিইউ সজ্জা পাওয়া যে কারো জন্যই কঠিন ব্যাপার হয়ে দাঁড়িয়েছে। সাধারণ মানুষ বা মধ্যবিত্ত, যারা সরকারি হাসপাতালের আইসিইউ বেড খোঁজেন তাদের জন্য এ সংকট আরো প্রকট বলেই ধারণা পাওয়া যাচ্ছে। রোগীর চাপ বেড়ে যাওয়ায় স্বাস্থ্যকর্মীদেরও সেবা দিতে বেগ পেতে হচ্ছে ঢাকার ইব্রাহীম মজিদ নামের এক ব্যক্তি জানান, তিন দিন আগে তার মায়ের জন্য একটি আইসিইউ সজ্জা জোগাড় করতে সরকারি বেসরকারি প্রায় ৫০টি হাসপাতালে যোগাযোগ করতে হয়েছে। পরিবার, বন্ধু-বান্ধবের সহযোগিতায় প্রায় সাত ঘণ্টার চেষ্টায় একটি বেসরকারি হাসপাতালে আইসিইউ সজ্জার ব্যবস্থা হয়। বিবিসি বাংলাকে মি. মজিদ বলেন, সাধারণ মানুষের জন্য এ এক বিরাট সংকট। ""আমার মা কুর্মিটোলা হাসপাতালে ভর্তি ছিলেন কিন্তু অক্সিজেন লেভেল অনেক কমে যাওয়ায় তার আইসিইউ প্রয়োজন হয়। ডাক্তার এসে যখন বলে যে তার আইসিইউ প্রয়োজন কিন্তু ওখানে খালি নেই তখন বিভিন্ন জায়গায় কল দেয়া হয়। সরাসরি কয়েকটি হাসপাতালে গিয়েও খোঁজ করা হয়, কিন্তু সাথে সাথে কোথাও পাওয়া যাচ্ছিল না।"" বলেন মি. মজিদ। আরো পড়তে পারেন: হাসপাতালে করোনায় মৃত্যুর সংখ্যা কেন বাড়ছে হাসপাতালে বেড বসানোর এক ইঞ্চি জায়গাও নেই: স্বাস্থ্যমন্ত্রী বাংলাদেশে করোনাভাইরাস আক্রান্ত রোগীদের আইসিইউ'র জন্য হাহাকার ওই সময়ের অসহায়ত্ব তুলে ধরে মি. মজিদ বলেন, তখন পরিবারের সদস্যরা এবং বন্ধুবান্ধবের মাধ্যমে সরকারি বেসরকারি হাসপাতালে ফোন করা হয়। প্রায় সাত ঘণ্টার চেষ্টায় তারা একটি বেসরকারি হাসপাতালে আইসিইইউ বেড পেয়ে সেখানে তার মা'কে ভর্তি করেন। ""কোথাও ম্যানেজ হয় না, কোথায় পাওয়া যায় না। কিছু জায়গা আছে হ্যা আইসিইউ আছে কিন্তু সেন্ট্রাল অক্সিজেন বা সার্বক্ষণিক পর্যাপ্ত অক্সিজেনের ব্যবস্থা নেই। পরে অনেক খোঁজাখুজির পর একটা পাই সেখানে ভর্তি করি। পরে কথা বলে জেনেছি অ্যাপ্রক্সিমেটলি ৫০টার মতো হাসপাতালে যোগাযোগ করা হয়েছিল।"" বাংলাদেশে এখন সংক্রমণ হার ২০ শতাংশের ওপরে। প্রতিদিন ৫ হাজারের বেশি রোগি সনাক্ত হচ্ছে। অনেকের জন্যই হাসপাতালে হাই ফ্লো অক্সিজেন সুবিধা প্রয়োজন হচ্ছে কিন্তু পাওয়া সহজ নয়। ঢাকার একটি বেসরকারি হাসপাতালের একজন সেবিকা রুমানা খাতুন বলেন ""আমি যে কেবিনে ডিউটি করতেছি সেখানে ৩০টা বেড আছে। ৩০টা বেডেই হচ্ছে কন্টিনিউ রোগী থাকতেছে। এখন হচ্ছে কমতেছে না রোগী"" তিনি আরো বলেন ""এই বাড়তি রোগীর কারণে আমাদের নার্সদেরও বেশ চাপের মধ্য পড়তে হয়েছে। এটাও বাস্তবতা যে বেড খালি না থাকায় অনেক সময় নতুন রোগী আসলে ফিরিয়েও দেয়া হচ্ছে""। ভাইরাসের নতুন ভ্যারিয়ান্ট আক্রান্তদের ফুসফুসে দ্রুত ক্ষতি করছে এরই মধ্যে বাংলাদেশে করোনাভাইরাস সংক্রমণে মৃত্যু দশ হাজার ছাড়িয়ে গেছে। শুধু এপ্রিল মাসের পনের দিনেই এক হাজারের বেশি রোগীর মৃত্যু হয়েছে। দক্ষিণ আফ্রিকা, যুক্তরাজ্যসহ ভাইরাসের নতুন কয়েকটি ভ্যারিয়ান্ট ছড়িয়ে পড়ায় অনেক বেশি রোগী হাসপাতালে অক্সিজেন এমনকি আইসিইউ সুবিধার প্রয়োজন পড়ছে বলেও জানা যাচ্ছে। কোভিড ডেডিকেডেট একটি সরকারি হাসপাতালের সিনিয়র স্টাফ নার্স ইশান জাহান বলেন ""এখনকার অবস্থায় যেটা হচ্ছে। রোগীর অক্সিজেন স্যাচুরেশন লেভেল ভাল আছে, কথা বলছে এরকম অবস্থায় হঠাৎ করে রোগী বলছে যে আমার শ্বাসকষ্ট হচ্ছে""। ""এমনক্ষেত্রে শ্বাসকষ্টের ট্রিটমেন্ট শুরু করার সুযোগও অনেক সময়ও অনেক রোগী দিচ্ছেন না। অল্প সময়ের মধ্যে রোগীর অবস্থা খারাপ হয়ে যাচ্ছে। অনেক ক্ষেত্রে দুর্ভাগ্যজনকভাবে দেখা যাচ্ছে মারাও যাচ্ছে"" বলেন তিনি। এদিকে পরিস্থিতি নিয়ন্ত্রণে সরকার কঠোর বিধিনিষেধ দিলেও প্রথম সপ্তাহে একেবারেই ঢিলেঢালাভাবে সেটি পালিত হয়েছে। ২য় দফায় সর্বাত্মক লকডাউনের শুরুতে কঠোরতা দেখা যাচ্ছে তবে পরিস্থিতি যে কতটা ভয়াবহ সেটি সাধারণ মানুষ এখনো অনুধাবন করতে পারছেন না। স্বাস্থ্যকর্মী ইশান জাহান বলছিলেন ""আসলে এটা খুবই দুঃখজনক যে সাধারণ মানুষ বুঝতেই পারছেন না যে পরিস্থিতি কতটা ভয়ানক। যখন একজন রোগী নিয়ে হাসপাতালে যান তখন সেই ব্যক্তিটাই বুঝেন যে, হাসপাতালের একটা সিট পাওয়ার জন্য, একটা অক্সিজেনের সিলিন্ডারের জন্য, একটা আইসিইউ বেডের জন্য কী পরিমাণ হাহাকার চলছে""। বিবিসি বাংলায় আরো পড়ুন: 'আমরা যুদ্ধে জিতেছি, হেরেছে আমেরিকানরা' হেফাজতের কর্মসূচিতে সহিংসতা: বিরোধীদলগুলোর ওপর 'ক্র্যাকডাউনের' অভিযোগ বিএনপির খালেদা জিয়ার জ্বর, ফুসফুসে সংক্রমণ ন্যূনতম‍: চিকিৎসক হাসপাতালে করোনায় মৃত্যুর সংখ্যা কেন বাড়ছে",করোনাভাইরাস মহামারির ২য় ঢেউয়ে বাংলাদেশে অনেকের জন্যই হাসপাতালে ভর্তি এবং সুচিকিৎসা পেতে এক প্রকার হাহাকার পরিস্থিতি সৃষ্টি হয়েছে বলে জানাচ্ছেন রোগীর স্বজনরা।,বাংলাদেশে করোনাভাইরাসের দ্বিতীয় ঢেউয়ে আক্রান্ত এবং মৃত্যু বেড়েছে।,0.19999999999999998,0.0,0.13333333333333333,0.73349524,8,22
"ঈদে কোলাকোলি করছে দুই শিশু। ঈদ বা বিশেষ অনুষ্ঠান উপলক্ষে ছোটরা তাদের বড়দের সালাম বা কদমবুসি করে। এসময় বড়রা ছোটদের কিছু টাকা উপহার হিসেবে দিয়ে থাকেন। এটাই সালামি। তবে সালামির এই চল আগের চাইতে এখন অনেক বদলে গেছে বলে মনে করেন বেসরকারি প্রতিষ্ঠানের কর্মকর্তা তৈয়বা হায়দার। ""আমাদের সময় সালামি পেতো কেবল ছোট বাচ্চারা। তখন শিশুরা তাদের এই সালামির টাকা দিয়ে কিছু কিনে খেতো বা কিনতো। এখন কেউ এক বছর এমনকি এক দিনের ছোটবড় হলেই সালামি আদায় করে। "" আরও পড়তে পারেন: ফেসবুকে-মোবাইলে ঈদ শুভেচ্ছা, কতটা আন্তরিক? ‘রমজানের ঐ রোজার শেষে’ গান জনপ্রিয় কিভাবে হল? মুসলিম বিশ্বে ঈদুল ফিতরের দিনে জনপ্রিয় কিছু খাবার অন্যদিকে আয়েশা সিদ্দিকা জানান সালামি আগে আবদারের জায়গায় থাকলেও এখন সেটি গুরুত্বপূর্ণ আনুষ্ঠানিকতার বিষয় হয়ে দাঁড়িয়েছে। ""সত্তর আশির দশকে আমরা যখন ছোট ছি লাম তখন মামা চাচারা দুই টাকা সালামি দিতেন। কিন্তু এখন সালামিটা ফর্মালিটির বিষয় হয়ে দাঁড়িয়েছে। সবাইকেই দিতে হয়। এজন্য ঈদে যেমন ড্রেসের-বাজারের যেমন বাজেট রাখতে হয়। তেমনি সালামির বাজেটও আলাদা থাকে। আমরা ছোট থাকতে বড়দের এতো চিন্তা ছিল না।"" সালামি এখন আর শুধু পরিবারের সদস্য বা নির্দিষ্ট বয়স সীমার মধ্যে আটকে নেই। এখন বিভিন্ন অফিসের কর্মকর্তা কর্মচারীরাও আনন্দের সাথে সালামি আদান প্রদান করে থাকেন। নাদিয়া হক একটি বেসরকারি ব্যাংকে কাজ করেন। তার অফিসে ঈদের বন্ধের আগে চলে সালামি আদান প্রদান। এই অভিজ্ঞতা তার কাছে একদমই নতুন। ""আমি প্রায় ১৫ বছরের ক্যারিয়ারে বিভিন্ন অফিসে কাজ করেছি। কিন্তু কোন অফিসেই ঈদের সালামি দেয়া-নেয়া এভাবে দেখিনি। গত কয়েক বছরই দেখছি। জুনিয়র সহকর্মীরা বেশ আবদার করে সালামি চান। আমার সিনিয়ররা আমাদের দেন। কিন্তু আগে অফিসে এমনটা দেখিনি। সালামিটা শুধু বাসাতেই ছিল।"" আরো পড়ুন: চাঁদ দেখা গেছে, বাংলাদেশে ঈদ বুধবারই হবে ক্রিকেট বিশ্বকাপ ২০১৯: লন্ডনে যেমন ঈদ কাটালেন ক্রিকেটাররা ঈদের ছুটিতে ব্যাংক, বুথ, কার্ড কতটা নিরাপদ? ঈদকে ঘিরে শিশুদের মধ্যে আনন্দ বেশি দেখা যায়। সালামির বৈশিষ্ট্য হল টাকার অংক যাই হোক না কেন, সেটা চকচকে নতুন নোট হতে হবে। ঈদকে ঘিরে এই বাড়তি নতুন নোটের চাহিদা থাকায় বাংলাদেশ ব্যাংক এবার সাড়ে সাত হাজার কোটি টাকার নতুন নোট বাজারে ছাড়ার প্রস্তুতি নিয়েছে। সালামি যে শুধু ঈদে দেয়া হয়, তা নয়। আকিকা, জন্মদিন, প্রথম শিশুর মুখ দেখা বা নতুন বর বউকে দেখতে এসেও অনেকে সালামি দিয়ে থাকেন। তাই এর সঙ্গে ধর্মীয় বিধির কোন সম্পৃক্ততা নেই। বিষয়ই কেবলই সামাজিক একটি প্রথাই বলছেন বিশেষজ্ঞরা। তবে ঠিক কবে থেকে আমাদের দেশে এটা পালন হচ্ছে সেটা নিয়ে সঠিক কোন ইতিহাস নেই। ঢাকা বিশ্ববিদ্যালয়ের বিশ্ব ধর্ম ও সংস্কৃতি বিভাগের সহযোগী অধ্যাপক ইভা সাদিয়া সা'দ জানান, উপমহাদেশে এই অর্থ উপহারের প্রথা যুগ যুগ ধরে চলে আসছে। সেটার পথ ধরেই এই সালামি প্রথা এসেছে বলে তার ধারণা। যেন শিশুরা বিশেষ দিনটিতে তার নিজের টাকা খরচের স্বাধীনতা পায়। মিজ সা'দ বলেন, ""সালামি নামটাই তো এসেছে সালামি থেকে। আর এটা পায়ে হাত দিয়ে সালামকে বোঝায়। আর কদমবুসি হল উপমহাদেশীয় সংস্কৃতি। মধ্যপ্রাচ্যে বা মুসলিম আরব দেশ-গুলোয় কিন্তু পায়ে হাত দিয়ে সালামের প্রথা নেই।"" বিবিসি বাংলার অন্যান্য খবর: পৃথিবীর সবচেয়ে গরম জায়গা এখন রাজস্থানের চুরু কী ধরণের পুরুষ পছন্দ বাংলাদেশের মেয়েদের? আড়ং বন্ধের পর বদলি নাটক, সামাজিক মাধ্যম সরগরম তিয়েনআনমেন স্কোয়ার: কি ঘটেছিল ৩০ বছর আগে? ঈদের দিনে একটি ছেলে বুদবুদ উড়িয়ে আনন্দ করছে। আগের চাইতে সালামির ধরণেও পরিবর্তন এসেছে বলে উল্লেখ করেন মিজ সা'দ। দেশের মাথাপিছু আয়, জীবন যাত্রার মান উন্নত হওয়ায় সালামির পরিমাণে বড় ধরণের পরিবর্তন এসেছে বলে তিনি মনে করেন। ঈদের আনন্দ সবচেয়ে রেখাপাত করে শিশু-কিশোরদের মধ্যে। আর সালামি এতে যোগ করে নতুন মাত্রা। সালামির অংক যাই হোক। সেটা হাতে পাওয়া তারপর কে কতো পেলো সেটার হিসাব করা আর সেই অর্থ দিয়ে কিছু খাওয়া বা কেনাকাটার মধ্যেই যেন থাকে ঈদের আনন্দ।",ঈদে আনন্দ উৎসবের অন্যতম অনুষঙ্গ জুড়ে আছে সালামি বা ঈদি। ঈদকে ঘিরে কয়েক ধরেই চলে এই সালামি দেয়া নেয়ার পালা।,বাংলাদেশে ঈদুল ফিতরের দিনগুলোতে সালামির চল আগের চাইতে অনেক বদলে গেছে বলে মনে করেন বেসরকারি কর্মকর্তা ও কর্মচারীরা।,0.0,0.0,0.0,0.690351,18,20
"লা লিগার খেলা দেখা যাবে ফেসবুকে সামাজিক যোগাযোগের এই মাধ্যমটি একটি বিশেষ চুক্তি স্বাক্ষর করেছে যার ফলে লা লিগার পরবর্তী তিনটি সিজনের প্রতিটি খেলা সরাসরি দেখা যাকে ফেসবুকের মাধ্যমে। এই খেলা ভারত, আফগানিস্তান, বাংলাদেশ, ভুটান, নেপাল, মালদ্বীপ, শ্রীলংকা এবং পাকিস্তান থেকে দেখা যাবে। এর স্বত্বাধিকার আগে ছিল সনি পিকচারস নেটওয়ার্কের। ভারতেই রয়েছে ফেসবুকের ২৭০ মিলিয়ন ব্যবহারকারী তবে এই চুক্তির শর্তাবলী কী সেগুলো প্রকাশ করা হয়নি। এই অঞ্চলে ফেসবুকের ৩৪৮ মিলিয়ন ব্যবহারকারী রয়েছে, তার মধ্যে ভারতেই আছে ২৭০ মিলিয়ন। এটাই ফেসবুক এবং টেক ইন্ডাস্ট্রির সাথে সর্বশেষ পদক্ষেপ। এখানে বিশাল অংকের অর্থের বিনিয়োগ রয়েছে উদীয়মান এই লাইভ স্ট্রিমিং সার্ভিসের জন্য। মার্কিন যুক্তরাষ্ট্রের দর্শকের জন্য ইতোমধ্যেই বেসবলের বড় খেলাগুলো দেখাচ্ছে ফেসবুক। যার প্রতিটি খেলার মূল্য ১০ লক্ষ ডলার। ফেসবুকের গ্লোবাল লাইভ স্পোর্টস এর পরিচালক রয়টারর্সকে বলেছেন, লা লিগার স্ট্রিমিং প্রথমে কোন বিজ্ঞাপন ছাড়াই যাবে। কিন্তু বিবেচনা করা হচ্ছে ভবিষ্যতে কিভাবে আরো ভালো করে বাস্তবায়ন করা যায়। পিটার হুটন এই নিউজ এজেন্সিকে বলেন ""এটা একটা চুক্তি""। তিনি আরো বলেন, ""এটা এমন নয় যে ব্রডকাস্ট ওয়ার্ল্ডের জন্য এটা একটা বড় হুমকি""। ফেসবুক লা লিগা চুক্তি গ্লোবাল ট্রেন্ডের একটা অংশ। বিবিসি বাংলায় আরো পড়ুন: ‘কোটা বাতিল আমাদের দাবীর সাথে সম্পূর্ণ সাংঘর্ষিক’ কেনিয়ার নারীবেশী পুরুষদের গোপন জীবন কীভাবে গড়ে তুলবেন, ধরে রাখবেন দু'জনের সম্পর্ক? এক বছরে রোহিঙ্গা প্রত্যাবাসন কতটা এগিয়েছে?",বাংলাদেশসহ দক্ষিণ এশিয়ার দেশগুলোর মানুষ এখন থেকে ফেসবুকের মাধ্যমে স্প্যানিশ ফুটবল লা লিগার খেলা দেখতে পারবেন।,লা লিগার পরবর্তী তিনটি সিজনের খেলা সরাসরি দেখা যাবে ফেসবুকে।,0.23076923076923075,0.08333333333333334,0.23076923076923075,0.74641323,10,16
"ক্রাইস্টচার্চে মসজিদে হামলার অভিযোগে প্রধান সন্দেহভাজন হিসেবে ব্রেন্টন টারান্টকে আদালতে হাজির করা হয়েছে শনিবার ২৮ বছর বয়সী ব্রেন্টন টারান্ট গায়ে সাদা রং-এর কয়েদীদের শার্ট এবং হাতে হ্যান্ডকাফ বাধা অবস্থায় হাজির করা হয়। তার বিরুদ্ধে আরও অভিযোগ আনা হবে বলে ধারণা করা হচ্ছে। এর আগে দেশটির প্রধানমন্ত্রী জাসিন্ডা আর্ডেন বলেন, এই হামলা ছিল একটি উগ্র-সন্ত্রাসবাদী হামলা এবং প্রধান সন্দেহভাজন হামলাকারীর আগ্নেয়াস্ত্রের লাইসেন্স ছিল। জাসিন্ডা আর্ডেন আরও জানান, ওই ব্যক্তি ছাড়া আরও দুজন পুলিশের হেফাজতে আটক আছে । কিন্তু প্রধানমন্ত্রী আরডান জানিয়েছেন যে, আটকদের কারো বিরুদ্ধে কোন অতীত অপরাধের রেকর্ড নেই। আরো পড়ুন: ক্রাইস্টচার্চে মসজিদে হামলাকারীর নানা 'ষড়যন্ত্র তত্ত্ব' যেভাবে অল্পের জন্য বেঁচেছেন বাংলাদেশের ক্রিকেটাররা 'চাবি, জুতা ফেলেই জান বাঁচাতে দৌড় দেই"" আদালতের বাইরে ওমর নবী মোবাইলে তার বাবার ছবি দেখাচ্ছেন শুক্রবারের হামলার শিকার হওয়া ব্যক্তিদের মধ্যে প্রথম দাউদ নবী নামে একজনের নাম প্রকাশ করেছে তার পরিবার। ৭১ বছর বয়সী মিস্টার নবী ১৯৮০ সালে আফগানিস্তান থেকে নিউজিল্যান্ডে চলে এসেছিলেন। হতাহত অন্যান্যদের নাম এখনো প্রকাশ করা হয়নি। শুক্রবার ক্রাইস্টচার্চের মসজিদে জুম্মার নামাজরত শতশত মুসুল্লির ওপর ওই হামলা চালায় সশস্ত্র বন্দুকধারী। ওই হামলায় আহত হয়েছেন ৪৮ জন। তাদের মধ্যে দুই বছর বয়সী এবং ১৩ বছর বয়সী দুটি শিশুও রয়েছে। বাংলাদেশ, ভারত ও ইন্দোনেশিয়া এরিমধ্যে জানিয়েছে যে হতাহতদের মধ্যে তাদের নাগরিকরা রয়েছেন। ক্রাইস্টচার্চে ব্যাপক নিরাপত্তা নেয়া হয়েছে এবং পুরো দেশজুড়ে সকল মসজিদ বন্ধ রয়েছে। নিউজিল্যান্ডের প্রধানমন্ত্রী জাসিন্ডা আর্ডেন বলেছেন মসজিদে হামলার ঘটনায় প্রধান অভিযুক্ত ব্যক্তির পাঁচটি আগ্নেয়াস্ত্র এবং একটি লাইসেন্স ছিল। হামলাকারী সম্পর্কে সর্বশেষ তথ্য নিউজিল্যান্ডের প্রধানমন্ত্রী জাসিন্ডা আর্ডেন বলেছেন মসজিদের হামলার এ ঘটনায় প্রধান অভিযুক্ত ব্যক্তির পাঁচটি আগ্নেয়াস্ত্র এবং একটি লাইসেন্স ছিল। হামলার ঘটনার একদিন পর তিনি আরও জানিয়েছেন, দেশটির অস্ত্র আইন বদলানো হবে। পুলিশ জানিয়েছে তারা হামলার শিকার দুটো মসজিদ থেকেই গোলাবারুদ উদ্ধার করেছে এবং সন্দেহভাজন একজনের গাড়ির ভেতর বিধ্বংসী ডিভাইস পাওয়া গেছে। প্রধানমন্ত্রী আর্ডেন সাংবাদিকদের বলেছেন, হামলাকারীর বন্দুক লাইসেন্সে ছিল এবং সেটি ২০১৭ সালের নভেম্বর মাসে নেয়া হয়েছে। ওই ব্যক্তি বলেছে সে ২০১৭ সালে ইউরোপ ভ্রমণের পর থেকে এই হামলার পরিকল্পনা করছিল । আহত একজনকে অ্যাম্বুলেন্সে নিয়ে যাওয়া হচ্ছে মাথায় স্থাপন করা ক্যামেরা দিয়ে পুরো হামলার ঘটনা সরাসরি ইন্টারনেটে প্রচার করছিল হামলাকারী , তার বয়স ২৮ বছর এবং সে অস্ট্রেলিয়ান -নাম ব্রেন্টন ট্যারান্ট। ফুটেজে দেখা যায় সে নারী, পুরুষ ও শিশুদের ওপর হামলা চালাচ্ছে। বন্দুকধারী এরপর প্রায় ৫ কিলোমিটার গাড়ি চালিয়ে আরেকটি মসজিদে গিয়ে হামলা চালায় বলে খবর পাওয়া যায়। প্রধান সন্দেহভাজন প্রধানমন্ত্রী জাসিন্ডা আর্ডেন সাংবাদিকদের বলেছেন, প্রধান সন্দেহভাজন ব্যক্তি বিশ্বের বিভিন্ন প্রান্তে ভ্রমণ করেছেন এবং নিউজিল্যান্ডে বিক্ষিপ্ত সময় অতিবাহিত করেছেন। ""তাকে আমি দীর্ঘ-কালীন বাসিন্দা বলবো না। হামলাকারীর বন্দুক লাইসেন্সে ছিল। আমাকে জানানো হয়েছে সেটি ২০১৭ সালের নভেম্বর মাসে নেয়া হয়েছে""। নিউজিল্যান্ডের রাজধানী ওয়েলিংটনের একটি মসজিদসহ অনেক স্থানে ফুল দিয়ে হতাহতের শ্রদ্ধা জানানো হয়। তিনি বলেন, ""নিউজিল্যান্ডে গোয়েন্দা সংস্থা উগ্র চরমপন্থিদের বিষয়ে তদন্ত করছে কিন্তু ""হত্যার দায়ে অভিযুক্ত ব্যক্তি চরমপন্থার জন্য গোয়েন্দা সম্প্রদায়ের কিংবা পুলিশ কারও নজরেই আসেনি""। ওই ব্যক্তি ২০১৭ সালে ইউরোপ ভ্রমণের পর থেকে এই হামলার পরিকল্পনা করছিল এবং সেখানকার ঘটনার প্রেক্ষিতে ক্ষুব্ধ হয়ে উঠেছিল। ১৯৯০ এর দশক থেকে যুদ্ধ বিধ্বস্ত বিভিন্ন দেশ থেকে শরণার্থী আসায় নিউজিল্যান্ডে মুসলিমদের সংখ্যা বাড়তে থাকে। যেভাবে হামলার খবর জানা গেল আল নুল মসজিদে হামলার খবর প্রথম আসে স্থানীয় সময় দুপুর একটা ৪০ মিনিটের দিকে। সামনের দরজা দিয়ে বন্দুকধারী প্রবেশ করে এবং মাথায় স্থাপন করা ক্যামেরা দিয়ে পুরো হামলার ঘটনা সরাসরি ইন্টারনেটে প্রচার করে হামলাকারী। তার বয়স ২৮ বছর এবং সে অস্ট্রেলিয়ান, নাম ব্রেন্টন টারান্ট। ফুটেজে দেখা যায় সে নারী, পুরুষ ও শিশুদের ওপর হামলা চালাচ্ছে। New Zealand PM Jacinda Ardern: 'This can only be described as a terrorist attack' বন্দুকধারী এরপর প্রায় ৫ কিলোমিটার পথ গাড়ি চালিয়ে আরেকটি মসজিদে গিয়ে হামলা চালায় বলে খবর পাওয়া যায়। একজন প্রত্যক্ষদর্শীর বর্ণনা অনুসারে, সেখানে একজন মুসুল্লি তাকে নিরস্ত্র করে এবং এরপর সে দৌড়ে বাইরে অপেক্ষমাণ গাড়িতে উঠে যায়। বন্দুকধারী হামলাকারীকে ঠিক কোথায় গ্রেপ্তার করা হেয়ছে তা পরিষ্কার নয়। পুলিশ জানিয়েছে তারা হামলার শিকার দুটো মসজিদ থেকেই গোলাবারুদ উদ্ধার করেছে এবং সন্দেহভাজন একজনের গাড়ির ভেতর বিধ্বংসী ডিভাইস পাওয়া গেছে। বিশ্বজুড়ে প্রতিক্রিয়া শনিবার ক্রাইস্টচার্চ শহরের মেয়র লিয়ানে ডালযেইল এই সন্ত্রাসবাদী কাজের প্রতি নিন্দা জানিয়েছেন এবং আক্রান্তদের প্রতি সমবেদনা প্রকাশ করেছেন। ""আমরা আমাদের শহরে নতুন মানুষদের স্বাগত জানাই। তারা আমাদের বন্ধ, আমাদের প্রতিবেশী""। মার্কিন প্রেসিডেন্ট ডোনাল্ড ট্রাম্প নিউজিল্যান্ডের প্রতি আন্তরিক সমবেদনা এবং শুভ কামনা প্রকাশ করে বলেছেন। ""নিউজল্যিান্ডের জন্য যেকোনো কিছু করতে আমেরিকা পাশে আছে""উল্লেখ করে তিনি লেখেন, ""ঈশ্বর সবার মঙ্গল করুন""। ব্রিটেনের প্রধানমন্ত্রী টেরিজা মে নিউজিল্যান্ডের নাগরিকদের প্রতি গভীর সহানুভূতি জানিয়েছেন ""ক্রাইস্টচার্চে ভয়াবহ হামলার ঘটনায় ব্রিটেনের জনগণের পক্ষ থেকে আমার গভীর সমবেদনা । এই অসুস্থ সহিংসতায় আক্রান্ত সকলের জন্য আমার শুভ কামনা""। রানী এলিজাবেথ বলেছেন তিনি ক্রাইস্টচার্চের ঘটনায় গভীরভাবে দু:খিত । ""যারা প্রাণ হারিয়েছে সেসব পরিবার এবং স্বজনদের প্রতি আমি এবং প্রিন্স ফিলিপ সমবেদনা জানাচ্ছি""। এই বেদনাদায়ক সময়ে তার শুভকামনা এবং প্রার্থনা নিউজিল্যান্ডের সাথে রয়েছে বলেও উল্লেখ করা হয়। পোপ ফ্রান্সিস ""আন্তরিক সংহতি প্রকাশ করেছেন এবং সহিংসতার উন্মত্ততায় হতাহতের ঘটনার খবরে গভীর শোক প্রকাশ করেছেন । জার্মান চ্যান্সেলর এঙ্গেলা মের্কেল বলেছেন, শান্তিপূর্ণভাবে মসজিদে প্রার্থনারত অবস্থায় বর্ণবাদী ঘৃণার বশবর্তী ব্যক্তির হামলার শিকার হওয়া এবং প্রাণ হারানো নিউজিল্যান্ডবাসীর জন্য তিনি শোকাহত । ফরাসি প্রেসিডেন্ট এমানুয়েল ম্যাঁক্রো একে ""অযৌক্তিক আক্রমণ"" উল্লেখ করে ফ্রান্সের অবস্থান ""যেকোনো ধরনের চরমপন্থার বিরুদ্ধে"" বলে জানিয়েছেন।",নিউজিল্যান্ডের ক্রাইস্টচার্চে দু'টি মসজিদে হামলায় অন্তত ৪৯ জনকে হত্যার ঘটনায় জড়িত থাকার অভিযোগে প্রধান সন্দেহভাজন হিসেবে ব্রেন্টন টারান্টকে শনিবার আদালতে হাজির করা হয়েছে । তার বিরুদ্ধে একটি হত্যাকান্ডের অভিযোগ আনা হয়েছে।,নিউজিল্যান্ডের ক্রাইস্টচার্চে মসজিদে হামলার প্রধান সন্দেহভাজন হিসেবে একজনকে আদালতে হাজির করা হয়েছে।,0.4651162790697674,0.2439024390243902,0.4651162790697674,0.8234211,12,31
"শুরু হয়েছিলো আচিলের মতো। তারপর গত ১০ বছরে এই অবস্থা চিকিৎসার জন্যে তাকে রাজধানী ঢাকায় নিয়ে আসা হয়েছে। আবুল বাজানদার নামের ২৫ বছরের এই যুবক গত প্রায় এক দশক যাবত এই রোগে ভুগছেন। এর ফলে তার দুই হাত এবং পায়ের কিছু অংশ বিকৃত হয়ে অনেকটা গাছের শেকড়ের মতো রূপ নিয়েছে। ঢাকা মেডিকেল কলেজের বার্ন এন্ড প্লাস্টিক সার্জারি ইউনিটে মায়ের পাশে বসে কথা বলছিলেন আবুল বাজানদার। বলা হচ্ছে, বাংলাদেশে এই প্রথম কেউ এই রোগে আক্রান্ত হলো তার হাত দুটো কোলের ওপর রাখা, হাতের কব্জি থেকে বাকি অংশ বিকৃত হয়ে এমন রূপ নিয়েছে যে শুধুমাত্র হাত দুটো দেখলে সেটিকে বরং কোন গাছের শেকড় বলে মনে হতে পারে। দুই পায়ের পাতার কিছু অংশেও ছড়িয়ে পড়েছে এই রোগ। বিরল এই রোগটি বৃক্ষ মানব রোগ হিসেবে পরিচিত। আবুল বাজানদার ভ্যান চালাতেন। কিন্তু এই রোগের কারণে গত ৬ বছর যাবত কোন কাজই করতে পারছেন না। “প্রথমে ছোট ছোট আচুলি (আঁচিল) হইছিল। এরপর থেকে আমি গ্রামের ডাক্তার দেখাইছি, খুলনায় দেখাইছি, কলকাতায় দেখাইছি। কিন্তু অসুখ বাড়া ছাড়া কমেনি। এখন ডাক্তার বলছে অপারেশন করা লাগবে,” বলেন তিনি। আবুল বাজানদারের বাড়ি খুলনা জেলার পাইকগাছায়। রোগে আক্রান্ত হওয়ার পর গত ১০ বছর যাবত হোমিওপ্যাথিসহ নানা চিকিৎসা করিয়েছেন। ভারতেও গিয়েছিলেন বছর পাঁচেক আগে। চিকিৎসকেরা সেখানে অস্ত্রোপচারের পরামর্শ দিলেও অর্থের অভাবে সেটি আর করা হয়নি। সর্বশেষ একজন সাংবাদিকের সহায়তায় খুলনার একটি হাসপাতালে তাকে নেয়া হয়। মা আমেনা বেগমের সাথে আবুল বাজানদার ঐ হাসপাতালের একটি মেডিকেল বোর্ড তাকে ঢাকা মেডিকেল কলেজের বার্ন এন্ড প্লাস্টিক সার্জারি ইউনিটে আসার পরামর্শ দেন। বার্ন ইউনিটের সমন্বয়ক ড. সামন্ত লাল সেন বলছেন, তারা এখন একটি মেডিকেল বোর্ড তৈরি করবেন এবং অস্ত্রোপচারের মাধ্যমে এই রোগীর হাত কিছুটা স্বাভাবিক অবস্থায় নিয়ে আসার চেষ্টা করবেন। মি. সেন বলেন, “এটিকে বলে এপিডার্মো ডিসপ্লেশিয়া ভেরুকোফরমিস। একধরণের ভাইরাস থেকে এসেছে। আমাদের প্রথম ইম্প্রেশন হচ্ছে, রোগীর হাতটা ঠিক করতে হবে। এরপর আরো পরীক্ষা-নিরীক্ষা করতে হবে।” ড. সেন বলছেন, তার জানামতে এপর্যন্ত বিশ্বে এর আগে মাত্র দু’জন রোগীর এই রোগে আক্রান্ত হওয়ার রেকর্ড আছে। এদের একজন ইন্দোনেশিয়ায় এবং অপরজন রোমানিয়ার। চিকিৎসক সামন্ত লাল সেন আবুল বাজানদারের মা আমেনা বেগম বলছেন, তার ছেলে এই রোগে আক্রান্ত হওয়ার পর সামাজিকভাবে তিনি মিশ্র প্রতিক্রিয়া পেয়েছেন। “কেউ কেউ বলে খারাপ লাগে না, পাশে এসে বসে। আবার কেউ কেউ একটু দূরে দূরে থাকে।” আমেনা বেগম বলেছেন, বিভিন্নজনের থেকে আর্থিক সহায়তা পেয়ে এতদিন ছেলের কিছু চিকিৎসা চালিয়ে এসেছেন। আট ভাই-বোনের পরিবারের ষষ্ঠ সন্তান আবুল বাজানদার বছর পাঁচেক আগে বিয়ে করেছেন। এখন তিনি তিন বছরের এক কন্যা সন্তানের বাবা। আবুল বাজানদার বলেন, “আমি মেয়েকে বলি কি হয়েছে, সে বুঝতে পারে না। আমার কোলে আসে, মুখে তুলে খাওয়ায়।” ড. সেন বলছেন, তারা মি. বাজানদারের থাকা-খাওয়া এবং চিকিৎসার ব্যবস্থা করছেন। তবে শেষপর্যন্ত এই চিকিৎসা কতটা ব্যয়বহুল হবে তা এখনো নিশ্চিত নয়। অসুখটি পায়েও ছড়িয়ে পড়ছে",বাংলাদেশে এই প্রথম ‘বৃক্ষ মানব’ নামে পরিচিত বিরল এক রোগে আক্রান্ত একজন রোগীর সন্ধান পাওয়া গেছে।,ঢাকা মেডিকেল কলেজের বার্ন এন্ড প্লাস্টিক সার্জারি ইউনিটে চিকিৎসাধীন অবস্থায় বাংলাদেশের এক যুবক এই রোগে আক্রান্ত হয়েছেন।,0.24242424242424243,0.06451612903225808,0.1818181818181818,0.6924824,17,16
"অস্ট্রেলিয়ান টিভি চ্যানেলগুলো বাংলাদেশের বিরুদ্ধে সিরিজের খেলাগুলো দেখাতে অনাগ্রহী ওই সফরের সময় দুটি টেস্ট এবং তিনটি একদিনের আন্তর্জাতিক ম্যাচ হবার কথা ছিল। অস্ট্রেলিয়ার ক্রিকেট বোর্ডকে উদ্ধৃত করে ক্রিকিনফো ওয়েবসাইটের এক রিপোর্টে বলা হচ্ছে, সেখানকার ফুটবল মওসুমের মাঝখানে টিভি চ্যানেলগুলো বাংলাদেশ-অস্ট্রেলিয়া সিরিজের ম্যাচগুলো দেখাতে আগ্রহী নয় - তাই এই সফরটি 'বাণিজ্যিকভাবে লাভজনক হবে না' বলে অস্ট্রেলিয়ার ক্রিকেট কর্তৃপক্ষ বাংলাদেশকে জানিয়ে দিয়েছে। বাংলাদেশ ক্রিকেট বোর্ডের প্রধান নির্বাহী কর্মকর্তা নিজামুদ্দিন চৌধুরী বিবিসি বাংলাকে বলেছেন, ""আমরা এটুকুই বলতে পারি যে অস্ট্রেলিয়া সফরটি এ মুহূর্তে হোস্ট করতে চাচ্ছে না বলার পর আমরা একটি বিকল্প সময় প্রস্তাব করেছিলাম - তবে এখনো কোন জবাব পাই নি।"" বিকল্প প্রস্তাবে কখন সফরের কথা বলা হয়েছিল, জানতে চাইলে তিনি তা বলতে রাজী হন নি। তবে ক্রিকিনফোর রিপোর্টে বলা হচ্ছে, বিকল্প প্রস্তাব গুলোর মধ্যে একটিতে ২০১৯ বিশ্বকাপের পর অস্ট্রেলিয়া দলের বাংলাদেশে সফরের কথা বলা হয়েছিল। ক্রিকেট অস্ট্রেলিয়ার প্রধান নির্বাহী জেমস সাদারল্যান্ড ক্রিকিনফোকে বলেছেন, বাংলাদেশ সফরটি বাতিল করার সাথে যে সময় এটি হবার কথা ছিল তার সম্পর্ক আছে। তিনি আরো বলেন, সেই সময়টায় ভারত, ইংল্যান্ড, এবং দক্ষিণ আফ্রিকা ছাড়া বাংলাদেশ সহ অন্য দেশগুলো অস্ট্রেলিয়ায় খুব কমই খেলে থাকে।",এ বছর আগস্ট-সেপ্টেম্বর মাসে বাংলাদেশ ক্রিকেট দলের অস্ট্রেলিয়া সফরটি হচ্ছে না।,অস্ট্রেলিয়ার ক্রিকেট কর্তৃপক্ষ বাংলাদেশের বিরুদ্ধে সিরিজ খেলার জন্য একটি বিকল্প প্রস্তাব বাতিল করেছে।,0.08333333333333334,0.0,0.08333333333333334,0.69908714,13,11
"বিশ্বকাপের আগে নিউজিল্যান্ড সফর, বড় চ্যালেঞ্জের মুখোমুখি বাংলাদেশ ২০১৯ সালে বাংলাদেশ জাতীয় ক্রিকেট দলের প্রথম মিশন নিউজিল্যান্ড সফর। সেখানে তিনটি ওয়ানডে ম্যাচ ও তিনটি টেস্ট ম্যাচ খেলবে বাংলাদেশ জাতীয় ক্রিকেট দল। সাড়ে ১১ বছর পর বিদেশের মাটিতে তিন ম্যাচের টেস্ট সিরিজ বাংলাদেশ শেষবার বিদেশের মাটিতে তিন ম্যাচের টেস্ট সিরিজ খেলে শ্রীলঙ্কায়। ২০০৭ সালের জুন-জুলাই মাসে সিরিজটি অনুষ্ঠিত হয়। যেখানে তিনটি ম্যাচেই বাংলাদেশ ইনিংস ব্যবধানে হেরে যায়। এবারে নিউজিল্যান্ডের বিপক্ষে তিন ম্যাচের টেস্ট সিরিজ খেলবে বাংলাদেশ। নাজমুল আবেদীন ফাহিম এই তিন টেস্ট খেলায় শারীরিক ধকলের ওপর জোর দিয়েছেন, যেহেতু বাংলাদেশ প্রায় ১ মাসের বেশি সময় ব্যাপী বাংলাদেশ প্রিমিয়ার লিগের মতো একটি আসর খেলছে। আরো পড়ুন: ক্রিকেট মাতানো নেপালি ক্রিকেটারের উঠে আসার গল্প ক্রিকেট বিনোদনের খোরাক মেটাতে ব্যর্থ বিপিএল? শুরুতেই কেন বিতর্কে পড়লো এবারের বিপিএল বাংলাদেশ ও নিউজিল্যান্ডের টেস্ট সিরিজের সূচি ""বাংলাদেশের সব ক্রিকেটাররাই ভারী ক্রিকেট খেলে নিউজিল্যান্ড যাচ্ছে, বিপিএলে কঠিন ক্রিকেট খেলা হয়, শারীরিক একটা ধকল গেছে।"" তবে তিনটি টেস্ট ম্যাচ খেলার সুবিধার কথাও জানিয়েছেন তিনি, ""তিন টেস্ট খেলার সুবিধাও হবে, আর আসল ক্রিকেট যেহেতু টেস্ট ক্রিকেট, সেখানে বাংলাদেশ ব্যাটিং-বোলিংয়ের দক্ষতা বাড়িয়ে নেয়ার সুযোগ থাকবে। যেমন প্রথম টেস্টে বাংলাদেশ হয়তো বুঝে নিতে পারবে কন্ডিশন ও উইকেট। দ্বিতীয় ও তৃতীয় টেস্টে ভালো করার সুযোগটা থাকবে।"" দুটো টেস্টের সিরিজে যেটা হয়, বুঝে নিতে নিতেই সময়টা চলে যায়। সেক্ষেত্রে খুব বেশি উন্নতির সুযোগ থাকে না। তবু মি: ফাহিম হুশিয়ার করেছেন যে তিন টেস্টের ধকল বাংলাদেশের সামলে ওঠা একটা চ্যালেঞ্জ হবে। টেস্ট ক্রিকেটে বিদেশের মাটিতে খুব বেশি আশা নিয়ে বাংলাদেশ যায়না। টেস্টে নিউজিল্যান্ডের বিপক্ষে বাংলাদেশ বাংলাদেশ ও নিউজিল্যান্ড একে অপরের বিপক্ষে মোট ১৩টি টেস্ট ম্যাচ খেলেছে ২০০১ সাল থেকে। যার মধ্যে তিনটি ম্যাচ ড্র হয়েছে, একটি ম্যাচেও জয় পায়নি বাংলাদেশ, বাকি ১০টি ম্যাচে নিউজিল্যান্ড জিতেছে। টেস্ট ক্রিকেটে বাংলাদেশের হয়ে নিউজিল্যান্ডের বিপক্ষে সর্বোচ্চ রান সংগ্রাহকদের তালিকা ২০১৭ সালের নিউজিল্যান্ড সফরে বাংলাদেশের বড় হাইলাইটস ছিল মুশফিকুর রহিম ও সাকিব আল হাসানের জুটি। যেখানে সাকিব ২১৭ রান তোলেন। বাংলাদেশ ক্রিকেট বোর্ডের সাবেক প্রধান নির্বাচক ফারুক আহমেদ মনে করেন, বাংলাদেশের টেস্টে বড় শক্তির জায়গা ব্যাটিং। মি: ফারুক বলছেন, ""বাংলাদেশের যারা মূল ক্রিকেটার তারা ব্যাটসম্যান, তামিম-সাকিব-মুশফিক-মাহমুদুল্লাহ রিয়াদ। বাংলাদেশ যত ভালো ব্যাটিং করবে তত ভালো বোলিং করতে পারবে। টেস্টে বাংলাদেশের বোলিং খুব বলার মতো না, ব্যাটিংয়ে যদি বিপর্যয় ঘটে সেক্ষেত্রে বাংলাদেশের ভালো করা কঠিন হয়ে পড়বে।"" তবে দেখা যাক টেস্টে বোলিংয়ে কেমন ছিল বাংলাদেশের বোলাররা? টেস্টে নিউজিল্যান্ডের বিপক্ষে বাংলাদেশের সেরা পাঁচ বোলার নিউজিল্যান্ডের বিপক্ষে রানের মতো সেরা উইকেট শিকারীর তালিকায়ও এক নম্বরে আছেন সাকিব আল হাসান। তবে দ্বিতীয় সর্বোচ্চ উইকেট শিকার করেছেন মাশরাফি। যিনি শেষবার টেস্ট ম্যাচ খেলেছেন ২০০৯ সালে। ২০১৭ চ্যাম্পিয়ন্স ট্রফিতে নিউজিল্যান্ডকে কার্ডিফে হারায় বাংলাদেশ 'ওয়ানডেই হবে বাংলাদেশের জেতার মঞ্চ' বিশ্লেষকরা মনে করছেন বাংলাদেশ বিশ্বের যে কোনো কন্ডিশনে ওয়ানডেতে জেতার জন্যই খেলে। টেস্টে এখনো ঠিক বিদেশের মাটিতে জেতার মতো দল গড়ে না উঠলেও বাংলাদেশ ইতোমধ্যে নিউজিল্যান্ডের বিপক্ষে ১০টি ওয়ানডে ম্যাচে জয় পেয়েছে। ২০১৭ সালের চ্যাম্পিয়ন্স ট্রফিতে নিউজিল্যান্ডের বিপক্ষে বাংলাদেশের জয় ওয়ানডে ক্রিকেটের হাইলাইটস হয়ে থাকবে। ওয়ানডেতে বাংলাদেশের সম্ভাবনা বেশ ভালো দেখছেন ফারুক আহমেদ, ""শেষ দুই বছরের পারফরম্যান্স যেটা বলে অন্তত টেস্টে না হলেও ওয়ানডেতে একটা ব্যালান্সড দল বাংলাদেশ। শুধু খেলার জন্য না সামনে একটা বড় টুর্নামেন্ট আছে তাই এই সিরিজের ফর্মটা গুরুত্বপূর্ণ থাকবে।"" ""মুস্তাফিজ, রুবেল, মাশরাফি তিনজন মিলিয়ে ভালো একটা পেস বোলিং লাইন আপ হতে পারে। এমনকি সাইফুদ্দিন দারুণ ফর্মে আছেন বাংলাদেশ প্রিমিয়ার লিগে।"" ""টেস্টের জন্য খুবই অনভিজ্ঞ একটা বোলিং লাইন আপ। কিন্তু ওয়ানডেতে বাংলাদেশের এই দলটা বিশ্বেরই অন্যতম অভিজ্ঞ একটা দল।"" যাদের ওপর থাকবে বাড়তি নজর বাংলাদেশ প্রিমিয়ার লিগে ডেথ ওভার বোলিং দিয়ে নজর কেড়েছেন সাইফুদ্দিন বাংলাদেশের একমাত্র প্রতিষ্ঠিত পেস বোলিং অলরাউন্ডার হিসেবে নিউজিল্যান্ড সফরের ওয়ানডে দলে সুযোগ পেয়েছেন সাইফুদ্দিন। যিনি এবারের বাংলাদেশ প্রিমিয়ার লিগে বল হাতে নজর কেড়েছেন। ঢাকা ডায়নামাইটসের বিপক্ষে একটি ম্যাচে শেষ ওভারে ম্যাচ জিতিয়েছেন ফেনীর এই অলরাউন্ডার। ১১ ম্যাচে ১৬.২৩ গড়ে ১৭টি উইকেট নিয়েছেন সাইফুদ্দিন। ইমরুল কায়েসকে দলে না রাখায় প্রশ্ন উঠেছে এবারের দলে না থেকে আলোচনা উঠেছে ইমরুল কায়েসকে নিয়ে। ইমরুল কায়েস দলে না থাকায়, সৌম্য সরকার ও লিটন দাসের ব্যাটিংয়ের দিকে বাড়তি নজর থাকবে। ইমরুল কেন দলে নেই,এনিয়ে দ্বিধা ও বিভক্তি বাংলাদেশ ক্রিকেট বোর্ডেও ছিল। ২০১৭ সালে নিউজিল্যান্ড সফরে ওয়ানডে ফরম্যাটে সর্বোচ্চ (১১৯) রান তোলেন ইমরুল কায়েস। তাই সৌম্য-লিটন ভালো না করলে স্বভাবতই ইমরুল কায়েস না থাকার সিদ্ধান্ত নিয়ে প্রশ্ন উঠবে। ইমরুল কায়েসের আক্ষেপ ও নিবার্চকদের ব্যাখ্যা সাব্বির রহমান সুযোগ পেয়েছেন ওয়ানডে দলে যেভাবে নিষেধাজ্ঞা কাটিয়ে দলে ফিরলেন সাব্বির রহমান বাংলাদেশের ওয়ানডে দলে সবচেয়ে সমালোচিত নাম সাব্বির রহমান, তাকে দলে নেয়ার পর ক্রিকেট অঙ্গনে প্রশ্ন ওঠে। প্রধান নির্বাচক মিনহাজুল আবেদীন নান্নু, অধিনায়ক মাশরাফির ওপর দিয়েছেন এই সিদ্ধান্তের দায়ভার। চলতি বাংলাদেশ প্রিমিয়ার লিগে সাব্বির ১২ ম্যাচে ২৭৬ রান তুলেছেন। বিবিসি বাংলার অন্যান্য খবর: কলকাতায় মমতা ব্যানার্জীর ধর্ণা: কে এই রাজীব কুমার? সাবরিনা সুলতানা চৌধুরীর ক্যান্সার যুদ্ধের গল্প আমেরিকার সবচেয়ে রহস্যময় ব্যক্তিত্ব যিনি",বিশ্বকাপের আগে নিউজিল্যান্ড সফরই শেষ প্রস্তুতি। বিশ্বকাপের চিন্তা বাদ দিয়েও কেবল নিউজিল্যান্ড সফরে ভালো করার জায়গা আছে বলে মনে করেন বাংলাদেশের একজন ক্রিকেট বিশ্লেষক ও ক্রিকেট মেন্টর নাজমুল আবেদীন ফাহিম।,নিউজিল্যান্ডের বিপক্ষে তিন ম্যাচের টেস্ট সিরিজ খেলার সুবিধার কথা জানিয়েছেন বাংলাদেশ জাতীয় ক্রিকেট দলের সভাপতি নাজমুল আবেদীন ফাহিম।,0.16666666666666669,0.08695652173913043,0.16666666666666669,0.76334643,18,30
"উত্তর কোরিয়া মনে করে বহির্বিশ্বের আক্রমণ ঠেকাতে পারমানবিক শক্তিই একমাত্র উপায়। আর তা হলে কিভাবে হবে, তার ফল কি হবে সেটি নিয়েও রয়েছে অনেক জল্পনা কল্পনা। চলুন জেনে নেয়া যাক এই সংকট আসলে কি নিয়ে। উত্তর কোরিয়া কেন পারমানবিক অস্ত্র চায়? দ্বিতীয় বিশ্বযুদ্ধের পর কোরিয়ান উপদ্বীপ বিভক্ত করে ফেলা হয়। উত্তর কোরিয়া স্ট্যালিনপন্থী হিসেবে প্রতিষ্ঠিত হয়। রাষ্ট্রটিকে শুরু থেকেই স্বৈরতান্ত্রিক বলা হয়ে থাকে। উত্তর কোরিয়া সব সময় বিশ্ব রাজনীতি থেকে দূরত্ব বজায় রেখেছে। আরো পড়ুন: ক্ষেপণাস্ত্র নিক্ষেপ: উত্তর কোরিয়া কী বার্তা দিচ্ছে কোরিয়া যুদ্ধে '২১ দিনে মারা যাবে ২০ লাখ লোক' অথবা বেশিরভাগ রাষ্ট্র দেশটির সাথে দূরত্ব বজায় রেখেছে। উত্তর কোরিয়া মনে করে বহির্বিশ্বের আক্রমণ ঠেকাতে পারমানবিক শক্তিই তাদের জন্য একমাত্র উপায়। উত্তর কোরিয়া এ পর্যন্ত ছয়বার পরমাণু অস্ত্র পরীক্ষা চালিয়েছে। উত্তর কোরিয়া কি সত্যিই পারমানবিক হামলা চালাতে সক্ষম? সম্ভবত সক্ষম কিন্তু তারা সত্যিই এমন হামলা চালাবে তা মনে হয়না। উত্তর কোরিয়া এ পর্যন্ত ছয়বার পরমাণু অস্ত্র পরীক্ষা চালিয়েছে। দেশটির দাবি এর একটি হাইড্রোজেন বোমা। উত্তর কোরিয়া আরো দাবি করে যে তারা এমন একটি পরমাণু অস্ত্র তৈরি করেছে যা দুর পাল্লার ক্ষেপণাস্ত্র দ্বারা বহন করা যাবে এমন ছোট আকারের। যদিও এই দাবি নিরপেক্ষ সূত্র দ্বারা যাচাই করা সম্ভব হয়নি। তবে দেশটির এই দাবির জবাবে জাতিসংঘ, যুক্তরাষ্ট্র ও ইওরোপিও ইউনিয়ন উত্তর কোরিয়ার উপরে তাদের অবরোধ আরো কঠোর করেছে। কিম জং আনকে কেন ক্ষমতা থেকে অপসারণ সম্ভব নয়? দক্ষিণ কোরিয়া ও জাপানের দিকে উত্তর কোরিয়ার ক্ষেপণাস্ত্র তাক করা রয়েছে। কোন হামলার জবাবে বিধ্বংসী প্রতিশোধ নিতে পারে উত্তর কোরিয়া। আর তাছাড়া এশিয়ার সবচাইতে শক্তিশালী দেশ চীন উত্তর কোরিয়া শাসক পরিবর্তন চায়না। ট্রাম্প ও কিম সত্যিই আলাপে মিলিত হলে তা তবে হবে অভূতপূর্ব। তাদের ধারনা উত্তর ও দক্ষিণ কোরিয়া একত্রিত হয়ে গেলে একদম তাদের দোরগোড়ায় পৌঁছে দেবে মার্কিন সেনাবাহিনীকে। দক্ষিণ কোরিয়ায় অবস্থানরত মার্কিন সেনারা তাদের সীমানা পর্যন্ত পৌঁছে যাবে বলে চীনের আশংকা। অভূতপূর্ব কিছু কি সামনে অপেক্ষা করছে? পূর্বে সাহায্যের বিনিময়ে উত্তর কোরিয়ার প্রতি অস্ত্র সমর্পণের বেশ কিছু প্রস্তাব ব্যর্থ হয়েছে। কিন্তু এই জানুয়ারিতে দক্ষিণ কোরিয়ায় শীতকালীন অলিম্পিকসকে ঘিরে উত্তর কোরিয়ার সাথে সরাসরি আলাপের এক সুযোগ তৈরি হয়েছে। যার প্রস্তাব এসেছিলো স্বয়ং পিয়ং ইয়ং থেকে। একই রকম ভাবে মার্কিন প্রেসিডেন্ট ডোনাল্ড ট্রাম্পের সাথে আলাপের প্রস্তাব দেয় উত্তর কোরিয়া। যে প্রস্তাব গ্রহণ করেছেন ট্রাম্প। এর ফলশ্রুতিতে আপাতত পারমানবিক কর্মসূচী স্থগিত রাখার আদেশ দিয়েছে পিয়ং ইয়ং। ট্রাম্প ও কিম যদি সত্যিই আলাপে মিলিত হন তবে তা হবে অভূতপূর্ব। যদিও সম্ভাব্য এই সাক্ষাৎ সম্পর্কে কোন ধরনের বিস্তারিত তথ্য এখনো পাওয়া যায়নি। ট্রাম্প ও কিম: শত্রু থেকে বন্ধু?",উত্তর কোরিয়ার নেতা কিম জং আনের সাথে মার্কিন প্রেসিডেন্ট ডোনাল্ড ট্রাম্পের আলোচনা সত্যিই হবে কিনা সে নিয়ে অনেকের মনে সন্দেহ রয়েছে।,উত্তর কোরিয়ার নেতা কিম জং-আন এই প্রথমবারের মতো বলেছেন তারা পারমানবিক হামলা চালাতে চায়।,0.22857142857142854,0.18181818181818185,0.22857142857142854,0.7438243,14,21
"নাগরিকত্ব সংশোধনী বিলের প্রতিবাদে সোমবার দিল্লিতে বিক্ষোভ ঝাড়খন্ডে এক নির্বাচনী সভায় মি. মোদী বলেন, ""এই সব আগুন কারা লাগাচ্ছে, সেটা তাদের পোশাক দেখলেই চেনা যায়।"" ওই নির্বাচনী জনসভায় রবিবার তিনি বলেন, ""আমার ভাই ও বোনেরা, এই যে দেশে আগুন লাগানো হচ্ছে, টেলিভিশনে যে সব ছবি আসছে সেগুলো কি আপনারা দেখেছেন?"" ""আগুন কারা লাগাচ্ছে, সেটা কিন্তু তাদের পোশাক দেখলেই চিনতে পারা যায়!"" আর এর পেছনে কংগ্রেসের মতো বিরোধী দলগুলি উসকানি দিচ্ছে বলেও প্রধানমন্ত্রী অভিযোগ করেন। বিরোধীরা প্রধানমন্ত্রীর এই মন্তব্যকে সরাসরি একটি বিশেষ ধর্মের মানুষের প্রতি সাম্প্রদায়িক আক্রমণ হিসেবেই চিহ্নিত করছেন। প্রসঙ্গত, গত কয়েকদিনে ভারতের বিভিন্ন সোশ্যাল মিডিয়াতে এমন অনেক ভিডিও ছড়িয়ে পড়েছে যাতে দেখা যাচ্ছে লুঙ্গি এবং টুপি পরিহিত লোকজন লাঠিসোঁটা বা পাথর নিয়ে বিভিন্ন রেলস্টেশনে ভাঙচুর চালাচ্ছে। কয়েকটি ভিডিওতে দেখা যাচ্ছে, ট্রেন থেকে ভীত-সন্ত্রস্ত যাত্রীদের নামিয়ে দিয়ে ওই ক্ষুব্ধ জনতা ট্রেনগুলোতে হামলা চালাচ্ছে। এই সব ভিডিও অনেক মূল ধারার গণমাধ্যমেও প্রচার করা হয়েছে। এই সব ভিডিও আদৌ সত্যিকারের, না কি বানানো তা বিবিসি যাচাই করতে পারেনি - তবে এগুলো নিয়ে সোশ্যাল মিডিয়াতে উত্তপ্ত তর্ক-বিতর্ক কিন্তু থেমে নেই। প্রধানমন্ত্রী মোদী তার ভাষণে এই সব ভিডিওর কথাই উল্লেখ করেছেন। আরো পড়তে পারেন: প্রতিবেশী দেশে সংখ্যালঘু চিত্র: ভারতের দাবি কতটা সত্যি? 'ভারতে অবৈধ বাংলাদেশিদের তালিকা চাইবে বাংলাদেশ' ""এই সব আগুন কারা লাগাচ্ছে, সেটা তাদের পোশাক দেখলেই চেনা যায়,"" নরেন্দ্র মোদী অনেকেই যেমন এই সব ভিডিও শেয়ার করে লিখছেন, ""এদের আদৌ ভারতের নাগরিক থাকার অধিকার আছে কি না সেটা বিচার করে দেখুন!"" দিল্লিতে বিরোধী নেতাদের এক যৌথ প্ল্যাটফর্ম থেকে কংগ্রেস নেতা গুলাম নবি আজাদ সোমবার দাবি করেন, শুধু একটি বিশেষ ধর্মের মানুষই নাগরিকত্ব আইনের বিরুদ্ধে প্রতিবাদ জানাচ্ছে বিষয়টি মোটেও তেমন নয়। তিনি বলেন, ""হিন্দু-মুসলিম-শিখ-খ্রিষ্টান সবাই মিলেই এই আইনের প্রতিবাদ জানাচ্ছে কারণ এটা আনা হয়েছে তাদের ইচ্ছার বিরুদ্ধে। বিজেপি এই প্রতিবাদকে সাম্প্রদায়িক চেহারা দিতে চাইছে।"" কংগ্রেস-সিপিআইএম-সমাজবাদী পার্টি-আরজেডির মতো অনেক বিরোধী দল একযোগে ওই মঞ্চ থেকে ঘোষণা করে তারা আদৌ কোনও সহিংস প্রতিবাদে উসকানি দিচ্ছে না - বরং মানুষ আইনটির বিরুদ্ধে স্বতঃস্ফূর্ত প্রতিবাদ জানাচ্ছে। আর কলকাতার রেড রোডে এক বিশাল সমাবেশ থেকে জনতাকে শপথ বাক্য পাঠ করান পশ্চিমবঙ্গের মুখ্যমন্ত্রী মমতা ব্যানার্জি - যে রাজ্যবাসী সবাই ভারতের নাগরিক থাকবেন - এবং পশ্চিমবঙ্গে তারা এনআরসি ও নাগরিকত্ব আইন জারি করতে দেবেন না। নাগরিকত্ব সংশোধনী বিলের প্রতিবাদে কলকাতায় তৃণমূল কংগ্রেসের বিক্ষোভ মিছিল ছড়িয়ে পড়ছে বিক্ষোভ ভারতের নতুন নাগরিকত্ব সংশোধনী আইনকে কেন্দ্র করে রবিরার রাতে দিল্লির জামিয়া মিলিয়া ইসলামিয়া ও আলিগড় মুসলিম ইউনিভার্সিটিতে যে পুলিশি নির্যাতন ও সহিংসতার ঘটনা ঘটেছে, তার বিরুদ্ধে প্রতিবাদে উত্তাল হয়ে উঠেছে দেশের বিভিন্ন শিক্ষা-প্রতিষ্ঠানের ক্যাম্পাস। মুম্বাই থেকে হায়দ্রাবাদ, ব্যাঙ্গালোর থেকে কলকাতা - সর্বত্র এই আইনের বিরুদ্ধে পথে নেমেছেন দেশের ছাত্রছাত্রীরা। পশ্চিমবঙ্গ ও কেরালায় রাজ্য সরকার এই আইনের বিরুদ্ধে প্রতিবাদ জানাতে বিশাল পদযাত্রা ও সমাবেশও করেছে। বস্তুত বিতর্কিত নাগরিকত্ব আইনের বিরুদ্ধে প্রতিবাদ এখন আর শুধু উত্তর-পূর্ব ভারতেই সীমাবদ্ধ নেই, গত চব্বিশ ঘণ্টায় মুম্বাই বা চেন্নাইয়ের আইআইটি থেকে শুরু করে বেনারস হিন্দু ইউনিভার্সিটি বা হায়দ্রাবাদের মৌলানা আজাদ উর্দু ইউনিভার্সিটিতেও আছড়ে পড়েছে বিক্ষোভের ঢেউ। দিল্লির জামিয়া মিলিয়া ইসলামিয়া ইউনিভার্সিটি এলাকা জামিয়া মিলিয়ায় যুদ্ধক্ষেত্র আর এর সূচনা হয় তখনই, যখন রবিবার বিকেলে দিল্লিতে দেশের অন্যতম কেন্দ্রীয় বিশ্ববিদ্যালয় জামিয়া মিলিয়ার লাইব্রেরি ও ছাত্রাবাসে ঢুকে দিল্লি পুলিশ ব্যাপক লাঠিচার্জ করে, রাস্তায় ছোঁড়া হয় কাঁদানে গ্যাসের শেল। সরকারি বাসে আগুন ধরানো হয়, ভীত সন্ত্রস্ত ছাত্রছাত্রীরা অভিযোগ করেন পুলিশ জামিয়া ক্যাম্পাসের মসজিদকেও নাকি রেহাই দেয়নি। জামিয়ার একজন ছাত্রী বলছিলেন, ""আমি আইন বিভাগের শিক্ষার্থী - এদিন আমার সংবিধানের পরীক্ষা ছিল। কিন্তু সংবিধান পরোয়া করে প্রশাসন?"" ""পুলিশ মেয়েদের হস্টেলেও ঢুকে পড়েছে, প্রাণভয়ে ছাত্রছাত্রীরা পালাতে বাধ্য হয়েছে।"" নাগরিকত্ব সংশোধনী বিলের প্রতিবাদে বিক্ষোভের সময় কলকাতার কাছে বাসে আগুন, ডিসেম্বর ১৪, ২০১৯ শান্তিপূর্ণ প্রতিবাদ ছত্রভঙ্গ করতে পুলিশ যে রাস্তা নিয়েছিল তাতে সবাই চরম আতঙ্কিত - এবং তাই হস্টেল খালি করে সবাই এখন বাড়ির পথে, জানাচ্ছিলেন আরেক ছাত্রী শামিয়াও। জামিয়া মিলিয়ার উপাচার্য নাজমা আখতারও স্বীকার করেছেন, ""পুলিশ লাইব্রেরির ভেতরে ছাত্রছাত্রী ও বহিরাগত - সবাইকেই নির্বিচারে মারধর করেছে এবং তারা ক্যাম্পাসে ঢোকার আগে কোনও অনুমতিও নেয়নি।"" একই ধরনের পুলিশি নির্যাতনের অভিযোগ এসেছে আলিগড় মুসলিম ইউনিভার্সিটি থেকেও - আর এরপরই জামিয়া ও আলিগড়ের ছাত্রছাত্রীদের প্রতি সংহতি জানাতে পথে নামে ব্যাঙ্গালোরের ইন্ডিয়ান ইন্সটিটিউট অব সোশ্যাল সায়েন্সেস কিংবা কলকাতার যাদবপুর বিশ্ববিদ্যালয়। মুম্বাইয়ের টাটা ইনস্টিটিউট অব সোশ্যাল সায়েন্সেসে ছাত্রদের প্রতিবাদে সামিল হয়ে অধ্যাপিকা অঞ্জলি মান্টেরোও বলছিলেন, ""জামিয়া বা আলিগড়ে যা ঘটছে তা মৌলিক মানবাধিকারের বিরোধী বলেই আমরা প্রতিবাদে বাধ্য হচ্ছি।""",ভারতে নাগরিকত্ব সংশোধনী বিলের প্রতিবাদে দেশের বিভিন্ন শহরে ছড়িয়ে পড়া সহিংস বিক্ষোভের জন্য পরোক্ষভাবে শুধু মুসলমানদের দায়ী করেছেন প্রধানমন্ত্রী নরেন্দ্র মোদী।,ভারতের প্রধানমন্ত্রী নরেন্দ্র মোদী নাগরিকত্ব সংশোধনী বিলের প্রতিবাদে বিভিন্ন রেলস্টেশনে ভাঙচুর চালানোর ভিডিও নিয়ে তীব্র সমালোচনা করেছেন।,0.36842105263157887,0.22222222222222224,0.2631578947368421,0.78743714,17,21
"আলেক্সান্ডার গাওল্যান্ড এবং আ্যালিস ভিডেল - এএফডি'র দুই শীর্ষ নেতা তাদের নির্বাচনী ইশতেহারে দলটি খোলাখুলি প্রতিশ্রুতি দিয়েছিলো যে জিতলে তারা জার্মানির মসজিদগুলোতে বিদেশ থেকে আসা অর্থ আসা নিষিদ্ধ করবে। একইসাথে বোরকা এবং আজান নিষিদ্ধ করার প্রতিশ্রুতিও ছিল তাদের ইশতেহারে। তাদের নির্বাচনী সাফল্য প্রমাণ করছে যে এসব বক্তব্য উল্লেখযোগ্য সংখ্যক জার্মান ভোটার সমর্থন করেছে। রোববারের ভোটের আগে যেখানে ধারনা করা হচ্ছিলো তারা বড়জোর ১০ শতাংশ ভোট পেতে পারে, চূড়ান্ত ফলাফলে তার চেয়েও ভালো করেছে দলটি। তারা প্রায় ১৩ শতাংশ ভোট পেয়েছে যার অর্থ জার্মান সংসদে তাদের আসন সংখ্যা হবে ৯৪ । জার্মানির ১৬টি রাজ্যের আঞ্চলিক সংসদের ১৩টিতেই তাদের এমপি রয়েছে। এখন তারা জার্মানির তৃতীয় বৃহত্তম দল হিসাবে জার্মানির কেন্দ্রীয় সংসদে জায়গা নিচেছ। দ্বিতীয় বিশ্বযুদ্ধের পর জার্মানিতে কোনো নতুন দল এই মাত্রার জনপ্রিয়তা পায়নি। এএফডি'র জনপ্রিয়তা কেন বাড়ছে? ইউরোপের অভিন্ন মুদ্রা ইউরো বাতিলের দাবি নিয়ে ২০১৩ সালে রাজনৈতিক দল হিসাবে এএফডি'র আত্মপ্রকাশ। কিন্তু পরপরই তাদের রাজনীতির প্রধান লক্ষ্যবস্তু হয়ে ওঠে অভিবাসন এবং ইসলাম। তাদের নেতারা বলতে শুরু করেন জার্মান সমাজের সাথে ইসলামি সংস্কৃতি এবং জীবনধারার সহাবস্থান অসম্ভব। মসজিদের মিনার নিষিদ্ধ করার দাবি তোলা হয়। তারপর ২০১৫ সালে কয়েক মাসের মধ্যে জার্মানিতে সিরিয়া এবং কয়েকটি মুসলিম দেশ থেকে প্রায় ১০ লাখ মানুষকে রাজনৈতিক আশ্রয় দেয়া নিয়ে যে জন-অসন্তোষ জার্মানিতে ছড়িয়ে পড়ে, তার রাজনৈতিক ফায়দা নিতে উঠেপড়ে লেগে যায় এএফডি। বোরখা এবং মসজিদে বিদেশী অর্থ নিষিদ্ধ করার কথা দাবি তোলা শুরু করে তারা। জার্মানি সহ ইউরোপের দেশে দেশে বিভিন্ন জাতিধর্মের লোকজনকে নাগরিকত্ব এবং বসবাসের অধিকার দেওয়ার যে নীতি রয়েছে, সেটিকে 'অকার্যকর' বলে স্লোগান তুলতে থাকে দলটি। বিশেষ করে জার্মানিতে যে প্রায় ৩০ লাখ তুর্কি বংশোদ্ভূত জনগোষ্ঠী রয়েছে, তারাই এএফডির আক্রমণের প্রধান লক্ষ্যতে পরিণত হয়। আরও পড়ুন: যেভাবে হামলার মুখে পড়েছে বাংলাদেশী সেনারা বার্লিনে এএফডি বিরোধী বিক্ষোভ এখন কী করতে চায় এএফডি? রোববারের নির্বাচনে অসামান্য ফলাফলের পর এএফডি পরিষ্কার ইঙ্গিত দিয়েছে তারা অভিবাসনের বিরুদ্ধে তাদের রাজনীতিকে আরো শাণিত করবে। দলের অন্যতম প্রতিষ্ঠাতা অ্যালেক্সান্ডার গাওল্যান্ড বলেন, তার দল ""বিদেশীদের আগ্রাসন"" বন্ধের জন্য লড়াই এখন আরো জোরদার করবে। ""জার্মানি নতুন নীতি চায়...হঠাৎ দশ লাখ লোক ডেকে এনে দেশের একটি অংশ তাদের দিয়ে দেওয়া হয়েছে..ভিন্ন একটি সংস্কৃতি থেকে এত বিদেশীর আগ্রাসন আমি চাইনা। সোজা কথা।""",মাত্র চার বছর আগে জন্ম নিলেও জার্মান সংসদের ৯০টিরও বেশি আসন জেতা কট্টর ডানপন্থী দল এএফডি (অলটারনেটিভ ফর জার্মানি) বিশ্বাস করে জার্মান সমাজে ইসলামের কোনো জায়গা নেই।,আলেক্সান্ডার গাওল্যান্ড এবং আ্যালিস ভিডেল জার্মানির রাজনৈতিক দল এএফডি'র সাফল্য পেয়েছে।,0.05263157894736842,0.0,0.05263157894736842,0.65876657,11,27
"এশিয়ার অন্য দেশেও মাদক হিসাবে ইয়াবা ব্যবহৃত হচ্ছে। থাইল্যান্ডে একজন পুলিশ কর্মকর্তা ধৃত চালান দেখাচ্ছেন। নেশার বড়ি ইয়াবা পকেটে ঢুকিয়ে চাপ দিয়ে পুলিশের টাকা আদায়ের অভিযোগের খবর ইদানীং হর-হামেশা চোখে পড়ে বাংলাদেশে । কিন্তু অভিযোগ নিয়ে পুলিশের বিরুদ্ধে মামলা করার ঘটনা বিরল। কিন্তু চট্টগ্রামের এক নারী পাহাড়তলি থানার অফিসার-ইন-চার্জ সহ সাতজন পুলিশ সদস্যের বিরুদ্ধে ইয়াবা ঢুকিয়ে হয়রানির অভিযোগে মামলা করেছেন। মেহেরুন্নিসার অভিযোগ, তার ছেলে মেহেদি হাসানকে রাস্তা থেকে ধরে নিয়ে গিয়ে পুলিশ তিন লক্ষ টাকা দাবি করে। তিনি টাকা দিতে অস্বীকার করলে পকেটে ৪০টি ইয়াবা বড়ি পাওয়ার অভিযোগে তার ছেলের বিরুদ্ধে মামলা দিয়েছে পুলিশ। ২৫শে এপ্রিল রাতের এই ঘটনার পর, সোমবার পুলিশের বিরুদ্ধে আদালতে গিয়ে পাল্টা মামলা করেন মেহেরুন্নিসা । চট্টগ্রামের মহানগর হাকিম আদালতের বিচারক এক মাসের মধ্যে তদন্ত করে রিপোর্ট দিতে পুলিশের অপরাধ তদন্ত ব্যুরোকে নির্দেশ দিয়েছেন। পাহাড়তলি থানার ওসি রফিকুল ইসলাম অবশ্য বিবিসিকে বলেছেন, মেহেদি হাসান এবং তার এক সহযোগীর বিরুদ্ধে ইয়াবা ব্যবসার সাথে জড়িত থাকার পুরনো মামলা ছিল, তার বিরুদ্ধে ওয়ারেন্টও ছিল। পুলিশের বিরুদ্ধে মেহেরুন্নিসার বক্তব্য মেহেরুন্নিসার আইনজীবী বাবুল দাস বিবিসি বাংলাকে বলেন, ২৫শে এপ্রিল রাতে টিভিতে আইপিএল ম্যাচ দেখার পর মেহেদি হাসান এবং তার দুই বন্ধু রাস্তায় বেরিয়েছিলেন। সেসময় স্থানীয় পাহাড়তলি থানার পাঁচ পুলিশ সদস্য তাদেরকে আটক করে মারধর করতে থাকে। খবর পেয়ে মেহেদি হাসানের মা মেহেরুন্নিসা দৌড়ে গেলে পুলিশ জানায় তার ছেলের বিরুদ্ধে ইয়াবা ব্যবসা জড়িত থাকার মামলা রয়েছে। আইনজীবী বাবুল দাস বলেন—তার মক্কেল প্রমাণ চাইলে, পুলিশ তাকে তিন লাখ টাকা নিয়ে থানায় দেখা করতে বলে। অন্যথায় তাকে নানা মামলায় জড়িয়ে ফেলার হুমকি দেয়া হয়। পরদিন মেহেদি হাসানের পকেটে ৪০টি ইয়াবা বড়ি পাওয়ার অভিযোগে মামলা করে পুলিশ তাকে আদালতে চালান করে দেয়। সাথে আটক তার বন্ধুর পকেটে ১২টি ইয়াবা বড়ি পাওয়ার পাওয়ার অভিযোগে ভিন্ন একটি মামলা করে পুলিশ। চারদিন পর মেহেদি হাসানের ক্ষুব্ধ মা সোমবার পুলিশের বিরুদ্ধে হয়রানির পাল্টা মামলা করেন। এশিয়ার অন্য দেশেও মাদক হিসাবে ইয়াবা ব্যবহৃত হচ্ছে। থাইল্যান্ডে একজন পুলিশ কর্মকর্তা ধৃত চালান দেখাচ্ছেন। পুলিশী হয়রানির বিস্তর অভিযোগ বাংলাদেশে ইয়াবা ঢোকার প্রধান রুট কক্সবাজার-চট্টগ্রাম। মিয়ানমার থেকে ঢুকে এই পথেই বাংলাদেশের অন্যত্র নেয়া হয়। স্থানীয় সাংবাদিকরা বলছেন, এই চোরাচালানের সাথে স্থানীয় রাজনীতিক এবং নিরাপত্তা বাহিনীর কিছু কিছু সদস্যের জড়িয়ে পড়ার অভিযোগ যেমন রয়েছে, সেইসাথে, ইয়াবা পকেটে ঢুকিয়ে ব্লাকমেইল করে টাকা আদায় করার বহু অভিযোগও পুলিশের বিরুদ্ধে নিয়মিত আসছে । চট্টগ্রামের সাংবাদিক ইকরামুল হক বুলবুল বলেন বিশেষ করে গ্রামাঞ্চল, মফস্বল থেকে এরকম হেনস্থার অভিযোগ মাঝেমধ্যেই তারা শোনেন। গত বছর অক্টোবরে টেকনাফে ব্যবসায়ীদের করা অভিযোগের ভিত্তিতে সেনাবাহিনী ১৭ লাখ টাকা সহ গোয়েন্দা পুলিশের বেশ কয়েকজন সদস্যকে আটক করার পর তা নিয়ে তোলপাড় হয়েছিল। তারও আগে জুন মাসের দিকে টেকনাফের একটি গ্রামের আওয়ামী লীগের একজন তৃণমূল কর্মী স্বরাষ্ট্র মন্ত্রনালয়ে অভিযোগ করেছিলেন - এ ধরণের ব্লাকমেইলের শিকার হয়ে তাকে জমি বিক্রি করতে হয়েছিল। ঐ অভিযোগের তদন্তের পর, টেকনাফ থেকে আটজন পুলিশ সদস্যকে বদলি করা হয়েছিল। কক্সবাজারের সাংবাদিক তোফায়েল আহমেদ বলেন - ঐ দুটো ঘটনার পর পুলিশের বিরুদ্ধে হয়রানির অভিযোগ কিছুটা কমেছে। ""তারপরও ইয়াবা সংশ্লিষ্ট এ ধরণের পুলিশী হয়রানির বহু রিপোর্ট নিয়মিত আমাকে করতে হয়।"" পাহাড়তলি থানার ওসি রফিকুল ইসলাম অবশ্য বলেন, ইয়াবা ব্যবসার সাথে বহু মানুষ জড়িত এবং তাদের ধরতে গেলেই পুলিশের বিরুদ্ধে অভিযোগ আসে। বাংলাদেশের মাদক নিয়ন্ত্রণ অধিদপ্তরের মহাপরিচলক জামাল উদ্দিন আহমেদ বিবিসিকে বলেন - তারাও পত্রপত্রিকায় এ ধরণের পুলিশী হয়রানির খবর দেখেন। ""মাদক চোরাচালান ঠেকাতে আমাদের পাশাপাশি পুলিশ, বিজিবিও কাজ করে, তারা যদি কোনা অন্যায় করে সেটা দেখা তাদের স্ব স্ব বিভাগের দায়িত্ব, আমরা সেটাই আশা করি।"" আরও পড়ুন: শব-ই-বরাতে হালুয়া-রুটির প্রচলন হয়েছিল কিভাবে? পপ ভিডিও 'তোরি সুরত' নিয়ে ক্ষিপ্ত ভারতের সুফিরা গোলাপের সুগন্ধের রহস্য উন্মোচন","চট্টগ্রামে ইয়াবা বিক্রির দায়ে এক যুবকের বিরুদ্ধে মামলার পর, তার মা পাল্টা মামলা করেছেন সাতজন পুলিশের বিরুদ্ধে। তার অভিযোগ, টাকা চেয়ে না পেয়ে ছেলের পকেটে ইয়াবা ঢুকিয়ে ফাঁসানো হয়েছে ।",বাংলাদেশের চট্টগ্রামে গত ২৫শে এপ্রিল রাতে রাস্তা থেকে ইয়াবা ঢুকিয়ে হয়রানির অভিযোগে সাতজন পুলিশ সদস্যের বিরুদ্ধে মামলা হয়েছে।,0.25,0.043478260869565216,0.16666666666666669,0.76294714,18,30
"চোট পাওয়ার পর রোনাল্ডোর কাঁধে হাত দিয়ে প্যাভিলিয়নে ফিরছেন কাভানি কাভানি উরুর মাংসপেশীতে চোট পেয়েছেন বলে ধারণা করা হচ্ছে। পর্তুগালের বিপক্ষে দু'টি গোলই করেন ৩১ বছর বয়সী কাভানি। তাঁর দুই গোলে পর্তুগালকে ২-১এ হারিয়ে কোয়ার্টার ফাইনাল নিশ্চিত করে উরুগুয়ে। ম্যাচের ১৬ মিনিট বাকি থাকতে খুঁড়িয়ে মাঠ ছাড়েন পিএসজি'তে খেলা এই ফরোয়ার্ড। শুক্রবার ফ্রান্সের বিপক্ষে কোয়ার্টার ফাইনালে মাঠে নামবে উরুগুয়ে। তাবারেজ বলেন, ""আমাদের হাতে খুব বেশী সময় নেই।"" ""এই মুহুর্তে আমরা শুধু দুশ্চিন্তাই করতে পারি, চোট কতটা মারাত্মক তা এখনো আমরা জানি না।"" কাভানি বলেছেন, ""আমি আশা করছি চোটটা সামান্য কিছুই হবে।"" ""একটা পর্যায়ে আমি সামান্য ব্যথা অনুভব করি যার ফলে খেলা চালিয়ে যেতে পারিনি। তবে আমি আশা করবো সুস্থ থাকার। পরের ম্যাচে মাঠে খেলতে নামার জন্য যা করতে হয় আমি তাই করবো।"" ""দলের বিজয়ের ফলে সবার উদযাপন দেখে আমার খুবই ভালো লাগছে"", বলেন কাভানি। বিবিসি বাংলায় আরো পড়ুন: শেষ ১৬-তে কেমন করবে মেসি আর রোনাল্ডোর দল? বিশ্বকাপ ২০১৮: গ্রুপ পর্বের সেরা মুহূর্ত, সেরা চরিত্র বিশ্বকাপ ২০১৮: দক্ষিণ কোরিয়া-মেক্সিকো 'ভাই ভাই' বিশ্বকাপের প্রথম রাউন্ডে কারা নায়ক, কারা ভিলেন","উরুগুয়ে কোচ অস্কার তাবারেজ বলেছেন, পর্তুগালের বিপক্ষে ম্যাচে এডিনসন কাভানির খুঁড়িয়ে মাঠ ছাড়ার দৃশ্য তাঁকে ""দুশ্চিন্তায় ফেলেছে""।",উরুগুয়ে ক্রিকেটার তাবারেজ বলছেন চোট পাওয়ার পর তাঁর দল ফিরতে পারবেন না।,0.13793103448275862,0.0,0.13793103448275862,0.74371916,12,17
"অর্থনীতিতে নোবেল পেয়েছেন এই তিনজন দ্যা রয়েল সুইডিশ একাডেমি অব সায়েন্সেস বৈশ্বিক দারিদ্র বিমোচনে তাদের পরীক্ষা নিরীক্ষার দৃষ্টিভঙ্গির প্রশংসা করেছে। প্রতিষ্ঠানটি বলছে, এই তিনজন অর্থনীতিবিদের গবেষণা দারিদ্রের সাথে লড়াইয়ের সক্ষমতাকে আরও শক্তিশালী করেছে। একাডেমি বলছে, মাত্র দু'দশকে তাদের নতুন নিরীক্ষা ভিত্তিক দৃষ্টিভঙ্গি ডেভেলপমেন্ট ইকোনমিকসে রূপ নিয়েছে, যা এখন গবেষণার নতুন ক্ষেত্র হিসেবে বিকশিত হচ্ছে। অভিজিৎ বিনায়ক ব্যানার্জি পড়াশোনা করেছেন ভারতের কলকাতা বিশ্ববিদ্যালয়, জওহরলাল নেহরু বিশ্ববিদ্যালয় ও হার্ভার্ড বিশ্ববিদ্যালয়ে। তিনি পিএইচডি করেছেন ১৯৮৮ সালে। এখন কাজ করছেন ম্যাসাচুসেটস ইন্সটিটিউট অব টেকনোলজি, যা এমআইটি নামে বিশ্বে বহুলভাবে পরিচিত। সেখানে তিনি ফোর্ড ফাউন্ডেশন ইন্টারন্যাশনাল প্রফেসর হিসেবে অর্থনীতি পড়াচ্ছেন। ২০০৩ সালে তিনি এসথার ডুফলো ও সেন্ধিল মুল্লাইনাথানকে সাথে নিয়ে আব্দুল লতিফ জামিল পোভার্টি অ্যাকশন ল্যাব প্রতিষ্ঠা করেন। বর্তমানে যুক্তরাষ্ট্রের নাগরিক মিস্টার ব্যানার্জি জন্মগ্রহণ করেছেন ১৯৬১ সালের ২১শে ফেব্রুয়ারি। বিবিসি বাংলায় আরও পড়ুন: ট্রাম্পের নামে নোবেল পুরষ্কারের 'ভুয়া মনোনয়ন' মানুষের সৃজনশীলতা জীবনের কোন বয়সে সর্বোচ্চ থাকে আইএস'এর বিদেশি যোদ্ধাদের ফিরিয়ে নিচ্ছে কারা? বিজয়ীদের নাম ঘোষণা করেছেন প্রাইজ কমিটির চেয়ারম্যান ১৯৮১ সালে কলকাতা বিশ্ববিদ্যালয় থেকে বিএসসি ডিগ্রি অর্জনের পর ১৯৮৩ সালে জওহরলাল নেহরু বিশ্ববিদ্যালয় থেকে এমএ ডিগ্রি লাভ করেন। পরে ১৯৮৮ সালে পিএইচডি ডিগ্রি লাভ করেন হার্ভার্ড থেকে। অন্যদিকে ফরাসী ও মার্কিন নাগরিক এসথার ডুফলো হলেন গত ৫০ বছরে দ্বিতীয় নারী যিনি অর্থনীতিতে নোবেল পেলেন। এর আগে ২০০৯ সালে এলিনর ওসট্রম নোবেল জিতেছিলেন। তবে অর্থনীতিতে নোবেল জয়ীদের মধ্যে মিজ ডুফলোই সর্বকনিষ্ঠ। ১৯৭২ সালে প্যারিসে জন্মগ্রহণ করা এসথার ডুফলো এখন এমআইটিতে কর্মরত আছেন। তবে মাইকেল ক্রেমার কাজ করছেন হার্ভার্ডে। এমআইটিতে আব্দুল লতিফ জামিল পোভার্টি অ্যাকশন ল্যাব-এর সহপ্রতিষ্ঠাতা এসথার ডুফলো ইতিহাস ও অর্থনীতিতে পড়াশোনা করেছেন প্যারিসে। পরে এমআইটিতে অর্থনীতিতে পিএইচডি করেন তিনি ১৯৯৯ সালে। তিনি আমেরিকান ইকনোমিক রিভিউর সম্পাদক। বিনায়ক ব্যানার্জি এসথার ডুফলোর স্বামী। প্রথম স্ত্রীর সঙ্গে ছাড়াছাড়ির পর ২০১৫ সালে মিস্টার ব্যানার্জি মিজ ডুফলোর সাথে বিবাহবন্ধনে আবদ্ধ হন। ওদিকে মাইকেল ক্রেমার হার্ভার্ডের অর্থনীতি বিভাগে গেটস প্রফেসর হিসেবে কর্মরত রয়েছেন। তিনি আমেরিকান একাডেমি অব আর্টস অ্যান্ড সায়েন্সেসের ফেলো। ওয়ার্ল্ড ইকনোমিক ফোরামের ইয়াং গ্লোবাল লিডারও মনোনীত হয়েছিলেন তিনি। অভিজিৎ বিনায়ক ব্যানার্জি, এসথার ডুফলো এবং মাইকেল ক্রেমার - এই তিনজনই অনেক গুরুত্বপূর্ণ প্রতিষ্ঠানে ফেলো হিসেবে কাজ করেছেন এবং বেশ কিছু বইয়ের লেখক। যৌথভাবে নোবেল পাওয়াতে পুরষ্কারের অর্থ হিসেবে নব্বই লক্ষ সুইডিশ ক্রোনার এখন তাদের মধ্যে সমবন্টন করা হবে। এর আগে ভারতীয় বাঙালিদের মধ্যে অর্থনীতিতে নোবেল জিতেছিলেন অমর্ত্য সেন। আর বাংলাদেশের ড. মুহাম্মদ ইউনূস নোবেল জিতেছিলেন শান্তিতে।","চলতি বছর অর্থনীতিতে নোবেল পেয়েছেন কলকাতার সন্তান অভিজিৎ বিনায়ক ব্যানার্জি, তাঁর স্ত্রী এসথার ডুফলো এবং মাইকেল ক্রেমার।",২০১৯ সালের অর্থনীতিতে নোবেল পুরষ্কার পেয়েছেন অভিজিৎ বিনায়ক ব্যানার্জি ও আব্দুল লতিফ জামিল পোভার্টি অ্যাকশন ল্যাব।,0.30303030303030304,0.12903225806451615,0.30303030303030304,0.7962611,16,17
"গ্রাম পঞ্চায়েতের সভা কন্যার বয়স পাঁচ, আর বরের বয়স আট। ঘটনাটি ঘটেছে ভারতের মধ্যপ্রদেশ রাজ্যের গুনা জেলায়। ইন্ডিয়া টাইমস পত্রিকা খবর দিয়েছে, তিন বছরের পুরনো এক বিবাদের মীমাংসা করতেই তারাপুর গ্রামের পঞ্চায়েত এই ব্যবস্থা নিয়েছে। খবরে বলা হয়েছে, মেয়ে শিশুটির বাবা জগদীশ বানজারা একদিন দেখেন যে একটি বাছুর তাঁর ফসলের ক্ষেতে চড়ে বেড়াচ্ছে। উত্তেজিত হয়ে তিনি তখন বাছুরটিকে ঢিল ছুঁড়ে মারেন। কিন্তু ঢিল লেগে বাছুরটি মারা যায়। এরপর বাছুরের মালিকের সাথে তার দীর্ঘদিন ধরে ঝগড়া চলে। আরো দেখুন: আজানের বিরুদ্ধে মন্তব্য করে বিতর্কে গায়ক সনু নিগম ফেসবুকের শুদ্ধি অভিযান ও ‘লাইকের রাজা’ বৃত্তান্ত গো-হত্যার দায়ে জগদীশ বানজারাকে সামাজিকভাবে এক ঘরে করা হয়। গঙ্গাস্নান করে শুদ্ধ হওয়া এবং গ্রামবাসীদের মধ্যে খাবার বিতরণ করার পরও তার রেহাই হয়নি। বার্তা সংস্থা এএনআই খবর দিচ্ছে, ঐ ঘটনার পর থেকে গ্রামে কোন শুভ ঘটনা না ঘটায় পঞ্চায়েত সিদ্ধান্ত নেয় যে জগদীশ বানজারাকে তার মেয়ের বিয়ের দিতে হবে বাছুরের মালিকের ছেলের সাথে। মেয়েটির মা এ নিয়ে পুলিশের কাছে অভিযোগ দায়ের করার পরই ঘটনাটি সম্পর্কে সংবাদমাধ্যম জানতে পারে। গুনা জেলার ম্যাজিস্ট্রেট নীরাজ শর্মা এএনআইকে জানিয়েছে, অভিযোগটি তারা এখন তদন্ত করে দেখছেন। ওদিকে গ্রামে এই বাল্যবিবাহের প্রস্তুতি পুরোদমে চলছে বলে খবর দিচ্ছে ইন্ডিয়া টাইমস।",একটি বাছুরের প্রাণ সংহার করার দায়ে ভারতের এক গ্রাম-পঞ্চায়েত এক লোককে আদেশ দিয়েছে নিজের মেয়েকে গরুর মালিকের ছেলের সাথে বিয়ে দিতে।,ভারতের একটি গ্রাম পঞ্চায়েতের সভা কন্যাকে তার মেয়ের বিয়ের দিতে হবে বাছুরের মালিকের সাথে।,0.22857142857142854,0.0,0.17142857142857143,0.8023446,14,21
"জাপানে জি-২০ শীর্ষ বৈঠকের অবকাশে প্রধানমন্ত্রী মোদী ও প্রেসিডেন্ট ট্রাম্প পাকিস্তানের প্রধানমন্ত্রী ইমরান খানকে পাশে নিয়ে সোমবার প্রেসিডেন্ট ট্রাম্পের ওই মন্তব্যের কিছুক্ষণের মধ্যেই দিল্লি তা জোরালোভাবে অস্বীকার করে। এদিন মঙ্গলবার পার্লামেন্টেও ভারতের পররাষ্ট্রমন্ত্রী এস জয়শঙ্কর দাবি করেছেন, প্রধানমন্ত্রী কখনওই এমন কোনও অনুরোধ জানাননি এবং দ্বিপাক্ষিক আলোচনার ভিত্তিতেই কাশ্মীর ইস্যুর সমাধান হতে হবে ভারতের এই অবস্থানেও কোনও পরিবর্তন হয়নি। তবুও ভারতের বিরোধী দলগুলো নরেন্দ্র মোদীর নিজের মুখ থেকেই এর ব্যাখ্যা শোনার জন্য জেদ ধরে আছে। আরো পড়তে পারেন: মোদী এবার কিভাবে অর্থনীতি সামলাবেন ভারতে পরিবারতান্ত্রিক রাজনীতির ধারার সমাপ্তি ঘটাচ্ছেন মোদী? আবার মোদী সরকার: কী প্রত্যাশা হবে বাংলাদেশের? সিমলা চুক্তি স্বাক্ষর করার প্রাক্কালে ইন্দিরা গান্ধী ও জুলফিকার আলি ভুট্টো আসলে কাশ্মীর প্রশ্নে কোনও তৃতীয় পক্ষ নাক গলাতে পারবে না - শুধুমাত্র ভারত ও পাকিস্তানের মধ্যে আলোচনার মাধ্যমেই এর সমাধানের পথ খুঁজতে হবে, এটাই দিল্লির বহু বছরের ঘোষিত অবস্থান। বাহাত্তরের সিমলা চুক্তি বা ১৯৯৯ সালের লাহোর ঘোষণাপত্রে উল্লিখিত এই অবস্থান থেকে ভারতের কোনও সরকার কখনোই সরে আসার ইঙ্গিত দেয়নি। সেই কারণেই যখন প্রেসিডেন্ট ট্রাম্প সোমবার ওভাল অফিসে ইমরান খানকে পাশে নিয়ে মন্তব্য করেন যে দিনকয়েক আগে প্রধানমন্ত্রী মোদী তাকে কাশ্মীর প্রশ্নে 'মিডিয়েশন বা আরবিট্রেশন করার জন্য' আর্জি জানিয়েছেন - ভারতে তার প্রতিক্রিয়া হয় বোমাবর্ষণের মতো। এদিন সকাল থেকেই ভারতের বিরোধী দলগুলো পার্লামেন্টে এই ইস্যুতে তুমুল হইচই বাঁধিয়ে দেন। ওভাল অফিসে ইমরান খানের সঙ্গে প্রেসিডেন্ট ট্রাম্প। ২২শে জুলাই, ২০১৯ উপরাষ্ট্রপতি ভেঙ্কাইয়া নাইডুকে রাজ্যসভায় বারবার বলতে শোনা যায়, ""আপনারা কি ভারতের প্রধানমন্ত্রীর চেয়েও মার্কিন প্রেসিডেন্টকে বেশি বিশ্বাস করেন?"" ""দয়া করে একটা জাতীয় ইস্যুকে রাজনৈতিক রঙ দেবেন না!"" কিছুক্ষণ পরেই পররাষ্ট্রমন্ত্রী এস জয়শঙ্কর পার্লামেন্টে বিবৃতি দিয়ে বলেন, ""আমি পরিষ্কার করে বলতে চাই প্রধানমন্ত্রী মোদী কখনও প্রেসিডেন্ট ট্রাম্পকে এরকম কোনও অনুরোধ জানাননি।"" ""আমাদের অবস্থান খুব পরিষ্কার - পাকিস্তানের সঙ্গে সব অমীমাংসিত ইস্যু কেবলমাত্র দ্বিপাক্ষিক আলোচনার ভিত্তিতেই মেটাতে হবে, আর সেটাও হবে তারা সন্ত্রাসবাদে মদত দেওয়া বন্ধ করলে তবেই।"" বিবিসি বাংলায় আরো পড়তে পারেন: বাংলাদেশে বন্যায় ১২ দিনে ৮৭ জনের মৃত্যু কাটা মাথা আতঙ্ক জেঁকে বসেছে প্রত্যন্ত গ্রামে বরগুনা হত্যাকাণ্ড: মাদক, রাজনীতি আর ক্ষমতার চক্র ভারতের পররাষ্ট্রমন্ত্রী এস জয়শঙ্কর ঘটনা হল, সপ্তাহদুয়েক আগে জাপানে জি-২০ সামিটে ট্রাম্প ও মোদীর সত্যিই একান্তে কথাবার্তা হয়েছিল। অতএব প্রধানমন্ত্রীর নিজের মুখ থেকে ব্যাখ্যা শোনার দাবিতে বিরোধী দলগুলো এরপরেও অটল থাকে। কংগ্রেস নেতা গুলাম নবি আজাদ অন্য বিরোধী নেতাদের সাথে নিয়ে সাংবাদিক সম্মেলন করে বলেন, ""ভারতের অবস্থান খুব ভাল করে জানা সত্ত্বেও প্রেসিডেন্ট ট্রাম্প কেন এই ধরনের একটা কথা বললেন সেটাই আমরা জানতে চাই।"" ""নিশ্চয় কোনও বিশেষ কারণেই তিনি এটা বলেছেন।"" ""আমরা আমাদের প্রধানমন্ত্রীকে বিশ্বাস করতে রাজি আছি। এটা বলছি না যে তিনি মিথ্যা কথা বলছেন - কিন্তু তার পার্লামেন্টে এসে বিবৃতি দিতে অসুবিধা কোথায়?"" কংগ্রেস নেতা ও ভারত শাসিত কাশ্মীরের সাবেক মুখ্যমন্ত্রী গুলাম নবি আজাদ কংগ্রেস নেতা শশী থারুর অবশ্য বলেছেন, তার ধারণা ভালমতো না বুঝেই এবং কাশ্মীর ইস্যুতে সঠিকভাবে 'ব্রিফড' বা অবহিত না হয়েই প্রেসিডেন্ট ট্রাম্প ওই মন্তব্য করেছেন। দিল্লিতে বহু পর্যবেক্ষকেরও ধারণা অনেকটা সেরকমই। সিনিয়র কূটনৈতিক সংবাদদাতা দেবীরূপা মিত্র যেমন বিবিসিকে বলছিলেন, ""কাশ্মীরে তৃতীয় পক্ষের মধ্যস্থতায় ভারতের কোনও লাভ নেই।"" ""ফলে মোদীর এই ধরনের ইউ টার্ন নেওয়ারও কোনও কারণই নেই।"" কাশ্মীর নিয়ে ভারত ও পাকিস্তানের বিরোধ চলছে সত্তর বছরেরও বেশি সময় ধরে ""তাই গোটা ব্যাপারটাই খুব ধন্দে ফেলার মতো।"" ""তবুও আমার ধারণা, বিভিন্ন দেশের অতিথি নেতাদের পাশে নিয়ে তাদের খুশি করে কথা বলাটা মার্কিন প্রেসিডেন্টের পুরনো অভ্যাস, আর এটাও সেই 'ট্রাম্প টেমপ্লেটে'রই অংশ।"" বিতর্ক সামাল দিতে মার্কিন পররাষ্ট্র মন্ত্রণালয় অবশ্য এর মধ্যেই বিবৃতি দিয়ে বলেছে, কাশ্মীর একটি 'দ্বিপাক্ষিক ইস্যু' বলেই তারা মনে করে। অন্য দিকে ইমরান খানও মি ট্রাম্পের মন্তব্যকে লুফে নিতে দেরি করেননি। তবে দিল্লি ও ওয়াশিংটন যত দ্রুত সম্ভব এই অস্বস্তিকর বিতর্ককে ভুলে যাওয়ারই চেষ্টা চালাচ্ছে।",ভারতের প্রধানমন্ত্রী নরেন্দ্র মোদী তাকে বিতর্কিত কাশ্মীর ইস্যুতে মধ্যস্থতা করার অনুরোধ জানিয়েছেন - মার্কিন প্রেসিডেন্ট ডোনাল্ড ট্রাম্পের এই ঘোষণা ভারতকে চরম বিব্রতকর অবস্থায় ফেলে দিয়েছে।,"কাশ্মীর প্রশ্নে ভারত ও পাকিস্তানের মধ্যে দ্বিপাক্ষিক আলোচনার মাধ্যমে 'মিডিয়েশন বা আরবিট্রেশন' করার অনুরোধ জানিয়েছেন মার্কিন প্রেসিডেন্ট ডোনাল্ড ট্রাম্প, কিন্তু দিল্লি তা অস্বীকার করেছে।",0.2857142857142857,0.1702127659574468,0.2857142857142857,0.7441214,24,25
"বুধবার সিরিয়ার কুর্দি বাহিনীগুলোর বিরুদ্ধে তুরস্ক অভিযান শুরু করার পর থেকে অনেক বেসামরিক মানুষ মারা গেছে সিরিয়ার রাষ্ট্রীয় গণমাধ্যম এর আগে জানায় যে, উত্তরাঞ্চলে সরকারি বাহিনী নিয়োগ করা হয়েছে। গত সপ্তাহে শুরু হওয়া তুর্কি অভিযানের মূল উদ্দেশ্য কুর্দি বাহিনীগুলোকে সীমান্ত এলাকা থেকে উৎখাত করা। কুর্দি নেতৃত্বাধীন সিরিয়ান ডেমোক্র্যাটিক ফোর্সেস বা এসডিএফ-এর নিয়ন্ত্রণে থাকা এলাকাগুলো গত সপ্তাহে তীব্র বোমা হামলার শিকার হয়েছে। সীমান্তবর্তী দু'টি শহরে তুরস্কের বাহিনী শক্ত অবস্থান নিতে শুরু করেছে। সীমান্তের দুই প্রান্তেই বেসামরিক নাগরিকসহ অনেক যোদ্ধা নিহত হয়েছে। রবিবার কুর্দি কর্মকর্তারা বলেছেন বিদেশি ইসলামিক স্টেট যোদ্ধাদের পরিবারের প্রায় আটশো সদস্য যুদ্ধের সুযোগ নিয়ে উত্তরাঞ্চলের আইন ইসা ক্যাম্প থেকে পালিয়ে গেছেন। তুরস্কের আগ্রাসন এবং ঐ এলাকা থেকে যুক্তরাষ্ট্রের সেনা প্রত্যাহার করে নেয়ার ঘটনায় আন্তর্জাতিক সম্প্রদায় উদ্বেগ প্রকাশ করেছে। কারণ সিরিয়ায় ইসলামিক স্টেটের বিরুদ্ধে যুদ্ধে পশ্চিমা জোটের প্রধান সহযোগীই ছিল এসডিএফ। আরো পড়তে পারেন: ভূমিকম্প মোকাবেলা: প্রতিশ্রুতি এবং বাস্তবতার ফারাক কোর্টের রায়ের পরও ক্ষতিপূরণ দিতে গড়িমসি ঐক্যফ্রন্ট 'ব্যর্থ', তবু জোট ভাঙতে চায়না বিএনপি সিরিয়ার কোন এলাকা এখন কার নিয়ন্ত্রণে কিন্তু তুরস্ক এসডিএফ'এর কুর্দি সেনাদের সন্ত্রাসী হিসেবে চিহ্নিত করে। তুরস্কের বক্তব্য, তারা সিরিয়ার ভেতরে অন্তত ৩০ কিলোমিটার পর্যন্ত কুর্দিদের হটিয়ে 'নিরাপদ অঞ্চল' তৈরি করতে চায়। তুরস্কের ভেতরে থাকা ৩০ লাখের বেশি সিরিয় শরণার্থীকে ঐ অঞ্চলে পুনর্বাসিত করার পরিকল্পনার কথাও বলেছে তুর্কি কর্তৃপক্ষ। সমালোচকরা আশঙ্কা প্রকাশ করেছেন, এর ফলে ঐ অঞ্চলে বসবাসরত কুর্দিরা জাতিগত নিধনের শিকার হতে পারে। চুক্তি সম্পর্কে কী জানা যাচ্ছে? উত্তর সিরিয়ার কুর্দি নেতৃত্বাধীন প্রশাসন বলছে যে চুক্তি অনুযায়ী পুরো সীমান্ত জুড়ে সিরিয় সেনাবাহিনী মোতায়েন করা হবে। এই সেনা মোতায়েন এসডিএফ'কে 'তুরস্কের সেনা এবং ভাড়াটে বিদেশি সেনাদের আগ্রাসনের বিরুদ্ধে এবং সংঘাতপূর্ণ এলাকাগুলো মুক্ত করতে সহায়তা করবে' বলে এক বিবৃতিতে জানিয়েছে তারা। বিবৃতিতে আরো বলা হয়েছে: এই পদক্ষেপ আফ্রিনের মত যেসব সিরিয় শহর তুর্কি বাহিনীর অধীনে রয়েছে, সেসব শহর মুক্ত করতেও অগ্রণী ভূমিকা পালন করবে। তুরস্কের সেনাবাহিনী এবং তাদের সমর্থক সিরিয়ার বিদ্রোহী গোষ্ঠীগুলো ২০১৮ সালে দুই মাসের এক অভিযানের পর আফ্রিন শহর থেকে কুর্দি যোদ্ধাদের বিতাড়িত করে। আরো পড়তে পারেন: সিরিয়ায় কি ইসলামিক স্টেট ফিরে আসতে পারে? আইএস'এর বিদেশি যোদ্ধাদের ফিরিয়ে নিচ্ছে কারা? তুরস্কের অভিযানের শিকার কুর্দি জনগোষ্ঠী কারা? শোক প্রকাশ করছেন এক নারী কুর্দি যোদ্ধা এই চুক্তি কুর্দিদের জোট পরিবর্তনের ক্ষেত্রে গুরুত্বপূর্ণ একটি ভূমিকা রাখতে পারে - বিশেষ করে ঐ এলাকায় দীর্ঘসময় ধরে থাকা মার্কিন সেনাবাহিনীর সমর্থন হঠাৎ শেষ হয়ে যাওয়ার পর। তবে সিরিয়ার সরকার কুর্দি বাহিনীদের সাথে কী প্রতিশ্রুতি দিয়েছে তা এখনো নিশ্চিতভাবে জানা যায়নি। এসডিএফ প্রধান মাজলুম আবদি ফরেন পলিসি ম্যাগাজিনের জন্য লেখা এক প্রতিবেদনে স্বীকার করেছেন যে, আসাদ সরকার ও তাদের রুশ মিত্রদের সাথে 'যন্ত্রণাদায়ক আপস' করবে তারা। তিনি লিখেছেন, ""আমরা তাদের প্রতিশ্রুতি বিশ্বাস করি না। সত্যি বলতে কাকে বিশ্বাস করবো তা ঠিক করা খুবই কঠিন।"" ""কিন্তু আমাদের আপস এবং আমাদের মানুষের গণহত্যা - দু'টির একটি বেছে নিতে হবে। তাই আমরা আমাদের মানুষের ব্যাপারেই চিন্তা করেছি।"" মার্কিন প্রেসিডেন্ট ডোনাল্ড ট্রাম্প গত সপ্তাহে হঠাৎই উত্তর-পূর্ব সিরিয়ার কিছু অঞ্চল থেকে মার্কিন সেনা প্রত্যাহার করে নেয়ার পরপর তুরস্ক সিরিয়ার সেসব অঞ্চলে আগ্রাসন চালানোর সিদ্ধান্ত নেয়। সিরিয়ার কারাগারে আইএস বন্দীদের নিয়ে উদ্বেগ কেন সেসময় মার্কিন বাহিনী প্রত্যাহারের বিষয়টিকে এসডিএফ 'পিঠে ছুরি চালানো'র সাথে তুলনা করেছিল। তুরস্ক এখন পর্যন্ত কতদূর অগ্রসর হয়েছে? তুরস্ক সিরিয়ার উত্তরাঞ্চলে আরো শক্ত অবস্থান নিচ্ছে। রবিবার প্রেসিডেন্ট এরদোয়ান বলেছেন যে তার বাহিনী ১০৯ বর্গকিলোমিটার এলাকা দখল করে নিয়েছে, যার মধ্যে ২১টি গ্রামও রয়েছে। তিনি সাংবাদিকদের বলেন অন্যতম প্রধান সীমান্তবর্তী অঞ্চল রাস আল-আইন তুরস্কের নিয়ন্ত্রণে এসেছে। যদিও এসডিএফ বলেছে তারা তুরস্কের সেনাদের শহরের বাইরে হটিয়ে দিয়েছে। মি. এরদোয়ান বলেছেন তুরস্কের বাহিনী তাল আবইয়াদ শহরও ঘেরাও করে রেখেছে। যুক্তরাজ্য ভিত্তিক পর্যবেক্ষক গ্রুপ সিরিয়ান অবজারভেটরি ফর হিউম্যান রাইটস বলেছে, তুরস্ক ঐ এলাকার পূর্ণ নিয়ন্ত্রণ নিয়েছে। এসডিএফ'এর বিরুদ্ধে অভিযানে তুরস্কের অন্যতম প্রধান লক্ষ্য রাস আল-আইন এবং তাল আবইয়াদ শহর দু'টি। এখন পর্যন্ত হতাহতের সংখ্যা: ঐ এলাকায় সংঘাতের ফলে হতাহতের সংখ্যা ক্রমেই বাড়ছে। সীমান্তের দুই পাশেই বেসামরিক নাগরিকসহ সেনারাও নিহত হয়েছেন। জাতিসংঘের মানবাধিকার সংস্থা বলছে প্রায় ১ লাখ ৬০ হাজার বেসামরিক নাগরিক এখন ভাসমান রয়েছেন এবং এই সংখ্যা বাড়তে পারে। ঐ অঞ্চলে তাদের কর্মকর্তা-কর্মচারীদের নিরাপত্তা নিয়ে চিন্তিত তারা।",সিরিয়ার কুর্দিরা বলছে যে সিরিয় সরকার দেশের উত্তরাঞ্চলের সীমান্তে সেনাবাহিনী পাঠিয়ে তাদের কুর্দিদের বিরুদ্ধে তুরস্কের চালানো আগ্রাসন প্রতিহত করার চেষ্টা করবে।,সিরিয়ার উত্তরাঞ্চলে তুরস্কের বাহিনীর বিরুদ্ধে তীব্র অভিযান শুরু করার পর থেকে অনেক বেসামরিক মানুষ মারা গেছে বলে জানিয়েছে দেশটির রাষ্ট্রীয় গণমাধ্যম।,0.19047619047619047,0.0,0.14285714285714285,0.7419013,21,21
"পদ্মাবতীর ভূমিকায় অভিনয় করেছেন দীপিকা পাডুকোন দেশের চারটি বিজেপি-শাসিত রাজ্য এর আগে এই বিতর্কিত সিনেমাটি নিষিদ্ধ করেছিল, কিন্তু তা খারিজ করে শীর্ষ আদালত বলেছে, রাজ্যগুলো আলাদা করে কোনও সিনেমা নিষিদ্ধ করতে চাইলে তা হবে ভারতের যুক্তরাষ্ট্রীয় কাঠামোর পরিপন্থী। যে রাজপুত সংগঠনটি গত কয়েক মাস ধরে এই ছবিটির বিরুদ্ধে আন্দোলন করে আসছে সেই কার্নি সেনা অবশ্য এখনও 'পদ্মাবত' বর্জনের ডাক দিচ্ছে। আর সুপ্রিম কোর্টের রায়ের বিরুদ্ধে আপিল করার কথা ভাবছে হরিয়ানা, রাজস্থানের মতো অনেক রাজ্যই। বলিউডের নামজাদা পরিচালক সঞ্জয় লীলা ভানশালির ছবি পদ্মাবতী রাজপুতদের ভাবাবেগকে আহত করবে, এই যুক্তিতে গত ক'মাস ধরে ভারতের নানা প্রান্তে যে পরিমাণ বিক্ষোভ-প্রতিবাদ ও ভাঙচুর হয়েছে তা প্রায় নজিরবিহীন। শেষ পর্যন্ত ছবির নাম পাল্টে ও কিছু পরিমার্জন করে ছবির নির্মাতারা সেন্সর বোর্ডের ছাড়পত্র পেয়েছেন, আর আগামী ২৫শে জানুয়ারি তা প্রেক্ষাগৃহে মুক্তি পাওয়ারও কথা। কিন্তু এর মধ্যে রাজস্থান, মধ্যপ্রদেশ, গুজরাট ও হরিয়ানা ছবিটি নিষিদ্ধ করলে নির্মাতারা আদালতের শরণাপন্ন হন। আর সেই আবেদনেই প্রধান বিচারপতি দীপক মিশ্রর রায় বৃহস্পতিবার রাজ্যগুলির বিরুদ্ধে গেছে। পদ্মাবতীতে আলাউদ্দিন খিলজির ভূমিকায় রণবীর সিং আরো দেখুন: মেক্সিকো দেয়াল নিয়ে মতের বদল হয়নি: ট্রাম্প 'যশোর রোডের গাছগুলো এখনই কাটা যাবে না' প্রায় ১০০ কোটি টাকা ফেরত পাবে মুন সিনেমার মালিক চিত্রপরিচালক গৌতম ঘোষ এই রায়কে স্বাগত জানিয়ে বিবিসিকে বলছিলেন, ""সেন্ট্রাল বোর্ড অব ফিল্ম সার্টিফিকেশন অনেক দেরি করে ছবিটা দেখল, আর তার পেছনে রাজনৈতিক কারণ ছিল বলেই আমার বিশ্বাস। এ ধরনের নানা রাজনৈতিক সমীকরণ তো এদেশে চলেই ... কিন্তু তারপরও ছবির নাম পাল্টে পদ্মাবত করে, আরও নানা আপস করে শেষ পর্যন্ত যখন সবুজ সংকেত পাওয়া গিয়েছিল তার পরেও বাধা আসাটা খুব দুর্ভাগ্যজনক।"" ""একটা ফিল্ম সার্টিফিকেশন সারা দেশের জন্যই প্রযোজ্য - আলাদা করে কোনও রাজ্য কিন্তু সেই ছবিকে ব্যান করতে পারে না। পারে না, কারণ কেন্দ্রীয় সেন্সর বোর্ড তো একটা দায়িত্ব নিয়েই সারা দেশে মুক্তির জন্য সেটিকে সার্টিফিকেট দিয়েছে। তাই আমি মনে করি সুপ্রিম কোর্টের এদিনের রায় খুবই যুক্তিযুক্ত - কারণ তারা বিষয়টি সাংবিধানিক দৃষ্টিকোণ থেকে দেখেছেন।"" ছবিটি না-দেখেই যারা এর সমালোচনা করেছেন, তাদের তীব্র কটাক্ষ করে গৌতম ঘোষ আরও বলছিলেন, ""আগে ছবিটা দেখা হোক। তারপর আইন-শৃঙ্খলার সমস্যা হলে সংশ্লিষ্ট রাজ্যকে তা সামলাতে হবে - এই তো মোদ্দা কথা!"" বস্তুত সুপ্রিম কোর্ট এ কথাও বলেছে, চম্বলের দস্যুরানি ফুলন দেবীকে নিয়ে তৈরি ছবি 'ব্যান্ডিট কুইন'ও অত্যন্ত স্পর্শকাতর বিষয় নিয়ে তৈরি হয়েছিল, কিন্তু সে ছবি মুক্তি পেতে পারলে পদ্মাবত কী দোষ করল? কিন্তু যে রাজ্যগুলি পদ্মাবতকে নিষিদ্ধ করেছে তারা অত সহজে এই যুক্তি মানতে প্রস্তুত নয়। পরিচালক সঞ্জয় লীলা ভানশালির বিরুদ্ধে রাজপুতদের বিক্ষোভ রাজস্থানের স্বরাষ্ট্রমন্ত্রী গুলাবচাঁদ কাটারিয়া রায়ের পর বলেছেন, ""আইন-শৃঙ্খলা রক্ষার দায়িত্ব রাজ্যের, আর সেই দায়িত্ব পালনের জন্য এই ধরনের আদেশ জারির অধিকারও রাজ্য সরকারের আছে। তারপরেও সুপ্রিম কোর্ট যখন এ কথা বলেছে আমরা সেই রায় খতিয়ে দেখে ও আইন বিশেষজ্ঞদের সঙ্গে কথা বলে পরবর্তী পদক্ষেপ স্থির করব।"" হরিয়ানার ক্যাবিনেট মন্ত্রী অনিল ভিজ আবার বলছেন, তাদের বক্তব্য না-শুনেই সুপ্রিম কোর্ট রায় দিয়ে দিয়েছে - এখন আপিলের অবকাশ থাকলে সরকার সে রাস্তাই নেবে। তবে সুপ্রিম কোর্ট সারা দেশে ছবিটি মুক্তির নির্দেশ দিলেও সিনেমাহলে গন্ডগোলের আশঙ্কা কিন্তু থেকেই যাচ্ছে। রাজপুত কার্নি সেনার প্রধান লোকেন্দ্র কালভি হুমকি দিয়েছেন, কারও কি সাহস হবে ছবিটি দেখানোর বা হলে গিয়ে দেখার? তিনি বলছেন, ""মধ্যপ্রদেশ সরকারের ইচ্ছার বিরুদ্ধে কেউ কি এই ফিল্মের প্রদর্শন করাবেন? কোর্ট যতই রাজ্য সরকারের হাত-পা বেঁধে দিক, জনতাই তো কারফিউ করে দেবে। কারই বা হিম্মত হবে এই তুমুল জনরোষের বিরুদ্ধে গিয়ে ছবিটি দেখার? কাজেই আমরা চাই, ২৫শে জানুয়ারি পদ্মাবতী যেন কোনও সিনেমা হলেই না মুক্তি পেতে পারে।"" বিক্ষোভকারীদের এ ধরনের বক্তব্য থেকে স্পষ্ট, সুপ্রিম কোর্টের রায়ের পরও পদ্মাবতের বিরুদ্ধে তাদের প্রতিবাদ অব্যাহত থাকবে। হয়তো কোনও কোনও রাজ্য সরকারের প্রচ্ছন্ন সমর্থনও তারা পাবেন। ফলে ভারতে মতপ্রকাশের বা শিল্পের স্বাধীনতাকে সুপ্রিম কোর্টও রক্ষা করতে পারে কি না, তারই একটা বড় পরীক্ষা হতে যাচ্ছে আগামী ২৫শে জানুয়ারি - পদ্মাবতের মুক্তির দিন।",ভারতে ৭০০ বছর আগেকার চিতোরের রানি পদ্মিনীকে নিয়ে তৈরি বলিউড ছায়াছবি 'পদ্মাবত' সারা দেশেই একসঙ্গে মুক্তি পাবে বলে সুপ্রিম কোর্ট বৃহস্পতিবার নির্দেশ দিয়েছে।,ভারতের সুপ্রিম কোর্ট বিতর্কিত বলিউড সিনেমা পদ্মাবতীর ভূমিকায় অভিনয় করে দীপিকা পাডুকোনকে বাদ দিয়েছে।,0.2162162162162162,0.05714285714285715,0.16216216216216214,0.7418715,14,23
"গল্ফ খেলার পর হোয়াইট হাউসে ফিরে আসছেন ডোনাল্ড ট্রাম্প কালো রং-এর বাতাস আটকানো জ্যাকেট, কালচে রং-এর প্যান্ট এবং মাগা (মেক আমেরিকা গ্রেট এগেইন) টুপি পরে প্রেসিডেন্ট হোয়াইট হাউস থেকে বের হন সকাল দশটার একটু আগে। বেরনোর আগে পর্যন্ত সারা সকাল তিনি ভোট জালিয়াতি নিয়ে টুইট করেছেন। একটু সামনের দিকে ঝুঁকে হাঁটছিলেন, যেন বাতাস ঠেলে তাকে এগোতে হচ্ছে। একটা গাঢ় রং-এর গাড়িতে উঠলেন এবং রওনা হলেন তার গল্ফ ক্লাবের দিকে। হোয়াইট হাউস থেকে প্রায় ২৫ মাইল (৪০ কিমি) দূরে ভার্জিনিয়ার স্টার্লিংয়ে তার গল্ফ খেলার ক্লাব- ট্রাম্প ন্যাশানাল। সেই সময় তাকে বেশ আস্থায় ভরপুর দেখাচ্ছিল। তার হাবভাবে সেরকমই একটা ধারণা দিচ্ছিলেন। দিনটা ছিল দারুণ- গল্ফ খেলার জন্য উপযুক্ত দিন। তিনি ওই ক্লাবে দিনের বেলাটা কাটানোর পরিকল্পনা করেছিলেন। কিন্তু যারা তার কর্মচারী, তাদের মধ্যে মনে হচ্ছিল একটা অস্বস্তির ভাব রয়েছে। ""কেমন আছেন?"" আমি তার একজন অধস্তন কর্মীকে জিজ্ঞেস করলাম। ''ভাল,'' তিনি বললেন। একটু হাসলেন, কিন্তু তার চোখটা কুঁচকে গেল। তিনি মুখ নিচু করে তার ফোনের দিকে তাকালেন। নির্বাচনী বিপর্যয় নির্বাচনের পরের দিনগুলোতে হোয়াইট হাউসের মধ্যে বেশ একটা বিপর্যয়ের আবহাওয়া চলছে। নির্বাচন হয়েছে মাত্র গত মঙ্গলবার, কিন্তু মনে হচ্ছে সে কতদিন আগের ঘটনা। শনিবার (৭ই নভেম্বর) সকালে আমি যখন হোয়াইট হাউসের ভেতর দিয়ে হাঁটছিলাম, দেখলাম ওয়েস্ট উইং অংশে বেশিরভাগ কাজের ডেস্ক খালি পড়ে রয়েছে। বেশ কয়েকজন কর্মী করোনাভাইরাসে আক্রান্ত, তারা অফিসে আসেননি। বাকিরা কোয়ারেন্টিনে রয়েছেন। সকাল সাড়ে এগারোটায় প্রেসিডেন্ট যখন তার গল্ফ ক্লাবে, তখন থেকে বিবিসি এবং আমেরিকার সংবাদমাধ্যমগুলো তাদের ফলাফল পূর্বাভাস দিতে শুরু করল। তারা মি. ট্রাম্পের প্রতিপক্ষ জো বাইডেন নিশ্চিতভাবে জয়ী হচ্ছেন বলে ফল ঘোষণা শুরু করল। আমেরিকার নির্বাচনে এভাবেই ফলাফলের পূর্বাভাস দেওয়া হয়। যে প্রার্থী যে রাজ্যে বিজয়ের জন্য নির্ধারিত লক্ষ্যমাত্রার বেশি ভোট পান, তাকে সংবাদমাধ্যমই সেই রাজ্যে বিজয়ী বলে ঘোষণা করে দেয়। যেভাবে আমেরিকার গণমাধ্যম জো বাইডেনের জয়ের খবর দেয় বিবিসিতে আরও পড়তে পারেন: জো বাইডেনকে বিজয়ী ঘোষণার খবর যখন আমি শুনি, তখন ওই গল্ফ ক্লাব থেকে মাইলখানেক দূরে একটা ইতালীয় রেস্তোরাঁয় আমি ছিলাম। আমি হোয়াইট হাউসের সাংবাদিক পুলের একজন সদস্য। হোয়াইট হাউস সংক্রান্ত খবরাখবর দেবার দায়িত্বে থাকা হাতে গোনা কিছু সাংবাদিক এই দলে রয়েছেন। এই সাংবাদিকরা প্রেসিডেন্ট যেখানে যান, সেখানে প্রেসিডেন্টের সাথে যান। আমরা সবাই প্রেসিডেন্টের গল্ফ ক্লাব থেকে বের হওয়ার জন্য অপেক্ষা করছিলাম। রেস্তোরাঁর বাইরে এক নারী মন্তব্য করলেন, ''উনি বিষাক্ত''। ওই এলাকাটি ডেমোক্র্যাট অধ্যুষিত এবং তার বেশিরভাগ প্রতিবেশির মত তিনিও ট্রাম্পের প্রতিপক্ষ জো বাইডেনকে ভোট দিয়েছেন। অনেকে বেশ জোরে জোরেই বলতে শুরু করল প্রেসিডেন্ট কখন ক্লাব থেকে বের হবেন এবং হোয়াইট হাউসে যাবেন? মিনিটের পর মিনিট কেটে গেলে, এরপর ঘন্টার পর ঘন্টা পার হলো। আইন শৃঙ্খলার দায়িত্বে কর্মরত এক অফিসার, নিচু গলায় তার এক সহকর্মীকে বললেন, ''উনি বের হতে বেশ দেরি করছেন''। প্রেসিডেন্টের বের হওয়ার জন্য কোন তাড়া ছিল না। ক্লাবের ভেতর তিনি বন্ধু পরিবৃত হয়েছিলেন। ফটকের বাইরে তার সমর্থকরা আমাকে এবং অন্য সাংবাদিকদের লক্ষ্য করে চেঁচাতে শুরু করল: ''সংবাদমাধ্যমের অর্থ তহবিল বন্ধ করে দেয়া হোক''। এক নারী উঁচু হিলের জুতা পায়ে এবং মাথায় লাল-সাদা-নীল কাপড় বাঁধা - হাতে একটা সাইনবোর্ড ধরেছিলেন: ''চুরি বন্ধ করো।'' একজন লোক ক্লাবের সামনের রাস্তায় একটা ট্রাক নিয়ে বারবার এদিক থেকে ওদিক যাচ্ছিল। তার ট্রাকে বেশ কয়েকটা পতাকা ওড়ানো ছিল। একটাতে ছিল প্রেসিডেন্ট ট্রাম্প একটা ট্যাংকের ওপর দাঁড়িয়ে আছেন, যেন তিনি বিশ্বের অধিনায়ক। তার সমর্থকরা তাকে কীভাবে দেখেন এবং গত চার বছর মি. ট্রাম্প তার সমর্থকদের মনে নিজের যে ছবি তৈরি করে দিয়েছেন, তা থেকে সেটা বেশ পরিস্কার বোঝা যাচ্ছিল। শেষ পর্যন্ত মি. ট্রাম্প ক্লাব থেকে বের হলেন এবং তার বাসভবনের দিকে যাত্রা শুরু করলেন। তার সমালোচকরা হাজারে হাজারে তখনও সেখানে দাঁড়িয়ে অপেক্ষা করছে। 'আপনি হেরেছেন এবং আমরা জিতব' প্রেসিডেন্টের গাড়ির বহর ভার্জিনিয়ার রাস্তায় আওয়াজ তুলে ছুটে চলল। ওই গাড়ির বহরে ছিল আমাদের ভ্যানও। হোয়াইট হাউসের যতই কাছাকাছি যেতে লাগলাম, জনতার ঢলও তত বাড়তে লাগল। ডোনাল্ড ট্রাম্পের পরাজয়ে উৎসব করতে মানুষের ঢল নেমেছে পথে। একজনের হাতে ব্যানার: ""আপনি হেরেছেন এবং আমরা জিতব""। মানুষ গাড়ির হর্ন বাজিয়ে উল্লাস প্রকাশ করছে এবং চিৎকার করে প্রেসিডেন্টের উদ্দেশ্যে গালি দিচ্ছে। প্রেসিডেন্টের সমালোচকরা শনিবার প্ল্যাকার্ড হাতে পথে নামেন এরপর আমরা হোয়াইট হাউসে পৌঁছলাম। প্রেসিডেন্ট পাশের একটা দরোজা দিয়ে ভেতরে ঢুকলেন। ওই দরোজা প্রেসিডেন্ট কালেভদ্রে ব্যবহার করে থাকেন। তার কাঁধ ঝোঁকানো ছিল, মাথা ছিল নিচু। তিনি ঘাড় ঘুরিয়ে আমাদের দিকে তাকালেন। আমাকে এবং সাংবাদিক পুলের অন্যান্য সাংবাদিকদের দেখলেন। বুড়ো আঙুল তুলে আমাদের দিকে আস্থাসূচক একটা ইঙ্গিত করলেন। তবে এটা তার স্বভাবোচিত ভঙ্গির সাথে ছিল অসঙ্গতিপূর্ণ। তিনি স্বভাবত যেভাবে প্রায়ই উঁচুতে তার হাত তুলে ধরেন বা হাতের মুঠি তুলে ধরেন, সেরকম কিছু করলেন না। হোয়াইট হাউস বা গল্ফ ক্লাব কোথাওই প্রেসিডেন্ট কখনও মাথা নোয়াননি বা তাকে কখনই টলতে দেখা যায়নি। তিনি বারবার দাবি করছেন নির্বাচনে জালিয়াতি হয়েছে, যে দাবির পক্ষে কোন তথ্যপ্রমাণ নেই। তিনি জোর দিয়ে বলছেন তাকে তার প্রাপ্য থেকে বঞ্চিত করা হয়েছে। সকালে তিনি টুইট করেন ""অবৈধভাবে দেয়া ভোট"" নিয়ে এবং দুপুরের পরের দিকে তিনি ফলাফল অগ্রাহ্য করে টুইটারে বড় বড় অক্ষরে ঘোষণা করেন ""I WON THE ELECTION."" ""আমি নির্বাচনে জিতেছি''। তবে এটা টুইটার প্ল্যাটফর্মে মি. ট্রাম্পের ভাবমূর্তি। কিন্তু আমার সাংবাদিকতার সুবাদে যে মি. ট্রাম্পকে আমি দেখেছি, সেদিন বিকেলের দিকে হোয়াইট হাউসের পাশের ছোট দরোজা দিয়ে তাকে যখন ঢুকতে দেখেছিলাম তখন তিনি কিন্তু অন্য ট্রাম্প। সেই উদ্ধত, আস্থাভরা ট্রাম্প তিনি মোটেই ছিলেন না। আরও দেখতে পারেন জো বাইডেন ও কমালা হ্যারিস বিজয়ী ভাষণে যা বললেন: আমেরিকার প্রেসিডেন্ট নির্বাচনে জয়ের পর বাইডেন ও হ্যারিসের বক্তব্য","গত চার বছর প্রেসিডেন্ট ট্রাম্পকে আমি দেখেছি তার ভাল এবং খারাপ দিনগুলোতে। কিন্তু ৭ই নভেম্বর, যেদিন তিনি নির্বাচনে হারলেন, সেই দিনটির সাথে গত চার বছরের অন্য কোন দিনের তুলনা হয় না।",মার্কিন প্রেসিডেন্ট ডোনাল্ড ট্রাম্প হোয়াইট হাউসে গল্ফ খেলার পর ফিরে এসেছেন।,0.047619047619047616,0.0,0.047619047619047616,0.67678857,11,31
"১৯৭১এ পাকিস্তানী বাহিনীকে সহায়তার অভিযোগে কয়েকজনকে ধরে নিয়ে যাওয়া হচ্ছে : ফাইল ছবি মুক্তিযুদ্ধ বিষয়ক মন্ত্রণালয় থেকে প্রকাশিত এই তালিকায় ১০ হাজার ৭৮৯ জন রাজাকারের নাম উল্লেখ করা হয়েছে। মুক্তিযুদ্ধ বিষয়ক মন্ত্রী আ ক ম মোজাম্মেল হক এক সংবাদ সম্মেলনে বলেন, ""এই তালিকা প্রস্তুত করা হয় নি, প্রকাশ করা হচ্ছে। "" মন্ত্রী বলেন, সরকারের হেফাজতে যেসব দালিলিক প্রমাণ পাওয়া যাবে তাই প্রকাশ করা যায়। ""আমরা স্বরাষ্ট্র মন্ত্রণালয় থেকে এসব তথ্য পেয়েছি,"" তিনি বলেন। রবিবার প্রথম পর্যায়ের তালিকা প্রকাশ করা হয়। পরে ক্রমান্বয়ে আরো তালিকা প্রকাশ করা হবে বলেও জানান তিনি। বিএনপি জামায়াত জোট সরকারের শাসনামলে রাজাকারদের অনেক রেকর্ড সরিয়ে ফেলা হয়েছে বলেও অভিযোগ করেন মি. হক। মুক্তিযোদ্ধাদেরও একটি আনুষ্ঠানিক তালিকা প্রকাশ করা হবে বলে উল্লেখ করেন মি. হক। এই তালিকাটি প্রকাশ করা হবে আগামি বছরের ২৬শে মার্চ। বাংলাদেশে ১৯৭১-এর মুক্তিযুদ্ধের সময় সংঘটিত অপরাধের বিচারের দাবিতে দীর্ঘ আন্দোলন হয়েছে তালিকা তৈরির কাজ এখনো বাকি রয়েছে বলে জানানো হয়। মিস্টার হক অভিযোগ করেন, তালিকা তৈরি করতে গিয়ে যথাযথ সহযোগিতা তারা পাননি। মন্ত্রী বলেন, ""সেই সময় ১৯টা জেলা ছিল। জেলা প্রশাসকদের বলা হয়েছে ঐ সময়ে তাদের রেকর্ড রুমের তালিকা দিয়ে তাদের সহযোগিতা করার জন্য। দুঃখজনক হল সেই ভাবে আমরা সহযোগিতা পাইনি""। ""১৯৭১ সালের সব গেজেট আমরা চেয়েছি। তার সবগুলো দিতে পারেনি।"" মিটার হক অভিযোগ করেন, বিএনপি, জামায়াত ক্ষমতায় আসার পর তারা সুকৌশলে স্বরাষ্ট্র মন্ত্রণালয় থেকে অনেক রেকর্ড সরিয়ে ফেলেছে।",বাংলাদেশে ১৯৭১ সালের মুক্তিযুদ্ধের সময় পাকিস্তানি সেনাদের সহায়তার জন্য গঠিত রাজাকার বাহিনীর সদস্যদের একটি তালিকা প্রকাশ করেছে সরকার।,বাংলাদেশে ১৯৭১-এর মুক্তিযুদ্ধের সময় পাকিস্তানী বাহিনীকে সহায়তার অভিযোগে গত সপ্তাহে প্রথম পর্যায়ের একটি রাজাকারের তালিকা প্রকাশ করা হয়েছে।,0.3888888888888889,0.11764705882352941,0.3888888888888889,0.8552896,18,18
"তুরাগের পানি কালো বর্ণ ধারণ করেছে। নৌকায় ঘুরে বিভিন্ন জায়গায় দেখা গেল অবলীলায় বর্জ্য ফেলা হচ্ছে তুরাগে। তুরাগ পাড়েই জন্ম ৬৫ বছর বয়সী জালালউদ্দিনের। তুরাগের অবস্থা দেখে তার মুখে শুধুই আফসোসের সুর। তার শৈশবের স্মৃতি বর্ণনা করে জালালউদ্দিন জানালেন একসময় এই নদীতে স্রোত ছিল। * দেখুন: ইন্টার‍্যাকটিভ ম্যাপে বাংলাদেশের ঝুঁকিপূর্ণ নদী চোখের সামনে কিভাবে এই নদী ধীরে ধীরে দূষণের কারণে বিপর্যস্ত হয়ে উঠল সেটি দেখলে তার কাছে ‘অবিশ্বাস্য’ মনে হয়। তুরাগের পাড়েই জীবন পার করছেন জালালউদ্দিন। জালালউদ্দিন বলেন , “ এই নদী অনেক সুন্দর ছিল। বর্তমানে এটা ড্রেনের উপযুক্ত হয়ে গেছে।” এই তুরাগ নদে গোসল করে, সাতার কেটে জালালউদ্দিনের মতো আরো বহু নদী তীরের মানুষ। * ক্লিক করুন: আমার নদী, বিবিসি বাংলার ফেসুবক পাতা নদীতে মাছ ধরে অনেকে জীবন-জীবিকা যেমন চালিয়েছেন তেমনি খাবারের পাতেও তুরাগের মাছ ছিল একটি স্বাভাবিক বিষয়। কিন্তু দূষণে বিপর্যস্ত এই নদীতে এখন মাছের দেখা পাওয়া মুশকিল। নদীতে জাল ফেলতে দেখলাম মজনু মিয়া নামের এক জেলেকে। তিনি জানালেন এখন নদীতে শুধু অল্প-স্বল্প শিং মাছ পাওয়া যায়। এছাড়া অন্য কোন মাছের অস্তিত্ব নেই। মাছ ধরার চেষ্টায় জেলে মজনু মিয়া। “পঁচা পানির মধ্যে শুধু শিং মাছই থাকে আরকি। অন্য কোন মাছ থাকেনা,” বলছিলেন মজনু মিয়া। কিন্ত মাছ ধরে বাড়িতে নিয়ে তাৎক্ষনিকভাবে রান্না করার উপায় নেই। মজনু মিয়া জানালেন নদীতে দূষণের কারণে মাছে এতো গন্ধ থাকে য সেটি ঠিক হতে চার-পাঁচদিন সময় লাগে। তিনি বলেন, “ শিং মাছ ধরার পর বাড়িতে নিয়ে কলসির মধ্যে রাখলে তারপর গন্ধ দূর হয়। ” টঙ্গি ব্রিজ থেকে নৌকায় করে প্রায় এক ঘণ্টা পূর্ব দিকে চলেছি। যতদূর গিয়েছে নদীর পানি একবারে কালো দেখেছি। কখনো কখনো পানিতে দুর্গন্ধের মাত্রা এতটাই তীব্র যে নৌকায় বসে থাকা মুশকিল। নদীর ধারে যেসব কল-কারখানা দেখা যায় তাদের প্রায় সবার বর্জ্য এসে পড়ছে নদীতে। কোন কোন কারখানার বর্জ্য পরিশোধন না করেই নদীতে ফেলা হচ্ছে। কোন কোন কারখানা থেকে বিভিন্ন রংয়ের পানি এসে পড়ছে নদীতে। নদীর দু’ধারে যেসব বসতী আছে সেগুলোর আবর্জনাও এসে পড়ছে নদীতে। নদীর বুকে ভাসছে নানা ধরনের আবর্জনা – প্লাস্টিক, পলিথিন ব্যাগ, কাপড় এবং আরো নানা ধরনের আবর্জনা। তুরাগ নদের দুই পাড়ে দীর্ঘ এলাকাজুড়ে একদিকে যেমন ঘনবসতি গড়ে উঠেছে অন্যদিকে শিল্প-কারখানাও হয়েছে সমানতালে। তুরাগ নদ বিভিন্ন জায়গায় এখন ডাস্টবিন হিসেবে ব্যবহার করা হচ্ছে। গত কয়েকবছরে তুরাগে তীরের বিভিন্ন জায়গা অবৈধ দখলমুক্ত করা হলেও দূষণের মাত্রা কমেনি বলে জানাচ্ছেন পরিবেশবাদীরা। পরিবেশ বাঁচাও আন্দোলনের আবু নাসের খান বলছিলেন একটা সময় শিল্প স্থাপন করাটাই গুরুত্ব পেয়েছিল বেশি, পরিবেশ নয়। গৃহস্থালির বর্জ্যও দূষন করছে তুরাগকে। বেসরকারি মালিকানায় শিল্প স্থাপনের ক্ষেত্রে সরকার উদার দৃষ্টিভঙ্গি দেখিয়েছে। লক্ষ্য ছিল বেশি শিল্প স্থাপন করে কর্মসংস্থান তৈরি করা। সেজন্য পরিবেশ রক্ষার বিষয়টি উপেক্ষিত থেকেছে বলে জানালেন আবু নাসের খান। আবু নাসের খান বলেন , “অনেক শিল্প কারখানা থেকে দূষণের মাত্রা কমলেও সার্বিকভাবে দূষণের মাত্রা কমেনি।” তিনি বলেন নব্বইয়ের দশকের শুরু থেকে তুরাগে দূষণের মাত্রা বৃদ্ধি পাওয়া শুরু করেছে। তুরাগ পারে যেসব শিল্পকারখানা আছে তাদের অনেকেরই তরল বর্জ্য পরিশোধনাগার বা ইটিপি নেই। যাদের ইটিপি আছে খরচ বাঁচানোর জন্য তাদের অনেকেই সেটি ব্যবহার করছেনা। যার কারণে বর্জ্য সরাসরি নদীতে পড়ছে। মাল্টিফ্যাব নামের একটি তৈরি পোশাক কারখানার কর্ণধার মেজবাহ ফারুকী। পরিবেশ অধিদপ্তরের সার্টিফিকেট অনুযায়ী যে কয়েকটি কারখানা ঠিকমতো ইটিপি ব্যবহার করে তার মধ্যে মাল্টিফ্যাব নামের একটি তৈরি পোশাক কারখানা অন্যমত। এ প্রতিষ্ঠানটির পরিচালক মেসবাহ ফারুকী বলছেন যেভাবে নদী দূষণ হচ্ছে সেটি সত্যিই হতাশাজনক। অনেক শিল্প-কারখানার মালিক যথাযথভাবে ইটিপি ব্যবহার করতে চায় না। কারণ এর সাথে বড় অংকের খরচ জড়িত। মি: ফারুকী জানালেন তরল বর্জ্য পরিশোধন করতে তার প্রতিমাসে ১৫ থেকে বিশ লাখ টাকা খরচ হয়। কিন্তু অনেক মালিক এই আর্থিক ভার বহন করতে রাজি নয়। গত ৩০ বছরে তুরাগের তীরে অনেক কলকারখানা হয়েছে। মি: ফারুকী বলেন, “ আমি এতো টাকা খরচ করে কারখানার পানি পরিশোধন করে নদীতে ছাড়ছি। কিন্তু আমার আশপাশের কারখানায় কোন ইটিপি নেই। তারা বর্জ্য সরাসরি নদীতে ফেলছে। তাহলে কী লাভ হলো? ফলাফল তো শূন্য হবে।” পরিবেশ অধিদপ্তর বলছে তুরাগের টঙ্গি-গাজীপুর অংশে তরল বর্জ্য নির্গমনকারী কারখানার সংখ্যা প্রায় সাড়ে তিনশ। অধিদপ্তরের গাজীপুর অংশের উপ-পরিচালক বেগম সোনিয়া সুলতানা বলছেন কারখানাগুলো যাতে বর্জ্য পরিশোধন করে সেটি তারা তদারকি করছেন। তিনি জানালেন এখন ইটিপি ছাড়া কোন কারখানাকে অনুমোদন দেয়া হচ্ছে না। তিনি বলেন নদী দূষণের শুধু কারখানার বর্জ্য একা দায়ী নয়। এর পাশাপাশি পয়:বর্জ্যও এসে নদীতে পড়ছে। নদী দূষণ নিয়ে অনেক মানুষের মধ্যে কোন সচেতনতা নেই। যেসব কারখানায় ২০০’র বেশি শ্রমিক থাকবে তাদেরকে পয়:বর্জ্য পরিশোধনের ব্যবস্থা নিতে হবে বলে জানালেন সোনিয়া সুলতানা। নদীকে দূষণমুক্ত করা নিয়ে পরিবেশবাদীরা অনেক আন্দোলন করলে বিষয়টি নিয়ে নদী তীরের বেশিরভাগ মানুষের মধ্যে কোন সচেতনতাই নেই। তুরাগের পাড় ঘুরে সে কথাই মনে হলো।","দেখে বিশ্বাস করতে কষ্ট হয় এটি একটি নদ। কোন স্রোত নেই, প্রাণ নেই। এই তুরাগ নদ এখন বিভিন্ন জায়গায় নর্দমার আকার ধারণ করেছে।",দূষণের কারণে বিপর্যস্ত হয়ে উঠেছে বাংলাদেশের দক্ষিণাঞ্চলীয় জেলা কক্সবাজারের একটি নৌকা।,0.0588235294117647,0.0,0.0588235294117647,0.6414729,11,23
"করোনাভাইরাসের টিকায় কাজ হচ্ছে: স্কটল্যান্ডে চালানো জরিপে তথ্য স্কটল্যান্ডের জনস্বাস্থ্য বিভাগের চালানো গবেষণায় দেখা যাচ্ছে - প্রথম ডোজ টিকা দেবার চার সপ্তাহ পর করোনাভাইরাস সংক্রমিত হয়ে হাসপাতালে ভর্তি হওয়া ""চমকপ্রদভাবে"" কমে গেছে। যারা ফাইজার-বায়োএনটেকের তৈরি টিকা নিয়েছেন তাদের মধ্যে করোনাভাইরাস সংক্রমণজনিত গুরুতর অসুস্থতা ৮৫ শতাংশ কমে গেছে এবং অক্সফোর্ড-এ্যাস্ট্রাজেনেকার টিকা গ্রহণকারীদের মধ্যে এই হার কমেছে ৯৪ শতাংশ। ওই জরিপের প্রধান গবেষক অধ্যাপক আজিজ শেখ বলেন, ""দুটো ভ্যাকসিনই দারুণভাবে কাজ করছে"" এবং তা ভবিষ্যতের ব্যাপারে আশাবাদী হবার মত। করোনাভাইরাসের টিকাদান কর্মসূচির ফলে বাস্তব দুনিয়ায় একটা জনগোষ্ঠীর ওপর কি প্রভাব পড়ছে - প্রথমবারের মত তার প্রমাণ পাওয়া গেল স্কটল্যান্ডে চালানো এক জরিপে। যাদের বয়স ৮০-র বেশি তাদের মধ্যে হাসপাতালে ভর্তির সংখ্যা কমেছে ৮১ শতাংশ। ""দুটো ভ্যাকসিনই দারুণভাবে কাজ করছে"" স্কটল্যান্ডে ১৫ই ফেব্রুয়ারি পর্যন্ত ১১ লাখ ৪০ হাজার লোককে কোভিডের টিকা দেয়া হয়। টিকা-নেয়া এই লোকদের মধ্যে কতজন কোভিডে আক্রান্ত হযে হাসপাতালে ভর্তি হয়েছেন - তার সাথে তুলনা করে দেখা হয়, যারা-টিকা-নেননি তাদের মধ্যে কতজন হাসপাতালে ভর্তি হলেন। পৃথিবীর বিভিন্ন দেশের মত বাংলাদেশেও টিকা দেয়া হচ্ছে সব মিলিয়ে দেখা যায় - যারা টিকা নেবার পর চার সপ্তাহ পার করেছেন - তাদের মধ্যে মাত্র ৫৮ জন কোভিড আক্রান্ত হয়ে হাসপাতালে ভর্তি হয়েছেন। অন্য গ্রুপটি অর্থাৎ টিকা-না-নেয়া লোকদের মধ্যে থেকে ৮ হাজার লোক কোভিড সংক্রমণ নিয়ে হাসপাতালে ভর্তি হয়েছেন। ওই জরিপের প্রধান গবেষক অধ্যাপক আজিজ শেখ বলেন, এই ফলাফল অত্যন্ত চমৎকার এবং দুটো ভ্যাকসিনই ""দারুণভাবে"" কাজ করছে। বিবিসি বাংলায় আরো পড়তে পারেন: করোনাভাইরাস ভ্যাকসিন নিয়ে আপনার যত প্রশ্ন ও তার উত্তর করোনাভাইরাসের নতুন ধরনের বিরুদ্ধে কার্যকরী মডার্নার টিকা টিকা নেবার পর কোভিড সংক্রমণ থেকে সুরক্ষা পেতে কত দিন লাগে? করোনাভাইরাস ভ্যাকসিন টিকাদানে আপনার দেশের অবস্থান কোথায়? বিবিসির স্বাস্থ্য সংবাদদাতা লিসা সামার্স বলছেন, বাস্তব জগতে কোভিডের টিকা কেমন কাজ করছে তা জানার জন্য স্কটল্যান্ডের এ জরিপ ছিল বেশ সুবিধাজনক। কারণ এখানকার জনসংখ্যা কম এবং পুরো জনগোষ্ঠীর উপাত্ত দ্রুতগতিতে পাওয়া সম্ভব। এ জরিপের সীমাবদ্ধতা কি? লিসা সামার্স বলছেন, এ জরিপের সীমাবদ্ধতা হচ্ছে, এখানে শুধুমাত্র টিকা নেবার পর ""করোনাভাইরাসের সংক্রমণে গুরুতর অসুস্থ হবার সম্ভাবনা কতটা কমলো"" সেটাই দেখা হয়েছে। টিকা নেবার পরও আপনি ভাইরাসে সংক্রমিত হতে পারেন কিনা বা অন্যদের মধ্যে রোগ ছড়াতে পারেন কিনা - তা দেখা হয়নি। একটা নির্দিষ্ট সময় পরে টিকা-গ্রহণকারীদের রোগপ্রতিরোধ ক্ষমতা কমে যাবে কিনা - তাও দেখা হয়নি এ জরিপে। কিন্তু আসল কথাটা হলো, মাত্র এক ডোজ টিকা নেবার পরই গ্রহণকারীদের করোনাভাইরাস সংক্রমণে ""গুরুতর অসুস্থ হবার"" সম্ভাবনা ৮৫ থেকে ৯৪ শতাংশ পর্যন্ত কমে যাচ্ছে - এটা স্পষ্টভাবেই বেরিয়ে এসেছে এ জরিপে। করোনাভাইরাসের টিকা গুরুতর অসুস্থ হবার সম্ভাবনা ৮৫ থেকে ৯৪ শতাংশ কমিয়ে দিচ্ছে পৃথিবীর বহু দেশেই এখন করোনাভাইরাসের টিকা দেয়া শুরু হয়ে গেছে। এ পর্যন্ত সবচেয়ে বেশি টিকা দেয়া হয়েছে ইসরায়েল, সংযুক্ত আরব আমিরাত, যুক্তরাজ্য ও যুক্তরাষ্ট্রে। গোটা পৃথিবীতে এখন পর্যন্ত ১১ কোটি ১৩ লক্ষ লোক করোনাভাইরাসে সংক্রমিত হয়েছেন এবং সব দেশ মিলিয়ে এ পর্যন্ত ২৪ লক্ষেরও বেশি লোকের মৃত্যু হয়েছে। সবচেয়ে বেশি লোকের মৃত্যু হয়েছে যথাক্রমে যুক্তরাষ্ট্র, ব্রাজিল, মেক্সিকো, ভারত ও যুক্তরাজ্যে। বিবিসি বাংলায় আরো খবর: ভাসানচরের রোহিঙ্গাদের মধ্যে অসন্তোষ, অনেকে 'ফিরে যেতে' চায় রাতেই আসছে টিকার দ্বিতীয় চালান, পাওয়া যাবে প্রায় ৭ কোটি ডোজ বিয়ে ও তালাক নিবন্ধন 'ডিজিটাল' করতে আইনি নোটিশ বিশ্ববিদ্যালয় ও আবাসিক হল খুলে দেয়ার সিদ্ধান্ত জানালেন শিক্ষামন্ত্রী কুয়েতে সাজা পাওয়া এমপি পাপুলের নির্বাচনী আসন শূন্য ঘোষণা","করোনাভাইরাসের টিকা যে সত্যিই সংক্রমিতদের ""হাসপাতালে ভর্তি হবার মত গুরুতর অসুস্থ হওয়া"" বিপুলভাবে কমিয়ে দিতে পারে - তার প্রমাণ পাওয়া যাচ্ছে যুক্তরাজ্যের স্কটল্যান্ডে চালানো এক জরিপে।",বাংলাদেশে করোনাভাইরাসের টিকাদান কর্মসূচির ফলে বাস্তব দুনিয়ায় একটা জনগোষ্ঠীর ওপর প্রভাব পড়ছে বলে এক জরিপে দেখা গেছে।,0.0930232558139535,0.0,0.0930232558139535,0.7252513,17,26
"হত্যাকাণ্ডের ঘটনায় সম্পৃক্ততা পাওয়ায় সোমবার রাতে তাদের গ্রেপ্তার করার প্রক্রিয়া শুরু করা হয়েছিল বলে জানিয়েছেন র‍্যাবের মুখপাত্র লেফটেন্যান্ট কর্নেল আশিক বিল্লাহ। মঙ্গলবার তাদের আদালতে হাজির করে রিমান্ড আবেদন করে র‍্যাব। আদালত তিন এপিবিএন সদস্যকে সাতদিনের রিমান্ড মঞ্জুর করেছে। মেজর (অব) সিনহা হত্যাকাণ্ডের মামলায় এ নিয়ে দশ পুলিশ সদস্যকে গ্রেপ্তার করা হলো। এপিবিএন সদস্যদের বিরুদ্ধে যেসব অভিযোগ র‍্যাবের কর্মকর্তারা জানিয়েছেন, ওই চেকপোস্টটি এপিবিএন পরিচালনা করছিল। অভিযুক্ত সদস্যরা সেই সময় সেখানে দায়িত্ব পালন করছিলেন। মেজর (অব) সিনহার গাড়িটিও এই সদস্যরা থামিয়েছিলেন। মামলার তদন্তে ঘটনার সময় এপিবিএনের এই সদস্যদের সম্পৃক্ততা পাওয়া যায়। হত্যাকাণ্ডের আগে এবং পরে তারা লিয়াকতসহ অন্য অভিযুক্ত সদস্যদের সহায়তা করেছিলেন বলে তদন্তে পাওয়া গেছে বলে জানিয়েছেন র‍্যাবের কর্মকর্তারা। বাহারছড়া পুলিশ ক্যাম্পের ইনচার্জ লিয়াকতের গুলিতে তিনি নিহত হলেও এই চেকপোস্টটি পরিচালনা করছিল এপিবিএন। গ্রেপ্তার করা তিনজনের একজন এপিবিএনের সহকারী উপপরিদর্শক এবং অন্য দুজন কনস্টেবল। ঘটনার দিন এই তিনজনই এপিবিএনের চেকপোস্টে দায়িত্ব পালন করেছেন। র‍্যাব জানিয়েছে, এই কারণে সোমবার এপিবিএনকে চিঠি দিয়ে তিন পুলিশ সদস্যকে জিজ্ঞাসাবাদ করেন র‍্যাবের তদন্তকারী কর্মকর্তা। ঘটনায় তাদের জড়িত থাকার তথ্যপ্রমাণ পাওয়ার পর তাদের হেফাজতে নেয়া হয়েছে। এ নিয়ে দশ পুলিশ সদস্যকে গ্রেপ্তার করা হলো। আরো পড়তে পারেন: পুলিশের বিরুদ্ধে মামলা করলেন গুলিতে নিহত রাশেদের বোন সিনহা রাশেদ হত্যাকাণ্ড তদন্তে টেকনাফে গণশুনানি শুরু সিনহা রাশেদ: যৌথ সংবাদ সম্মেলনে সেনা ও পুলিশ প্রধান যা বললেন কক্সবাজারে সেনাবাহিনী এবং পুলিশের যৌথ টহলের কারণ কী? মামলা দায়ের করা শেষে আদালত থেকে বেরিয়ে আসছেন সিনহা রাশেদের বোন ওসি প্রদীপ ও ইন্সপেক্টর লিয়াকতসহ তিন পুলিশকে রিমান্ডে নিচ্ছে র‍্যাব মেজর (অব) সিনহা মোঃ রাশেদ হত্যাকাণ্ডের ঘটনায় মূল অভিযুক্ত কক্সবাজার টেকনাফ থানার বরখাস্তকৃত ওসি প্রদীপ কুমার দাশ, ইন্সপেক্টর লিয়াকত আলী এবং এসআই নন্দ দুলাল রক্ষিতকে আজ রিমান্ডে নেবে র‍্যাব। মঙ্গলবার সকালে র‍্যাবের মুখপাত্র লেফটেন্যান্ট কর্নেল আশিক বিল্লাহ বিবিসিকে জানিয়েছেন, ''তিনজনকে রিমান্ডে নেয়ার জন্য র‍্যাবের একটি গাড়ি কারাগারের সামনে অপেক্ষা করছে।'' গত ৩১শে জুলাই রাতে কক্সবাজারের একটি পুলিশ চেকপোস্টে পুলিশের গুলিতে নিহত হন অবসরপ্রাপ্ত মেজর সিনহা মোঃ রাশেদ। সেই ঘটনায় পুলিশ দুইটি মামলা করে। পাঁচই অগাস্ট এই ঘটনায় নয়জন পুলিশ সদস্যকে অভিযুক্ত করে আদালতে একটি হত্যা মামলা করেন মেজর (অব) সিনহার বোন শারমিন শাহরিয়ার। এই মামলা ও পুলিশের মামলা দুইটির তদন্তভার র‍্যাবকে দেয়া হয়েছে। পাশাপাশি স্বরাষ্ট্র মন্ত্রণালয়ের একটি কমিটিও এই হত্যাকাণ্ডের ঘটনা তদন্ত করছে। পরে সাতজন পুলিশ সদস্যকে গ্রেপ্তার করা হয়। অপর দুইজনের নামে কোন পুলিশ সদস্য নেই বলে জেলা পুলিশ কর্মকর্তারা জানিয়েছেন। এর মধ্যেই তারা চারজন পুলিশ সদস্য ও পুলিশের মামলার তিনসাক্ষীকে রিমান্ডে নিয়ে জিজ্ঞাসাবাদ করেছে র‍্যাব। বিবিসি বাংলার অন্যান্য খবর: সীমান্তে ধর্নায় বসতে চান বাংলাদেশে আটকে পড়া ভারতীয়রা 'জঙ্গী কর্মী সংগ্রহের চেষ্টা এখন কোন একটা বিশেষ শ্রেনির মধ্যে সীমাবদ্ধ নেই' সিরিজ বোমা হামলা: যেভাবে সংগঠিত হয়েছিল জেএমবি মাস্ক ছাড়া কক্সবাজার সৈকতে বেড়ানো ও হোটেলে চেক-ইন হবে না",বাংলাদেশে পুলিশের গুলিতে নিহত সেনাবাহিনীর অবসরপ্রাপ্ত মেজর সিনহা মোঃ রাশেদ খান হত্যাকাণ্ডের ঘটনায় আর্মড পুলিশ ব্যাটালিয়নের তিনজন সদস্যকে গ্রেপ্তার করেছে র‍্যাব।,বাংলাদেশের সাবেক পুলিশ প্রধান মেজর (অব) সিনহা হত্যাকাণ্ডের মামলায় গ্রেপ্তার করা তিনজন এপিবিএন সদস্যকে সাতদিনের রিমান্ডে নেয়া হয়েছে।,0.358974358974359,0.0,0.25641025641025644,0.78156185,18,21
"বাংলাদেশ-কুয়েত মৈত্রী আবাসিক হলে উপ-উপাচার্যের গাড়ি ঘিরে শিক্ষার্থীদের বিক্ষোভ। একে ""প্রহসনের নির্বাচন"" উল্লেখ করে বিশ্ববিদ্যালয়ের ক্যাম্পাসজুড়ে বিক্ষোভ মিছিল ও সমাবেশ করেছেন ভোট বর্জন করা প্রার্থী ও তাদের কর্মী-সমর্থকরা। উপাচার্যের কার্যালয়ের বাইরে বিক্ষোভ সমাবেশ করে তারা আগামী কালের (মঙ্গলবার) ক্লাস পরীক্ষা বর্জনের ঘোষণা দেন। ভোট বর্জন: ভোটগ্রহণ শেষ হওয়ার আগ মুহুর্তে বেলা দেড়টার দিকে ছাত্রদল এক প্রেস ব্রিফিংয়ের মাধ্যমে ভোট বর্জনের ঘোষণা দেন। এর আগে ঢাকা বিশ্ববিদ্যালয়ের মধুর ক্যান্টিনে সম্মিলিতভাবে সংবাদ সম্মেলন করে প্রগতিশীল ছাত্রজোট, ছাত্র মৈত্রী, ছাত্র মুক্তি জোট, সাধারণ ছাত্র অধিকার সংরক্ষণ পরিষদ, স্বতন্ত্র জোট ও স্বাধিকার স্বতন্ত্র পরিষদ। প্রগতিশীল ছাত্র ঐক্য প্যানেলের ডাকসুর সহ-সভাপতি পদপ্রার্থী লিটন নন্দী তার ওপর হামলার অভিযোগ এনে ভোট বর্জন করেন এবং পুনরায় ভোটের দাবি জানান। ঢাকা বিশ্ববিদ্যালয়ের হাজী মুহম্মদ মুহসীন হলে বেলা ১১টার দিকে তিনি ভোট পরিস্থিতি পরিদর্শনে গেলে ক্ষমতাসীন ছাত্র লীগের কয়েকজন কর্মী তাকে ধাওয়া দেয় বলে তিনি অভিযোগ করেন। এর আগে স্বতন্ত্র জোট তাদের নিজস্ব ফেসবুক পেইজে ভোর্ট বর্জনের ঘোষণা দেয়। সেখানে তারা জানান, ""সার্বিক পরিস্থিতি বিবেচনা করে, ছাত্রলীগ এবং প্রশাসনের সীমাহীন দুর্নীতির কারণে এবং অরণি সেমন্তি খান ও শ্রবণা শফিক দীপ্তিকে শারীরিকভাবে আক্রমন করায় স্বতন্ত্র জোট ডাকসু ২০১৯ বর্জন করছে।"" ভোট বর্জনের ঘোষণা দিয়েছে স্বতন্ত্র জোটের প্রাথীরা। এদিকে ছাত্রলীগের নেতাকর্মীরা সাধারণ ছাত্র অধিকার সংরক্ষণ পরিষদের ভিপি পদপ্রার্থী নুরুল হক নুরুর ওপর হামলা চালিয়েছে বলে অভিযোগ করেন লিটন নন্দী। এই হামলা ও অনিয়মের জেরে কোটা সংস্কার আন্দোলনকারীদের সংগঠন বাংলাদেশ সাধারণ ছাত্র অধিকার সংরক্ষণ পরিষদ ভোট বর্জন করে। মধুর ক্যান্টিনের ওই সংবাদ সম্মেলনে নির্বাচনের নানা অনিয়মের কথা তুলে ধরেন তারা। এ ব্যাপারে ছাত্রলীগের ভিপি প্রার্থী রেজওয়ানুল হক চৌধুরী শোভন সংবাদমাধ্যমকে জানান, ছাত্রলীগের বিজয় নিশ্চিত জেনে তাদের নামে গুজব ছড়ানো হচ্ছে। কুয়েত মৈত্রী হলে ভোটগ্রহণ সাময়িক বন্ধ: সোমবার সকালে বিশ্ববিদ্যালয়ের বাংলাদেশ-কুয়েত মৈত্রী আবাসিক হলে সিল মারা ব্যালট পাওয়ার অভিযোগ ওঠে। এ ঘটনায় তীব্র ক্ষোভ প্রকাশ করেছিল শিক্ষার্থীরা। পরে হলের ভোটগ্রহণ প্রক্রিয়া বন্ধ হয়ে যায়। বিবিসি বাংলার সংবাদদাতা ফারহানা পারভীন জানিয়েছেন, শিক্ষার্থী ও হল সংশ্লিষ্টদের সঙ্গে আলোচনা প্রেক্ষিতে বেলা সোয়া এগারোটার দিকে পুনরায় ভোটগ্রহণ শুরু হয়। যা বিকেল ৫টা পর্যন্ত চলে। উদ্ধার হওয়া ব্যালটগুলোয় ছাত্রলীগের হল সংসদের প্রার্থীদের নামের পাশে সিল দেয়া ছিল বলে অভিযোগ শিক্ষার্থীদের। এ সময় তারা হলের ভারপ্রাপ্ত প্রভোস্ট ড. শবনম জাহানকে পদত্যাগের দাবি তোলেন। শিক্ষার্থীদের দাবির মুখে ড. শবনম জাহানকে অব্যাহতি দিয়ে দুর্যোগ ব্যবস্থাপনা বিভাগের অধ্যাপক মাহবুবা নাসরিনকে ভারপ্রাপ্ত প্রভোস্ট হিসেবে নিয়োগ দেয় প্রশাসন। এর আগে, বিক্ষোভের মুখে হলের ভোটগ্রহণ স্থগিত করার কথা জানান বিশ্ববিদ্যালয়ের উপ-উপাচার্য (প্রশাসন) অধ্যাপক মুহাম্মদ সামাদ। পরে বিশ্ববিদ্যালয়ের প্রক্টর গোলাম রব্বানী ঘটনাস্থলে গিয়ে শিক্ষার্থীদের সব অভিযোগের প্রেক্ষিতে প্রয়োজনীয় ব্যবস্থা নেয়ার কথা বলেন। পুরো বিষয়টি খতিয়ে দেখতে অধ্যাপক সামাদকে প্রধান করে একটি চার সদস্য বিশিষ্ট একটি তদন্ত কমিটি গঠন করেছে বিশ্ববিদ্যালয় প্রশাসন। রোকেয়া হলে শিক্ষার্থীদের বিক্ষোভ। ভোট বন্ধ রয়েছে রোকেয়া হলে: এদিকে রোকেয়া হলেও নির্ধারিত সময়ের এক ঘণ্টা পরে ভোটগ্রহণ শুরু হয়। ভোটের প্রস্তুতি নিতে দেরি হওয়ার কারণে এই বিলম্ব হয়েছে বলে জানান রিটার্নিং কর্মকর্তা। এ ব্যাপারে হল শাখার একজন স্বতন্ত্র প্রার্থী বিবিসি বাংলার সংবাদদাতাকে জানান, তাদের হলে স্টিলের ব্যালটে ভোট প্রক্রিয়া শুরু হলে তারা সন্দেহ প্রকাশ করে ব্যালট বাক্সগুলো দেখতে চান। এসময় ভোট কর্মকর্তারা ব্যালট খুলে দেখাতে অস্বীকৃতি জানালেও পরে তারা ছয়টি ব্যালট বাক্সের মধ্যে তিনটি খুলে দেখায় বলে জানিয়েছেন ওই প্রার্থী। তবে বেলা ১২টার দিকে রোকেয়া হলের ভোটগ্রহণ বন্ধ হয়ে যায়। কেন্দ্রের বাইরে সিল দেয়া ব্যালট পেপার উদ্ধার। এবং একে কেন্দ্র করে প্রতিদ্বন্দ্বী পক্ষগুলোর মুখোমুখি অবস্থানের কারণে অঘোষিতভাবে বন্ধ হয়ে যায় ভোট প্রক্রিয়া। পরবর্তীতে বিকেল ৩টার দিকে সেখানে আবার ভোটগ্রহণ শুরু হয়। রোকেয়া হলে দেরি করে ভোটগ্রহণ শুরু হয়। ২৮ বছর পর ডাকসু নির্বাচন - ভোট গ্রহণ শুরু 'বাবারা সবশেষ ভোট দিয়েছেন, এবার আমরা দিব' ডাকসু নির্বাচনের পরিবেশ কতোটা আছে ক্যাম্পাসে? সুফিয়া কামাল হলে ভোট সাময়িক বন্ধ: কবি সুফিয়া কামাল হলে সকাল থেকেই ভোটাররা জড়ো হলেও সেখানে ভোটগ্রহণ সাময়িক বন্ধ রাখা হয়। ভোট কর্মকর্তারা শিক্ষার্থীদের সামনে ব্যালট বাক্স খুলে দেখাতে অস্বীকৃতি জানালে শিক্ষার্থীরা এতে ক্ষোভ জানায়। পরে শিক্ষার্থীদের চাপের মুখে ৫টি ব্যালটের মধ্যে ২টি ব্যালট খুলে দেখানো হয়। এরপর হল সংসদ প্রার্থীরা ভোটে অনাস্থা জানিয়ে পুরো ভবনটি তল্লাশির দাবি জানান। এমন বিশৃঙ্খল পরিস্থিতিতে ভোট সাময়িক বন্ধ রাখা হয়। শিক্ষার্থীদের ৫ সদস্যের একটি প্রতিনিধি দল পুরো ভবনটি তল্লাশি করছে বলে জানান এক ভোট কর্মকর্তা। উপাচার্যের দাবি: এদিকে ডাকসুর সাতটি প্যানেল নির্বাচনে অনিয়মের অভিযোগ এনে ভোট বর্জন করলেও ঢাকা বিশ্ববিদ্যালয়ের উপাচার্য মোহামদ আখতারুজ্জামানের দাবি ভোট সুষ্ঠু ও আনন্দমুখর পরিবেশে অনুষ্ঠিত হয়েছে। গণমাধ্যমকে তিনি বলেন, ""আমাদের শিক্ষার্থীদের যে শৃঙ্খলাবোধ এবং গণতান্ত্রিক মূল্যবোধ - এগুলো দেখে আমি বিস্মিত হয়েছি।"" ""এবং আশা করি শিক্ষার্থীরা এই যে উদাহরণ রাখলো আমাদের ছেলে এবং মেয়েরা, এটি আমাদের নতুন মাত্রায় অনুপ্রেরণা দেয়।""",দীর্ঘ ২৮ বছর পর ঢাকা বিশ্ববিদ্যালয়ের কেন্দ্রীয় ছাত্র সংসদের নির্বাচনের ভোট গ্রহণ অনুষ্ঠিত হয়েছে। ভোটে কারচুপি ও অনিয়মের অভিযোগ তুলে ভোট বর্জন করে পুনঃতফসিলের দাবি জানিয়েছে ছাত্রলীগ ছাড়া বাকি সব প্যানেল।,বাংলাদেশে ঢাকা বিশ্ববিদ্যালয়ের কেন্দ্রীয় ছাত্র সংসদ নির্বাচনের ভোটগ্রহণ শেষ হয়েছে।,0.2926829268292683,0.15384615384615383,0.2926829268292683,0.7973182,10,31
"শ্রীলঙ্কায় মুসলিম নারীদের মধ্যে হিজাব বোরকার ব্যবহার উল্লেখযোগ্য শ্রীলঙ্কায় এখন এ লেভেল পরীক্ষা চলছে । তার মাঝেই মঙ্গলবার থেকে এই নিষেধাজ্ঞা কার্যকর করা হয়েছে। শ্রীলঙ্কা শিক্ষা মন্ত্রণালয়ের উপমন্ত্রী বিবিসিকে বলেছেন, পরীক্ষায় নকল বন্ধের জন্য এই সিদ্ধান্ত তারা নিয়েছেন। তিনি বলেন, পরীক্ষার হলে ব্লু-টুথ ব্যবহার করে বাইরে থেকে স্বামীর সাহায্য নিয়ে লেখার সময় বোরকা পরা এক ছাত্রীকে হাতেনাতে ধরা হয়েছে। এছাড়া, বেশ কজন ছাত্রীর পোশাকের সাথে সাঁটা মাইক্রোফোন পাওয়া গেছে। তারা ঐ মাইক্রোফোন দিয়ে বাইরে আত্মীয় বন্ধুদের সাথে কথা বলছিলো। কর্মকর্তারা বলছেন, একটি ঘটনায় একজন প্রার্থীর জায়গায় অন্যজন পরীক্ষা দিতে এসেছিলো। শ্রীলঙ্কার মুসলিমদের সবচেয়ে বড় সংগঠন মুসলিম কাউন্সিল অব শ্রীলঙ্কার একজন নেতা বিবিসিকে বলেছেন, নকল ঠেকাতে সরকারের এই সিদ্ধান্তের পেছনে তারা যথার্থ যুক্তি দেখছেন। তবে গত ডিসেম্বরে পরীক্ষার হলে বোরকা এবং টুপি পরার ওপর এক নিষেধাজ্ঞায় আপত্তি করেছিলেন মুসলিম নেতারা। তাদের আপত্তির মুখে কর্তৃপক্ষ সেসময় সিদ্ধান্ত প্রত্যাহার করেছিলো। শ্রীলঙ্কার জনসংখ্যার প্রায় ১০ শতাংশের মত মুসলিম। মুসলিম নারীদের মধ্যে বিশেষ করে দেশের পূর্বাঞ্চলে হিজাব এবং বোরকার ব্যবহার উল্লেখযোগ্য। আরো পড়ুন: নায়ক সালমান শাহ'র মৃত্যু: কী ঘটেছিল সেদিন একটি কনডম বাঁচাতে পারে নতুন মায়ের জীবন",নকলের বেশ কিছু অভিযোগ পাওয়ার পর শ্রীলঙ্কায় পরীক্ষার হলে মেয়েদের নিকাব পরা নিষিদ্ধ করা হয়েছে।,পরীক্ষার হলে বোরকা এবং টুপি পরার ওপর নিষেধাজ্ঞা জারি করেছে শ্রীলঙ্কা সরকার।,0.14814814814814814,0.08,0.14814814814814814,0.7733693,12,15
"এই বয়স সীমা আগে ৫৫ বছর নির্ধারণ করা হলেও সেটি আবার কমিয়ে আনা হয়েছে। ৪০ বছরের বেশি বয়সীরা যে কোন সরকারি হাসপাতালে গিয়ে টিকা নিতে পারবেন। তবে টিকা নিতে হলে নাম নিবন্ধন করতে হবে সরকারি ওয়েবসাইটের মাধ্যমে। এর আগে এ বিষয়ক একটি অ্যাপ চালু হওয়ার কথা থাকলেও বর্তমানে সেটি আর কাজ করছে না। এ বিষয়ে স্বাস্থ্য অধিদপ্তরের পরিচালক(এমআইএস) ডা. মিজানুর রহমান বলেন, অ্যাপটি এখনো তাদের হাতে এসে পৌঁছায়নি বলে কাজ শুরু হয়নি। তবে এটি শিগগিরই চলে আসবে। অ্যাপ না থাকলেও নির্দিষ্ট ওয়েব সাইটে রেজিস্ট্রেশন চলছে বলে জানিয়েছেন তিনি। স্পট রেজিস্ট্রেশন প্রাথমিক পর্যায়ে করোনাভাইরাসের টিকা পেতে নিবন্ধন করা নিয়ে ঝামেলার মুখে পড়ার কথা অনেকে জানানোর পর নিবন্ধনের কাজ সহজ করতে নেয়া পদক্ষেপের অংশ হিসাবে স্বাস্থ্য অধিদপ্তর স্পট রেজিস্ট্রেশন বা টিকা কেন্দ্রে গিয়ে রেজিস্ট্রেশনের ব্যবস্থার কথা জানিয়েছিল। বিবিসি বাংলাও এ বিষয়ে এই প্রতিবেদনে সে খবর দিয়েছিল। কিন্তু বৃহস্পতিবার ১১ই ফেব্রুয়ারি বাংলাদেশের স্বাস্থ্যমন্ত্রী জাহিদ মালেক জানান সরকার 'স্পট রেজিস্ট্রেশন' অর্থাৎ কেন্দ্রে উপস্থিত হয়ে রেজিস্ট্রেশন করে তাৎক্ষণিকভাবে ভ্যাকসিন দেয়ার ব্যবস্থা বন্ধ করে দিচ্ছে। তিনি বলেন এখন থেকে ভ্যাকসিন দেয়ার জন্য অ্যাপে রেজিস্ট্রেশন করা মানুষেরাই কেবল নির্ধারিত কেন্দ্রে গিয়ে টিকা নিতে পারবেন। এ সম্পর্কে বিস্তারিত পড়তে পারেন নিচের লিংকে: ভ্যাকসিন রেজিস্ট্রেশনের জন্য সুরক্ষা.গভ.বিডি https://www.surokkha.gov.bd/ নামের ওয়েবসাইটে টিকা নিতে আগ্রহীদের নাম নিবন্ধন করতে হবে। এজন্য প্রয়োজন হবে জাতীয় পরিচয় পত্র এবং নাম, ঠিকানা, বয়স, পেশা, শারীরিক পরিস্থিতি, ফোন নাম্বার ইত্যাদি তথ্য। সেখানে প্রথমে নিজের পেশার ধরণ, পেশা বাছাই করার পরে জাতীয় পরিচয়পত্র নম্বর ও জন্ম তারিখ দিতে হবে। বাংলাদেশের আইসিটি বিভাগের প্রোগ্রামাররা এই ডাটাবেজটি তৈরি করেছেন। বাংলাদেশের তথ্য ও যোগাযোগ প্রযুক্তি (আইসিটি) বিভাগের প্রতিমন্ত্রী জুনাইদ আহমেদ পলক বলেছেন, ''এটি একটি ওয়েব অ্যাপলিকেশন। দেশের ন্যাশনাল ডাটা সেন্টারে এটি হোস্ট করা হয়েছে। ফলে যত মানুষ এটায় নিবন্ধন করতে চাইবেন, সেই অনুযায়ী এর সক্ষমতা বৃদ্ধি করা যাবে।'' তিনি জানিয়েছেন, এর মোবাইল ভার্সনটি প্রস্তুত করে রাখা হবে। যখন স্বাস্থ্য মন্ত্রণালয় চাইবে, তখনি তাদের দেয়া হবে।'' বাংলা ও ইংরেজি, উভয় ভাষায় এই ওয়েবসাইটে তথ্য পূরণ করা যাবে। ওয়েব অ্যাপলিকেশনে নিবন্ধন করতে হলে তাদের বয়স ন্যূনতম ১৮ বছর হতে হবে। আরও পড়তে পারেন: ভ্যাকসিনেই কি করোনাভাইরাস সংক্রমণ থেকে মুক্তি মিলবে? যেভাবে কাজ করবে বাংলাদেশের করোনাভাইরাস টিকার অ্যাপ বুধবার থেকে করোনাভাইরাসের ভ্যাকসিন দেয়া শুরু দক্ষিণ এশিয়াতে ভারতের ভ্যাক্সিন কূটনীতি শুরু, বাদ শুধু পাকিস্তান কোভিড ১৯ টিকাদান কর্মসূচি ফর্ম নিবন্ধন করার সময় তার নাম, বয়স, পেশা, এনআইডি নম্বর, ঠিকানা (সিটি কর্পোরেশন/পৌরসভার ওয়ার্ড), যে কেন্দ্রে টিকা নিতে আগ্রহী - সেই কেন্দ্র নির্ধারণ করে দিতে হবে। একজন কর্মকর্তা বিবিসি বাংলাকে বলেছেন, দেশের জাতীয় তথ্যভাণ্ডারের সঙ্গে এই ওয়েবসাইট যুক্ত থাকবে। ফলে যখন কেউ তার এনআইডির নম্বর প্রবেশ করবেন, সঙ্গে সঙ্গে তার নাম, পরিচয়, বয়স ইত্যাদি ডাটাবেজে চলে আসবে। তবে এজন্য কোন স্ক্যান করা কপি বা ছবি দিতে হবে না। নিবন্ধনের জন্য কোন খরচ বা ফি নেই। একটি এনআইডি নম্বর থেকে একবারই নিবন্ধন করা যাবে। যেকোনো ব্যক্তি তার কম্পিউটার ব্যবহার করে এই নিবন্ধন করতে পারবেন। নিবন্ধন সম্পন্ন হওয়ার পর একটি ভ্যাকসিন কার্ড আসবে। সেটি ডাউনলোড করে প্রিন্ট করে নিতে হবে। টিকা নেয়ার সময় এই কার্ডটি দরকার হবে। মোবাইল নম্বরে যাবে এসএমএস নাম নিবন্ধন করার সময় একটি মোবাইল নম্বর দিতে হবে। নম্বরটি যাচাই করার জন্য একটি ওভার দ্য ফোন বা ওটিপি নম্বর আসবে। সেটা ওয়েবসাইটে দেয়ার পর নিবন্ধন প্রক্রিয়া সম্পন্ন হবে। পরবর্তীতে স্বাস্থ্য অধিদপ্তর থেকে এই মোবাইল নম্বরেই এসএমএস পাঠিয়ে টিকা দেয়ার সময় ও স্থান জানিয়ে দেয়া হবে। সেই নির্ধারিত সময়ে উপস্থিত হয়ে টিকা নিতে হবে। সে সময় নিবন্ধনের কার্ডটি দরকার হবে। কর্মকর্তারা জানিয়েছেন, একটি ফোন নম্বর ব্যবহার করে পরিবারের সর্বোচ্চ পাঁচ জন সদস্যের জন্য নিবন্ধন করা যাবে। কীভাবে অগ্রাধিকার তালিকা নির্ধারণ করা হবে? নিবন্ধন করার সময় পেশা নির্বাচনের একটি ঘর আসবে। সেখানে সংশ্লিষ্ট ব্যক্তির পেশা নির্বাচন করতে হবে। তবে অ্যাপলিকেশন নির্মাণের সঙ্গে সংযুক্ত কর্মকর্তারা জানিয়েছেন, চিকিৎসক, আইনশৃঙ্খলা বাহিনী ইত্যাদি সম্মুখ সারিতে কর্মরত ব্যক্তিদের তালিকা আলাদাভাবে সংগ্রহ করা হচ্ছে। সেই তালিকায় তাদের জাতীয় পরিচয়পত্র নম্বরও থাকছে। সেটাও ডাটাবেজে অন্তর্ভুক্ত করা হবে। ফলে যখন কেউ নাম নিবন্ধন করবেন, সেই তালিকার সঙ্গে মিলে গেলে সংশ্লিষ্ট ব্যক্তি স্বয়ংক্রিয়ভাবে টিকা নেয়ার অগ্রাধিকার তালিকায় চলে আসবেন। পাশাপাশি ওই ব্যক্তির ডায়াবেটিস, ক্যান্সার, শ্বাসতন্ত্রের রোগ বা হৃদরোগের মতো অন্য কোন শারীরিক জটিলতা আছে কিনা, সেটা জানানোর একটি অপশন আসবে, যেখানে হ্যাঁ অথবা না চিহ্নিত করে দিতে হবে। বাংলাদেশে বুধবার থেকে করোনাভাইরাসের টিকা কার্যক্রম শুরু হবে বলে কর্মকর্তারা জানিয়েছেন টিকা নেয়ার সার্টিফিকেট প্রতিমন্ত্রী জুনাইদ আহমেদ পলক বলছেন, এই সুরক্ষা অ্যাপলিকেশনের মাধ্যমে প্রত্যেকে টিকা সম্পর্কিত সকল তথ্য জানতে পারবেন। সেই সঙ্গে টিকার দু'টি ডোজ নেয়ার পর তিনি টিকা নেয়ার একটি সনদ এই ওয়েবসাইট থেকেই ডাউনলোড করে প্রিন্ট করে নিতে পারবেন। কর্মকর্তারা আশা প্রকাশ করে বলেছেন, অনলাইনে এভাবে নিবন্ধন করার মাধ্যমে বাংলাদেশে কতোজন মানুষ টিকা পেয়েছেন, কোন শ্রেণী-পেশার মানুষ পাচ্ছেন, সকল তথ্য পাওয়া যাবে। প্রথমে যারা টিকা পাবেন টিকা নেয়ার ক্ষেত্রে প্রথম পর্যায়ে ১৭ ক্যাটেগরির নাগরিকদের নির্ধারণ করা হয়েছে। প্রথমে তাদের টিকা নেয়ার পরে অন্যরা টিকা নেয়ার সুযোগ পাবেন। এই ১৭ ক্যাটেগরির মধ্যে রয়েছে: সরকারি স্বাস্থ্য ও পরিবার পরিকল্পনা বিভাগের কর্মী, বেসরকারি ও প্রাইভেট স্বাস্থ্যকর্মী, প্রত্যক্ষভাবে সম্পৃক্ত সকল সরকারি-বেসরকারি স্বাস্থ্যসেবা কর্মী, বীর মুক্তিযোদ্ধা ও বীরাঙ্গনা, সম্মুখসারির আইনশৃঙ্খলা রক্ষাকারী বাহিনীর সদস্য, সামরিক ও আধাসামরিক বাহিনীর সদস্য, রাষ্ট্র পরিচালনায় অপরিহার্য কর্মকর্তা, নির্বাচিত জনপ্রতিনিধি, গণমাধ্যমকর্মী, সিটি করপোরেশন ও পৌরসভার কর্মকর্তা-কর্মচারী, সকল ধর্মের ধর্মীয় প্রতিনিধি, মৃতদেহ দাফন বা সৎকারকাজে নিয়োজিত ব্যক্তি, বিদ্যুৎ, পানি, গ্যাস ও ফায়ার সার্ভিসের মতো জরুরি সেবায় নিয়োজিত ব্যক্তি, নৌ-রেল-বিমানবন্দরে কর্মরত ব্যক্তি, ব্যাংকের কর্মকর্তা-কর্মচারী, জেলা-উপজেলা পর্যায় পর্যন্ত সরকারি কার্যালয়ে নিয়োজিত কর্মকর্তা-কর্মচারী এবং প্রবাসী অদক্ষ শ্রমিক । বিবিসি বাংলার অন্যান্য খবর: 'নতুন করে সীমান্ত সংঘর্ষে' জড়িয়েছে ভারত ও চীন কেন বিতর্কিত বাকশাল ব্যবস্থা প্রতিষ্ঠা করেছিলেন শেখ মুজিব? টিকা নেবার পর কোভিড সংক্রমণ থেকে সুরক্ষা পেতে কত দিন লাগে? ভারতের কোভিড টিকাগুলো সম্পর্কে আমরা কতটা জানি",বাংলাদেশে রবিবার ৭ই ফেব্রুয়ারি থেকে আনুষ্ঠানিকভাবে সারা দেশে করোনা ভাইরাসের টিকাদান কর্মসূচি শুরু হয়েছে। শুরুতেই সম্মুখ সারির কর্মী এবং ৪০ বছরের বেশি নাগরিকদের টিকা দেয়া হবে।,বাংলাদেশে করোনাভাইরাসের টিকা দেয়ার ক্ষেত্রে ৪০ বছরের বেশি বয়সী মানুষের নিবন্ধন করা বন্ধ করে দিয়েছে সরকার।,0.2380952380952381,0.1,0.1904761904761905,0.73325413,16,26
"সান্দিনিস্তা বিদ্রোহের বর্ষপূর্তি অনুষ্ঠানে ড্যানিয়েল ওর্তেগা নিকারাগুয়ার মোনিম্বো শহরের সমাধিস্থানে পুরোনো একটি রণসঙ্গীতের সুর বাজাচ্ছিলো বাদকদল। হোসে পালাসিওস নামের এক তরুণের মরদেহ সৎকারের জন্য সেখানে জড়ো হয়েছেন তার আত্মীয় ও বন্ধুরা। নিকারাগুয়ায় গত তিনমাসের অস্থিরতায় নিহত হওয়া ব্যক্তিদের একজন ২৭ বছর বয়সী পালাসিওস। নিকারাগুয়ায় তিনমাসে নিহত হওয়া প্রায় সাড়ে তিনশো মানুষের সবাই প্রেসিডেন্ট ড্যানিয়েল ওর্তেগার পদত্যাগের দাবীতে বিক্ষেোভ করেছিলেন। পালাসিওসের বিধবা স্ত্রী রোকসানা বলেন, নিকারাগুয়ায় চলতে থাকা অবিচারের প্রতিবাদ করতে গিয়ে জীবন দিয়েছেন তাঁর স্বামী। সমাধিক্ষেত্রের বাইরে শহরের মূল চত্বরের চিত্র পুরোপুরি ভিন্ন। সেখানে রাস্তায় অস্ত্রশস্ত্র হাতে, মুখোশ পড়ে বসে আছে বেশ কয়কেজন, যাদের কোনো একজনের গুলিতেই হয়তো পালাসিওস মারা গেছেন। সান্দিনিস্তা বিদ্রোহের বার্ষিকী উদযাপনের প্রস্তুতি নিচ্ছেন তারা। প্রায় চার দশক আগে ঐ বিদ্রোহের মধ্যে দিয়েই নিকারাগুয়ার প্রেসিডেন্ট হন ড্যানিয়েল ওর্তেগা। প্রেসিডেন্ট ওর্তেগার বিরুদ্ধে এখন নিকারাগুয়ায় যেরকম আন্দোলন চলছে, ১৯৭৯ সালে ঠিক এরকমই এক বিদ্রোহের নেতৃত্ব দিয়েছিলেন ওর্তেগা নিজে। নিকারাগুয়ার সাম্প্রতিক সরকারবিরোধী আন্দোলন শান্তিপূর্ণভাবেই শুরু হয়েছিল। কিন্তু তারপর প্রেসিডেন্ট ওর্তেগার তত্বাবধানেই সেটি সাধারণ মানুষ আর ওর্তেগা সমর্থকদের মধ্যে রক্তক্ষয়ী সংঘর্ষে পরিণত হয়। সান্দিনিস্তা বিদ্রোহের শুরু থেকে ঐ এলাকায় কাজ করা সাংবাদিক জন লি অ্যান্ডারসন বলেন, ওর্তেগা নিজে একসময় যেই অন্যায়ের বিরুদ্ধে বিদ্রোহে নেতৃত্ব দিয়েছিলেন, এখন নিজে ঐ একই অন্যায় করছেন। আরো পড়ুন: বিপ্লবী না স্বৈরশাসক, ড্যানিয়েল ওর্তেগা আসলে কে? ক্ষমতায় সমতা: বিশ্বের নিয়ন্ত্রণ যেখানে নারীর হাতে নতুন পাঁচ 'স্বৈরতান্ত্রিক দেশের তালিকায়' বাংলাদেশ সরকারবিরোধী বিক্ষোভে নিকারাগুয়ার সাধারণ মানুষ মি. অ্যান্ডারসন বলেন, ""চল্লিশ বছর আগে প্রেসিডেন্ট সামোযার উৎখাতের সময়কার পরিস্থিতি আর এখনকার পরিস্থিতি অনেকটাই একরকম।"" ""সামোযার মত বিভিন্ন শহরে বিমানহামলা না করলেও, বড় শহরগুলোতে মুখোশধারী প্যারামিলিটারি পাঠাচ্ছেন ওর্তেগা। যারা সব ধরণের সরকারবিরোধী বিদ্রোহ নিষ্ঠুরভাবে দমন করছে।"" অতীতে প্রেসিডেন্ট সামোযা'র ওপরও ভরসা রেখে নিপীড়িত হতে হয়েছে নিকারাগুয়ার মানুষকে, এবার প্রেসিডেন্ট ওর্তেগার ক্ষেত্রেও একই ঘটনা ঘটলো। তবে নিকারাগুয়ার সাধারণ মানুষ সরকারবিরোধী বিদ্রোহ চালিয়ে যেতে দৃঢ়প্রতিজ্ঞ। হোসে পালাসিওসের শবদেহ সৎকারের সময় তার পরিচিতদের কন্ঠে ছিল সেই প্রতিজ্ঞার আভাস।",নিকারাগুয়ায় সরকার বিরোধী বিক্ষোভে গত তিন মাসে নিহত হয়েছেন প্রায় সাড়ে তিনশো মানুষ। সাধারণ মানুষের শান্তিপূর্ণ বিক্ষোভে সরকারের সমর্থকরা হামলা চালানোর ফলেই এসব হতাহতের ঘটনা ঘটছে বলে অভিযোগ রয়েছে।,নিকারাগুয়ায় সান্দিনিস্তা বিদ্রোহের তিনমাসের বর্ষপূর্তি উদযাপনের প্রস্তুতি নিচ্ছেন মোনিম্বো শহরের বাদকদল।,0.05,0.0,0.05,0.6824016,11,29
"প্রত্যন্ত এলাকায় ব্যাংকগুলো ব্যাংকিং সেবা দিচ্ছে এজেন্ট ব্যাংকিংয়ের মাধ্যমে স্বামী বিদেশে থাকেন আর ছেলে স্কুলে পড়ে। কিন্তু বিদেশ থেকে আসা টাকা তোলার জন্য তাকে আর উপজেলা সদরে ব্যাংকে যেতে হয়না গত প্রায় ৫ বছর ধরে। ""আগে তো ব্যাংকে যাইতাম টাকা তুলতে। বছর পাঁচেক হইলো এজেন্টের কাছ থেকে তুলি। পোলার স্কুলের বেতনও ওইখানে জমা দেই,"" বলছেন তিনি। তফুরা বেগমের মতো অসংখ্য মানুষ যারা প্রত্যন্ত এলাকায় বাস করেন টাকা জমা দেয়া বা তোলা ছাড়াও নানা ধরণের ব্যাংকিং সেবার জন্য এখন প্রতিনিয়ত ভিড় করেন বিভিন্ন ব্যাংকের এজেন্ট পয়েন্টগুলোতে। বাংলাদেশ ব্যাংক বলছে বাংলাদেশে এ ধরণের এজেন্ট ব্যাংকিং শুরু হয়েছিলো ২০১৩ সালে আর ২০২০ জুন মাস নাগাদ এজেন্ট পয়েন্টগুলোতে অ্যাকাউন্ট হয়েছে ৭৩ লাখ ৫৮ হাজার ১৯০টি। এর মধ্যে নারীদের অ্যাকাউন্টই আছে ৩৪ লাখ ১০ হাজার ২৭০টি যা মোট অ্যাকাউন্টের ৪৬ শতাংশ। অন্যদিকে এ মুহূর্তে দেশের তেইশটি ব্যাংক ৮৭৬৪ জন এজেন্টের মোট ১২ হাজার ৪৪৯টি আউটলেটে এজেন্ট ব্যাংকিং সেবা দেয়া হচ্ছে। বাংলাদেশ ব্যাংক বলছে, এজেন্ট পয়েন্টগুলোতে এ যাবৎকাল জমা পড়েছে ১০ হাজার কোটির বেশি টাকা। রেমিটেন্স বিতরণ হয়েছে প্রায় ২৫ হাজার কোটি টাকার বেশি। আর ঋণ বিতরণ হয়েছে এসব পয়েন্টের মাধ্যমে এ পর্যন্ত প্রায় সাতশ বিশ কোটি টাকা। মহামারির সময়েও বেড়েছে এজেন্ট ব্যাংকিং কেন্দ্রীয় ব্যাংক বলছে এ সময়ে এজেন্ট ও আউটলেট বেড়েছে যথাক্রমে ৬.১০ শতাংশ ও ৪.৮৩ শতাংশ। আর এ সময়ে নারীদের অ্যাকাউন্ট করার হার বেড়েছে পনের শতাংশেরও বেশি। ""মূলত ২০১৩ সালে এজেন্ট ব্যাংকিং চালু করা হয়েছে সুবিধাবঞ্চিত ও প্রত্যন্ত এলাকা বসবাসকারীরা যারা প্রচলিত ব্যাংকিং সেবার অনেকটাই বাইরে তাদের জন্য। সেভিংস, লোন, রেমিটেন্স ছাড়া পেমেন্ট সার্ভিস যেমন ইউটিলিটি বিল, কর বা সরকারি ভাতা তোলার মতো কাজগুলো এজেন্ট পয়েন্টের মাধ্যমে ব্যাংক করতে পারে,"" বাংলাদেশ ব্যাংক বলছে তাদের প্রতিবেদনে। বিবিসি বাংলায় আরও পড়ুন: বৈদেশিক মুদ্রার রেকর্ড রিজার্ভের সুবিধা-অসুবিধা কী? করোনা পরিস্থিতিতে রেমিটেন্স ও রিজার্ভে রেকর্ড কীভাবে সম্ভব হলো নতুন ব্যাংক নোট: চাইলেই কি ইচ্ছে মতো টাকা ছাপানো যায়? আর্থিক খাতে সাইবার ক্রাইম ঠেকানো যাচ্ছেনা কেন? বিকাশ ব্যবহার করে অর্থ পাচার হয় যেভাবে নিজের প্রতিষ্ঠানে ব্যাংক কর্মকর্তা ও গ্রাহকদের সাথে দেশের প্রথম ব্যাংক এজেন্ট মুহাম্মদ ইসমাইল শেখ ( পাঞ্জাবী পরিহিত) ২০১৭ সালে এ সংক্রান্ত একটি নীতিমালাও প্রকাশ করেছিলো কেন্দ্রীয় ব্যাংক। এখন পর্যন্ত দেখা যাচ্ছে এজেন্টদের ৮৬ আর আউটলেটের ৮৮ শতাংশই একেবারে গ্রাম পর্যায়ে। আবার অ্যাকাউন্টের দিক থেকে শহর এলাকায় যেখানে ৯ লাখ ৮০ জাজার ৫১১টি অ্যাকাউন্ট সেখানে গ্রাম এলাকায় হয়েছে ৬৩ লাখ ৭৬হাজার ৬৮৬টি অ্যাকাউন্ট। আর অ্যাকাউন্টের হিসেবে এজেন্ট ব্যাংকিংয়ের শীর্ষে থাকা পাঁচটি ব্যাংকের নাম উল্লেখ করেছে বাংলাদেশ ব্যাংক। এগুলো হলো ডাচ বাংলা ব্যাংক, ব্যাংক এশিয়া, ইসলামী ব্যাংক, দি সিটি ব্যাংক ও এনআরবি কমার্শিয়াল ব্যাংক। এ মুহুর্তে গ্রাম এলাকায় সবচেয়ে বেশি এজেন্ট আছে ব্যাংক এশিয়ার যার সংখ্যা ৩৩২৫। কীভাবে কাজ করে এজেন্ট ব্যাংকিং ব্যাংক এশিয়ারই একজন কর্মকর্তা বিপুল সরকার এখন মুন্সীগঞ্জের একটি শাখায় ব্যবস্থাপক হিসেবে কাজ করছেন। তিনি বলছেন, ""এজেন্ট ব্যাংকিং মডেলটা হলো- একজন গ্রাহক এজেন্ট পয়েন্টে যা করবে সেটা রিয়েল টাইম ব্যাংকিংই করলো। অর্থাৎ মূল শাখায় এসে তিনি যে সার্ভিস পেতেন সেটাই ওখানে পাচ্ছেন। শুধু অতিরিক্ত নিরাপত্তার স্বার্থে এজেন্ট পয়েন্টে কাজ হয় বায়োমেট্রিক্স ডিভাইস ব্যবহার করে, অর্থাৎ প্রত্যেকে ফিঙ্গার প্রিন্ট দিয়ে কাজ করতে হয়। ব্যাংকের মূল অ্যাকাউন্ট খোলার সময় সবাইকেই এই ফিঙ্গার প্রিন্ট দিতে হয়""। তিনি বলেন একজন ব্যক্তি একটি এজেন্ট পয়েন্টে গিয়ে অ্যাকাউন্ট খুলতে পারবেন বা তার অন্য ব্রাঞ্চে অ্যাকাউন্ট থাকলে তার বিপরীতে সব সেবা নিতে পারবেন। ""টাকা তোলার ব্যবস্থা, টাকা জমা দেয়া, রেমিটেন্স এমনকি অন্য ব্যাংকের হিসেবেও টাকা পাঠানো বা সেখান থেকে নিজের অন্য ব্যাংকের অ্যাকাউন্টে টাকা আনার কাজও করা যাবে""। ঝুঁকি কতটা? মি. সরকার বলছেন, গ্রাহকের জন্য কোনো ঝুঁকিই নেই এজেন্ট ব্যাংকিংয়ে। ""ধরুন একজন এক লাখ টাকা জমা দিলো এজেন্টের কাছে। সঙ্গে সঙ্গে তিনি ব্যাংকের কম্পিউটার জেনারেটেড রিসিট পাবেন ও তার ফোনে টাকা জমা হয়ে যাওয়ার এসএমএস আসবে ব্যাংক থেকে। লেনদেনটির সাথে সাথে ব্যাংকের মূল সার্ভারে গ্রাহকের তথ্য হালনাগাদ হয়ে যাবে""। তিনি বলেন ব্যাংক যেটি করে তা হলো গ্রাহক টাকা দেয়ার সাথে সাথে এজেন্টের অ্যাকাউন্ট থেকে সেই পরিমাণ টাকা ডেবিট করে গ্রাহকের অ্যাকাউন্টে দেয়া হয়। আর গ্রাহকের দেয়া নগদ টাকা এজেন্টের হাতে থাকে। ""টাকা তোলার ক্ষেত্রেও তাই- গ্রাহককে এজেন্ট টাকা দেন এবং সেই টাকা ব্যাংক গ্রাহকের আক্যাউন্ট থেকে এজেন্ট অ্যাকাউন্টে দিয়ে দেয় ব্যাংক। ফলে এখানে গ্রাহকদের দিকে ঝুঁকির কিছু নেই,"" বলছিলেন মিস্টার সরকার। তিনি জানান ব্যাংক এশিয়া বাংলাদেশের প্রায় তিন হাজার ইউনিয়নে থাকা ইউনিয়ন ডিজিটাল সেন্টারের মাধ্যমে এজেন্ট ব্যাংকিং সেবা দেয়া শুরু করেছে। প্রথম এজেন্ট: মুহাম্মদ ইসমাইল শেখ বাংলাদেশে এজেন্ট ব্যাংকিংয়ের সূচনা হয়েছিলো মুন্সীগঞ্জের সিরাজদিখানে মুহাম্মদ ইসমাইল শেখের মাধ্যমে। ""ব্যাংক এশিয়ার তখনকার ডিএমডি আরফান আলী আমাদের এলাকার মানুষ। তিনি উপজেলা চেয়ারম্যানকে বলেছিলেন, এ ধরণের এজেন্ট হওয়ার মতো নির্ভরযোগ্য কয়েকজন তরুণ দরকার। চেয়ারম্যানই আমার নাম দিয়েছিলেন। পরে ব্যাংক আমাকে সিলেক্ট করেছিলো,"" বিবিসি বাংলাকে বলছিলেন মিস্টার শেখ যিনি সরকারি প্রতিষ্ঠানের ডিলারশিপের কাজ করেন। ""স্বাধীন বিজনেস। সব নিয়ন্ত্রণ করবে ব্যাংক। একটা চুক্তির মাধ্যমে ব্যাংক এজেন্সি দিয়ে থাকে। সদর থেকে সাড়ে ছয় কিলোমিটার দুরে আমার প্রতিষ্ঠান। কাস্টমার সব লেনদেন ব্যাংকের সাথেই করে। শুধু লেনদেনের মাধ্যম আমি,"" বলছিলেন তিনি। মুহাম্মদ ইসমাইল শেখ বলছেন, এখন অনেকটাই সহজ হয়েছে কারণ মানুষ নিজ থেকেই আসছে এজেন্ট পয়েন্টগুলোতে। ""কিন্তু শুরুতে খুবই কষ্ট হয়েছিলো মানুষকে বোঝাতে। অন্ধকার থেকে শুরুতে করেছিলাম। এখন পাঁচ হাজার গ্রাহক আছে আমার এখানে এবং প্রতিদিন গড়ে লেনদেন হয় আশি থেকে একশটি। সম্প্রতি স্কুলের সব ব্যাংকিং সেবাও দেয়া শুরু করেছি""। তিনি জানান টাকার ভলিউম বেড়ে যাওয়ায় অনেক এজেন্ট এখন ভল্ট আনছেন নিরাপত্তার জন্য। কেন্দ্রীয় ব্যাংক তার রিপোর্টে বলছে করোনা মহামারীতেও বেড়েছে এজেন্ট ব্যাংকিং এজেন্ট কারা হতে পারবেন : তারা কি পারবেন আর কি পারবেননা মাইক্রোক্রেডিট রেগুলেটরি অথরিটি অব বাংলাদেশ কর্তৃক নিয়ন্ত্রিত এনজিও ও অন্যান্য নিবন্ধিত এনজিও, কো-অপারেটিভ সোসাইটি (সমবায় সমিতি আইন, ২০০১ অধীনে), ডাক ও টেলিযোগাযোগ মন্ত্রণালয়ের অধীনে নিবন্ধিত ডাকঘর, কুরিয়ার এবং মেইলিং সার্ভিস কোম্পানি, কোম্পানি আইন ১৯৯৪-এর অধীনে নিবন্ধিত কোম্পানি, মোবাইল নেটওয়ার্ক অপারেটর এজেন্ট, গ্রামীণ ও শহরের স্থানীয় সরকার প্রতিষ্ঠান অফিস, ইউনিয়ন তথ্য ও সেবাকেন্দ্র, আইটি ভিত্তিক আর্থিক সেবা, বীমা কোম্পানির এজেন্ট, ফার্মেসির মালিক, মুদি দোকান এবং পেট্রল পাম্প/গ্যাস স্টেশন পরিচালনা করতে সক্ষম শিক্ষিত ব্যক্তি এবং বাংলাদেশ ব্যাংক কর্তৃক সুপারিশকৃত বা অনুমোদিত যেকোনো প্রতিষ্ঠান। তবে এক ব্যাংকের এজেন্ট অন্য ব্যাংকের এজেন্ট হতে পারবে না। এজেন্টকে ব্যাংকের দেয়া ইলেকট্রনিক ডিভাইস রক্ষণাবেক্ষণ ও সব লেনদেনের রেকর্ড সংরক্ষণ করতে হবে। ব্যাংককে অডিটে সহযোগিতা করতে হবে। ঋণ বিতরণ ও কিস্তি আদায়ের দায়িত্বও এজেন্টের। কোনোভাবেই এজেন্ট কোনো বাড়তি চার্জ আরোপ করতে পারবে না এবং আঙ্গুলের ছাপ ও কার্ড ছাড়া কোনো লেনদেন করতে পারবেনা।",মুন্সীগঞ্জ জেলার সিরাজদিখান উপজেলা সদর থেকে অন্তত দশ কিলোমিটার দুরে থাকেন তফুরা বেগম।,বাংলাদেশের দক্ষিণাঞ্চলীয় জেলা বুড়িগ্রামের তফুরা বেগম।,0.21052631578947367,0.11764705882352941,0.21052631578947367,0.7538192,6,13
"করোনাভাইরাসে আক্রান্ত দেশগুলো থেকে আসা মানুষ এবং তাদের সংস্পর্শে যারা এসেছেন, তাদের মধ্যেই নমুনা পরীক্ষার বিষয়টি এখনও সীমাবদ্ধ রাখা হয়েছে। পরিস্থিতি মোকাবেলায় চীনের উহান শহরকে দেশের অন্যান্য অঞ্চলকে পুরোপুরি বিচ্ছিন্ন করে ফেলে সরকার। পরে ব্যাপক বিধিনিষেধ আরোপ করা হয় হুবেই প্রদেশেও। চীনে করোনাভাইরাসের সংক্রমণ কিছুটা শ্লথ হওয়ার পর সংক্রমণ ছড়িয়ে পরে ইরানে। এরপর ব্যাপক সংক্রমণ আর মৃত্যুর খবর আসতে থাকে ইতালি থেকে। এ পর্যন্ত বিশ্বের ১১৭টি দেশের মানুষ এই ভাইরাসে আক্রান্ত হয়েছে। এর মধ্যে বাংলাদেশও রয়েছে। বাংলাদেশে মঙ্গলবার পর্যন্ত ১০ জনের মধ্যে করোনাভাইরাস সংক্রমণের বিষয়টি নিশ্চিত করেছে সরকারের রোগতত্ত্ব, রোগ নিয়ন্ত্রণ ও গবেষণা ইন্সটিটিউট বা আইইডিসিআর। তবে প্রশ্ন উঠছে যে করোনাভাইরাসের মতো একটি জীবানু ছড়িয়ে পড়া ঠেকাতে শুরু থেকে বাংলাদেশ কতটা প্রস্তুতি ছিল? চীনে করোনাভাইরাসের প্রাদুর্ভাব ছড়িয়ে যাবার পরে প্রায় দুই মাস সময় পেয়েছে বাংলাদেশ নিজেকে প্রস্তুত করে নিতে। বিশেষজ্ঞদের মতে, বিভিন্ন ব্যবস্থা বাংলাদেশ শুরু থেকেই নিতে পারতো। কিন্তু অনেক বিশেষজ্ঞই মনে করছেন যে বাংলাদেশে বিষয়টিকে প্রথমে খুব একটা গুরুত্ব দেয়া হয়নি। করোনাভাইরাসের সংক্রমণ রোধে গত এক সপ্তাহে বাংলাদেশ সরকার জোরদার কিছু পদক্ষেপ নিয়েছে। কিন্তু সেগুলোর মধ্যে কোন পরিকল্পনার ছাপ নেই বলে মনে করছেন বিশেষজ্ঞেরা। আইইডিসিআর-এর সাবেক পরিচালক এবং সংক্রামক রোগ নিয়ন্ত্রণ বিষয়ের একজন বিশেষজ্ঞ মাহমুদুর রহমান বিবিসি বাংলাকে বলেন, করোনাভাইরাস সংক্রমণ ঠেকাতে বাংলাদেশের সমন্বিত কোন পরিকল্পনা ছিল না। তবে এখন পর্যন্ত সরকারের পক্ষ থেকে যতটুকু পদক্ষেপ নেয়া হয়েছে, তা করতেও অনেকটা সময় ব্যয় হয়েছে। মি. রহমান বলেন, ""যে ব্যবস্থাগুলো নেয়া হয় সেগুলো অ্যাডহক, যখন যেটা মনে হয়েছে দরকার, তখন সেটা নেয়া হয়েছে। যেমন আমাদের ল্যাবরেটরি প্রস্তুতি কিছুটা ছিল, কিন্তু পুরোপুরি ছিল না।"" তিনি বলেন, করোনাভাইরাসের মতো জীবানু পরীক্ষা-নিরীক্ষা করার জন্য যেসব উপাদান দরকার, বাংলাদশে সেগুলো পর্যাপ্ত নেই। ""এটার আগাম অর্ডার দিতে হয় এবং বিভিন্ন চ্যানেল থেকে আনতে হয়,"" বলছিলেন মি. রহমান। করোনাভাইরাসের বিস্তার কতটা হয়েছে তা বোঝার জন্য পৃথিবীর অনেক দেশেই ব্যাপকভিত্তিতে পরীক্ষা করা হলেও বাংলাদেশে সে ব্যবস্থাই নেই। ""আমাদের রোগী হাসপাতালে আসলে কোথায় রাখবো, কিভাবে রাখবো, হাসপাতালে রোগীরা কিভাবে ঢুকবে - এখনো সে প্রস্তুতিটা ভালোভাবে করতে পারি নাই।"" তাছাড়া যেসব চিকিৎসক করোনাভাইরাসে আক্রান্ত রোগীদের সেবা দিবে, তাদের সুরক্ষার জন্য কোন ধরণের সরঞ্জাম প্রয়োজন হবে সেটিও ঠিকমতো নিশ্চিত করা হয়নি বলে মনে করেন মাহমুদুর রহমান। পৃথিবীর বিভিন্ন দেশ যখন বিদেশ থেকে আসা যাত্রীদের আগমনের ক্ষেত্রে কড়াকড়ি আরোপ করেছে, তখনও বিষয়টি নিয়ে বাংলাদেশ দৃশ্যমানভাবে কোন পদক্ষেপ নেয়নি। একটির পর একটি দেশ তাদের সীমান্ত বন্ধ করে দিলেও শুরু থেকে বাংলাদেশে বিষয়টিতে কোন নজর দেয়নি বলে উল্লেখ করেন বিশেষজ্ঞেরা। তাছাড়া বিদেশ থেকে আসা যাত্রীদের বিমানবন্দরে পর্যবেক্ষণ কিংবা স্ক্রিনিং করার বিষয়টিও শুরু থেকে যথাযথ হয়নি। বিমানবন্দরে যাত্রীদের স্বাস্থ্যের অবস্থা পর্যবেক্ষণ করা হয় থার্মাল স্ক্যানারের মাধ্যমে, অর্থাৎ দেখা হয় যে একজন যাত্রীর জ্বর আছে কি না। বিভিন্ন সংবাদ মাধ্যমে খবর বেরিয়েছে যে এসব থার্মাল স্ক্যানারের বেশিরভাগই ছিল অকার্যকর। বিশেষজ্ঞরা মন করেন, বিদেশ থেকে আসা ব্যক্তিদের ক্ষেত্রে ১৪ দিন হোম কোয়ারেন্টিনের কথা বলে দায়িত্ব সেরেছে কর্তৃপক্ষ। এসব মানুষ আসলেই বাড়িতে থাকছে কিনা, সেটিও ঠিক মতো পর্যবেক্ষণ করা হয়নি। করোনাভাইরাসের বিস্তার ঠেকানোর জন্য আরেকটি গুরুত্বপূর্ণ বিষয় হচ্ছে, যারা আক্রান্ত ব্যক্তির সংস্পর্শে এসেছেন, তাদের সবাইকে খুঁজে বের করে স্বাস্থ্য পরীক্ষা করা। মাহমুদুর রহমান বলেন, বাংলাদেশে জনগণের মধ্যে করোনাভাইরাস ছড়িয়েছে কিনা, তা নির্ণয় করার কোন ব্যবস্থাপনা বাংলাদেশে নেই। তিনি প্রশ্ন তোলেন, কিসের ভিত্তিতে বলা হচ্ছে যে বাংলাদেশের কমিউনিটিতে এখনো করোনাভাইরাসে ছড়ায়নি? তবে আইইডিসিআর-এর প্রধান বৈজ্ঞানিক কর্মকর্তা এএসএম আলমগীর দাবি করেন, চীনে যখন করোনাভাইরাসের সংক্রমণ শুরু হয়, তখন থেকেই বিষয়টি নিয়ে বাংলাদেশেও যথেষ্ট গুরুত্ব দেয়া হয়েছে। তিনি বলেন, চীনের ন্যাশনাল অ্যাকাডেমি অব সায়েন্সেস-এর সঙ্গে বাংলাদেশের আইইডিসিআর-এর যোগাযোগ রয়েছে। ""আমরা ওখান থেকেও খবর পাচ্ছিলাম যে উহানে আননোন (অজানা) নিউমোনিয়া হচ্ছে। এবং সেটা সম্ভবত সার্স কিংবা মার্স হতে পারে। ৩১শে ডিসেম্বর ওরা ডব্লিউএইচও'কে (বিশ্ব স্বাস্থ্য সংস্থা) জানানোর পর থেকেই আমাদের প্রস্তুতি শুরু।"" এরপর থেকেই চীন থেকে আগত যাত্রীদের ক্ষেত্রে বিমানবন্দরে স্বাস্থ্য পর্যবেক্ষণের ব্যবস্থা নেয়া হয় বলে তিনি উল্লেখ করেন। অবশ্য এমন জোরালো অভিযোগ রয়েছে যে বিমানবন্দরে স্বাস্থ্য পরীক্ষার কার্যক্রমটি মোটেও কার্যকরী ছিল না। অনেক যাত্রী কোন ধরণের পর্যবেক্ষণ ছাড়াই বিমানবন্দর দিয়ে দেশ প্রবেশ করে বলে বলা হচ্ছে।","চীনের উহানে করোনাভাইরাসের প্রাদুর্ভাব ব্যাপকভাবে ছড়িয়ে পড়েছিল জানুয়ারি মাসের গোড়াতে, আর তখন থেকেই আশংকা করা হচ্ছিল যে নতুন এই ভাইরাসের সংক্রমণ চীনের বাইরেও ছড়িয়ে পড়তে পারে।",চীনে করোনাভাইরাসের প্রাদুর্ভাব ছড়িয়ে পড়া ঠেকাতে গত এক সপ্তাহ ধরে বিধিনিষেধ আরোপ করা হয়।,0.2,0.052631578947368425,0.2,0.7661467,14,26
"১৯ বছরের লুইস শৈশব থেকে একজন ইউটিউবার ইউটিউবকে যারা নিজেদের কর্মক্ষেত্র হিসেবে বেছে নিয়েছে তেমনই একজন লুইস বল। ১৯ বছরের এই তরুণ ইউটিউবার এর মেকআপ সংক্রান্ত টিউটোরিয়াল এবং ছাত্র হিসেবে তার জীবনের প্রতিদিনকার ঘটনা নিয়ে ভিডিও ব্লগ বা ভ্লগ তাকে ৩ লাখের বেশি অনুসারী এনে দিয়েছে। ""অনলাইনে বেড়ে ওঠা"" পাঁচ বছরের বেশি সময় ধরে সে এসব ভিডিও পোস্ট করে আসছে। বিবিসিকে সে জানায় নিজের টিন-এজ সময়টাকে অনলাইনে তুলে ধরা নিয়ে তার কোন অনুশোচনা নেই। ""আমি আমার টিন-এজ বয়সটা অর্থাৎ ১৩ থেকে ১৯ বছরের প্রতিটি মুহূর্ত অনলাইনে প্রকাশ করেছি। আমি জানি অনেক মানুষই এই বিষয়টাকে ঘৃণা করে কিন্তু আমি পেছনে ফিরে ১৪ বছর বয়সী আমাকে দেখতে ভালবাসি।"" ""খুব অল্প বয়স থেকে সামাজিক মাধ্যম নিয়ে আমার অবসেশন ছিল। আমার বয়স যখন ৮ কি ৯ বছর তখন একটি ইউটিউব চ্যানেল খুলে আমি আমার পোষা প্রাণীর ছবি তাৎক্ষণিকভাবে তুলে দিতাম।"" এরপর প্রাথমিক স্কুলের অভিজ্ঞতা তুলে ধরে ভিডিও ব্লগে। লুইসের ভিডিও যা সম্মিলিতভাবে ১৬ মিলিয়ন বার দেখা হয়েছে যেসব ভিডিওতে তার জামাকাপড় থেকে মেকআপ কিংবা ছুটিতে বেড়াতে যাওয়া সবকিছুই স্থান পায়। ""ফলাফল না ভেবেই যা খুশি মন্তব্য"" এভাবে একটি কিশোরের 'অনলাইনে বেড়ে ওঠা' অনেকের কাছেই অস্বাভাবিক মনে হলেও এই তরুণ বলছে তার অভিজ্ঞতা ছিল ইতিবাচক। ""অনলাইনে ভিডিও পোস্টিং একজন ব্যক্তি হিসেবে আমার পরিচয় খুঁজে বের করতে সাহায্য করেছে এবং আমার ব্যক্তিত্বের সেরাটা বের করে এনেছে।"" আরো পড়তে পারেন: দর্শক-দর্শনী দুটোই এখন ইউটিউব বিনোদনে বিজ্ঞাপনী বাজার: ডিজিটাল মিডিয়ার সম্ভাবনা কতটা? ফেসবুক-গুগল-ইউটিউবে ব্যবসার ওপর করের প্রস্তাব ইউটিউব দেখে হোটেল কক্ষে সন্তান প্রসব করলেন তরুণী নিখোঁজের ৪০ বছর পর স্বজনের কাছে ফেরালো ইউটিউব অনলাইনে সব ইউটিউবারদের বিদ্বেষপূর্ণ মন্তব্যের শিকার হতে হয়-বলেন এই ইউটিউবার আরও অনেক ইউটিউবারের মত লুইসও সোশ্যাল মিডিয়াতে ট্রলিং এবং লোকজনের বিদ্বেষপূর্ণ মন্তব্য থেকে বাদ পড়েনি। ""অনলাইনে লোকই আমার কাজকে সমর্থন দিয়ে আসছে কিন্তু আরও বহু মানুষ আছে যারা শুধু আমাকেই নয় অন্য ইউটিউবারদেরকেও নিচে নামাতে তৎপর।"" লুইস বলেন ইউটিউবারদের সবাইকেই এ অভিজ্ঞতার মুখোমুখি হতে হয়েছে। ""এমন কোন ইউটিউবারের কথা আমি শুনিনি যাকে এ ধরনের বিদ্বেষপূর্ণ মন্তব্যের শিকার হতে হয়নি।"" এই তরুণ আরও যোগ করেন, "" ইউটিউবে লোকজন ফলাফল চিন্তা না করেই যা খুশি তাই বলে বসে।"" ""ইউটিউবের ভিন্ন চেহারা"" নিজের পোস্ট করা ভিডিওগুলো সামঞ্জস্যপূর্ণভাবে সম্পাদনা করেন লুইস। কারণ ভিউয়ারের সাথে কথোপকথনের মতো মনে হলে সেই ভিডিও দিতেই সে পছন্দ করে। ""আমি মনে করি ইউটিউবের যে আন-গ্ল্যামারাস দিকটি আছে সে দেখানো জরুরি কারণ তা আপনাকে দর্শকের কাছাকাছি আনবে ।"" বিশ্ববিদ্যালয় শিক্ষার্থী হিসেবে নিজের জীবনের প্রকৃত চিত্রই তুলে ধরতে চায় সে। আর ইউটিউবকে সে নিয়েছে একটি ""পূর্ণকালীন কাজ"" হিসেবে। বিবিসি বাংলায় আরো পড়তে পারেন: কোটা বাতিল চায় কমিটি, দোটানা মুক্তিযোদ্ধা নিয়ে খাবেন, কিন্তু মেদ জমবে না - কীভাবে সম্ভব? আমেরিকা তুরস্কের পিঠে ছুরি মেরেছে, বললেন এরদোয়ান",ব্রিটেনে সবচেয়ে বড় অনলাইন ভিডিও ফেস্টিভ্যালে অংশ নিতে ইউটিউব তারকা এবং তাদের ভক্তরা জড়ো হচ্ছেন লন্ডনে।,"""আমি আমার টিন-এজ বয়সটা অর্থাৎ ১৩ থেকে ১৯ বছরের প্রতিটি মুহূর্ত অনলাইনে প্রকাশ করেছি।""",0.0,0.0,0.0,0.65388954,14,16
"ইয়াঙ্গুনসহ মিয়ানমারের শহরগুলোর রাস্তায় অবস্থান সশস্ত্র সেনারা ইয়াঙ্গনের একটি জেলায় নিরাপত্তা বাহিনী প্রায় দুশ'র মতো বিক্ষোভকারীকে চারদিক থেকে ঘিরে ফেললে তারা ওই ভবনে আটকা পড়ে। জাতিসংঘের মানবাধিকার বিষয়ক কার্যালয় বলছে, বিক্ষোভকারীদের ওই দলটি শান্তিপূর্ণ প্রতিবাদ করছিলো এবং তাদের চলে যাওয়ার অনুমতি দেয়া উচিৎ। দেশটিতে পহেলা ফেব্রুয়ারিতে সেনা অভ্যুত্থানের পর থেকেই এর প্রতিবাদে ব্যাপক বিক্ষোভ চলছে। এ পর্যন্ত অন্তত ৫৪ জন বিক্ষোভকারী নিরাপত্তা বাহিনীর হাতে নিহত হয়েছে বলে জানা যাচ্ছে। বিবিসি বাংলায় আরও পড়ুন: মিয়ানমার শহরের রাস্তায়-রাস্তায় সশস্ত্র সেনা, বন্ধ ইন্টারনেট মিয়ানমারের সামরিক নেতাদের উপর যুক্তরাষ্ট্রের নিষেধাজ্ঞা আরোপ সেনাবাহিনীর শক্ত নিয়ন্ত্রণ থেকে কেন বের হতে পারছে না মিয়ানমার? সামরিক বাহিনীর বিরুদ্ধে রাস্তায় নেমে বিক্ষোভ করছে মিয়ানমারের জনতা জাতিসংঘ বলছে আটকে পড়া বিক্ষোভকারী দলটি ইয়াঙ্গনের সনচুং এলাকার চার রাস্তা এলাকা থেকে বের হওয়ার সময় আটকা পড়ে। জেলার বাইরে থেকে কেউ এসেছে কি-না তা খুঁজতে পুলিশ ওই এলাকায় বাড়িঘরে তল্লাশি করছিলো। স্থানীয় অধিবাসী ও স্থানীয় একটি নিউজ সার্ভিস ফেসবুকে জানিয়েছে যে অন্তত বিশ জনকে এ সময় আটক করা হয়। এসময় সেখানে বিস্ফোরণের শব্দ শোনা যায় এবং ধারণা করা হচ্ছে যে এগুলো সাউন্ড গ্রেনেডের শব্দ। জাতিসংঘ মহাসচিব আন্তোনিও গুতেরেস সর্বোচ্চ ধৈর্যধারণ করতে এবং সহিংসতা বা গ্রেফতার ছাড়াই বিক্ষোভকারীদের নিরাপদ প্রস্থানের সুযোগ দেয়ার আহবান জানিয়েছেন বলে তার মুখপাত্র স্টিফেন ডুজারিক। তিনি বলেন, ""আটকে পড়াদের অনেকেই নারী যারা আন্তর্জাতিক নারী দিবসের র‍্যালিতে যোগ দিতে গিয়েছিলেন""। এদিকে ইয়াঙ্গনে কারফিউয়ের মধ্যেই বহু মানুষ রাস্তায় নেমে এসেছিলো। তাদেরকে ""সনচুং এর ছাত্রদের ছেড়ে দাও"" শ্লোগান দিতেও শোনা গেছে। তাদের ছত্রভঙ্গ করতে নিরাপত্তা বাহিনী গুলি ছুঁড়েছে ও সাউন্ড গ্রেনেড ব্যবহার করেছে বলে বার্তা সংস্থা রয়টার্স জানিয়েছে। সোমবারও দেশটিতে অন্তত তিনজন বিক্ষোভকারী নিহত হয়েছে বলে ধারণা করা হচ্ছে। বিক্ষোভকারীরা সেনা শাসনের অবসান এবং অং সান সুচিসহ আটক নেতাদের মুক্তির দাবিতে এক মাসেরও বেশি সময় ধরে বিক্ষোভ চালিয়ে যাচ্ছে। ক্ষমতা দখলের পরে রাস্তায় মিয়ানমারের সেনাবাহিনীর সদস্যরা টহল দিচ্ছে মিয়ানমার: কিছু মৌলিক তথ্য • মিয়ানমার বার্মা নামেও পরিচিত, ১৯৬২ থেকে ২০১১ সাল পর্যন্ত সামরিক জান্তা সরকারের শাসনের অধীনে থাকার কারণে দীর্ঘ সময় ধরে 'জাতিচ্যুত বা পারিয়া রাজ্য' হিসেবে দেখা হতো • ২০১০ সালে ধীরে ধীরে ক্ষমতা ছাড়তে শুরু করে সামরিক বাহিনী, যার জেরে ২০১৫ সালে অবাধ নির্বাচন হয় এবং বিরোধী নেত্রী অং সান সু চি'র নেতৃত্বে পরের বছর সরকার গঠিত হয়। • ২০১৭ সালে রাখাইন রাজ্যে কথিত সন্ত্রাসীদের দমনে সামরিক অভিযানের কারণে লাখ লাখ রোহিঙ্গা মুসলিম বাংলাদেশে আশ্রয় নিতে বাধ্য হয়, যাকে জাতিসংঘ ""জাতিগত নিধনের উদাহরণ হিসেবে"" উল্লেখ করে। • অং সান সু চি এবং তার সরকারকে পহেলা ফেব্রুয়ারি সামরিক বাহিনী উৎখাত করে। এর আগে নভেম্বরের নির্বাচনে জয় পেয়েছিল এনএলডি দল।",মিয়ানমারে সোমবার একটি অ্যাপার্টমেন্ট ব্লকে আটকে পড়া বিক্ষোভকারীদের ছেড়ে দেয়ার জন্য সামরিক বাহিনীর প্রতি আহবান জানিয়েছে জাতিসংঘ।,মিয়ানমারে সামরিক বাহিনীর অভ্যুত্থানের প্রতিবাদে আটকে পড়া একটি বিক্ষোভকারীকে গ্রেফতার করেছে জাতিসংঘ।,0.4827586206896552,0.14814814814814814,0.27586206896551724,0.83712727,12,17
"২০১৫ সালে নিজের ১৫ বছর বয়সে আরো দুই কিশোরীর সাথে লন্ডন ছেড়েছিলেন শামীমা ২০১৫ সালে নিজের ১৫ বছর বয়সে আরো দুই কিশোরীর সাথে লন্ডন ছেড়েছিলেন শামীমা। এ বছর ফেব্রুয়ারিতে সিরিয়ার রিফিউজি ক্যাম্প বা উদ্বাস্তু শিবিরে শামীমাকে পাওয়া যাবার পর এক পর্যায়ে তার ব্রিটিশ নাগরিকত্ব বাতিল করে দেয়া হয়। শামীমার পরিবার আগে বলেছিল, সরকারের এই সিদ্ধান্তকে তারা আদালতে চ্যালেঞ্জ করবে। ইংল্যান্ডের পররাষ্ট্রমন্ত্রী জেরেমি হান্ট বলেছেন, আইনি লড়াই চালাবার জন্য শামীমাকে লিগাল-এইড বা অর্থ-সহায়তা দেয়ার প্রসঙ্গে তিনি 'খুবই অস্বস্তিতে' পড়েছেন। তবে, মি. হান্ট এটিও বলেছেন, ব্রিটেন এমন একটি দেশ যেখানে রাষ্ট্র কোনো নাগরিকের বিরুদ্ধে সিদ্ধান্ত নিলে সেই সিদ্ধান্তকে চ্যালেঞ্জ জানাতেও আর্থিক সঙ্গতিহীন নাগরিকেরা প্রয়োজনে রাষ্ট্রের সম্পত্তিতে অধিকার রাখে। 'লিগাল এইড' হচ্ছে অর্থনৈতিক সহায়তা। যারা অর্থাভাবে আইনি লড়াই চালাতে অক্ষম, তারা যেনও আইনি সেবা পেতে পারে সেজন্য তাদেরকে জনগণের করের টাকা থেকে এই অর্থ-সহায়তা দেয়া হয়। অপরাধী বা ক্ষতিগ্রস্ত, উভয়েই এই সহায়তা চাইতে পারেন। তবে, সম্প্রতি ইংল্যান্ডে ও ওয়েলসে এই সহায়তার ক্ষেত্রে সম্প্রতি ব্যাপকভাবে কর্তন করা হয়েছে। আরো পড়ুন: ‘আইএস বধূ’ শামীমা বেগমকে নিয়ে কেন এতো হইচই? 'শামীমা বেগমের বিষয়টি বাংলাদেশের কোন বিষয় নয়' আইনি লড়াই চালাবার জন্য কারা এই অর্থ-সহায়তা পাবেন সেই বিষয়ে সিদ্ধান্ত নেন লিগাল এইড এজেন্সিগুলোতে কর্মরত 'সিভিল সার্ভেন্টস' বা সরকারি চাকুরেরা। এই লিগ্যাল এইড এজেন্সিগুলো ব্রিটিশ বিচার মন্ত্রণালয়ের অংশ। এর আগে বিবিসি এক প্রতিবেদনে জানিয়েছিল যে, অর্থ-সহায়তার জন্য শামীমা বেগমের আবেদন ইতোমধ্যেই মঞ্জুর করা হয়েছে। কিন্তু পরবর্তীতে বিভিন্ন সংবাদ-সূত্র জানিয়েছে যে, কয়েকদিনের মধ্যেই হয়তো তার আবেদনে চূড়ান্ত স্বাক্ষর হবে। শামীমার জন্য যে অর্থ-সহায়তার আবেদন করা হয়েছে, সেটি পেলে এর আওতায় মামলার খরচ দেয়া হবে। মামলাটি চলবে স্পেশাল ইমিগ্রেশান এপিলস কমিশনে, যেটি আসলে আধা-গোপনীয় বা 'সেমি-সিক্রেট'। স্বরাষ্ট্র মন্ত্রণালয় বিষয়ক বিবিসির সংবাদদাতা ডমিনিক কেসিয়ানি তার বিশ্লেষণ বলছিলেন যে, স্পেশাল ইমিগ্রেশন এপিলস কমিশনের মামলাগুলো অত্যন্ত জটিল প্রকৃতির হয়। কারণ এই জাতীয় মামলাগুলোর ক্ষেত্রে ব্রিটিশ গোয়েন্দা সংস্থা এমআই-ফাইভ এর অনেক গোয়েন্দা প্রতিবেদন-ও থাকে। কিন্তু সেগুলো বাদীর সামনে প্রকাশ করা যায় না। শামীমার সাথে ২০১৫তে আরো যে দু'জন গিয়েছিল তারা হলো ১৬ বছর বয়সী খাদিজা সুলতানা এবং ১৫ বছর বয়সী আমিরা আবাসি। তারা তিনজনই বেথনাল গ্রিন একাডেমির ছাত্রী ছিলেন। সন্তান কোলে সিরিয়ার একটি শরণার্থী ক্যাম্পে শামিমা বেগম, যে শিশুটিও মারা গেছে এ বছর ফেব্রুয়ারিতে শামীমাকে সিরিয়ার উদ্বাস্তু শিবিরে পাওয়া গেলে তিনি তার দেশ ব্রিটেনে ফিরে আসার আকুতি জানান। কিন্তু এর ক'দিনের মধ্যে তিনি একটি ছেলে-শিশু জন্ম দেন। শিশুটি অবশ্য তিন সপ্তাহেরও কম বয়সেই নিউমোনিয়ায় আক্রান্ত হয়ে মারা যায়। এই ছেলেটি জন্মের আগে শামীমা আরো দু'টো সন্তান জন্ম দিয়েছিলেন। তারাও মারা যায়। শামীমার সন্তানের মৃত্যুর ঘটনায় ব্রিটেনের স্বরাষ্ট্রমন্ত্রী জাভেদ জারিফ সমালোচনার মুখে পড়েন। শামীমার নাগরিকত্ব কেড়ে নেয়ায় মি. জারিফের সমালোচনায় পড়েন। শামীমার নবজাতকের মৃত্যুর সপ্তাহ তিনেক আগে, তার বোন রেণু বেগম শিশুটিকে ব্রিটেনে ফিরিয়ে আনতে জাভেদ জারিফের কাছে সহায়তার অনুরোধ করেছিলেন। মি. জারিফ জানিয়েছেন লিগ্যাল এইড মঞ্জুর করা হওয়া না হওয়ার বিষয়টি নির্ভর করে অর্থ-সহায়তা দাতা প্রতিষ্ঠানগুলোর উপরে। তাই এটি 'কোনো মন্ত্রীর মন্তব্যের বিষয় নয়'। তবে, শামীমার ঘটনাটি নিয়ে সরব লেবার পার্টির নেতা জেরেমি করবিন। শামীমাকে নিয়ে তিনি বলেছেন, ""সে ব্রিটিশ নাগরিক। অতএব, লিগ্যাল-এইড পাবার অধিকার রয়েছে""। শামীমার পরিবারের একজন বন্ধু এবং মেট্রোপলিটন পুলিশের সাবেক প্রধান সুপারিন্টেনডেন্ট দাল বাবু বলেছেন, আইনি প্রক্রিয়ায় সম্পন্ন করতে শামীমার লিগাল-এইড দরকার। ১৯৮১ সালে ব্রিটিশ নাগরিকত্ব আইনে বলা হয়, জনকল্যাণের স্বার্থে স্বরাষ্ট্রমন্ত্রী কোনও ব্যক্তির নাগরিকত্ব বাতিল করতে পারেন। কিন্তু এর ফলে সেই ব্যক্তিকে 'রাষ্ট্রহীন নাগরিক'-এ পরিণত করা যাবে না। মনে করা হতো যে, মায়ের সূত্রে শামীমার বাংলাদেশি নাগরিকত্ব রয়েছে। কিন্তু বাংলাদেশ বলেছে, ভুলভাবে শামীমাকে বাংলাদেশের নাগরিক ভাবা হয়েছে। কারণ শামীমা কখনো বাংলাদেশে আসেননি বা নাগরিকত্ব পেতে আবেদনও করেনি। বিবিসি বাংলার অন্যান্য খবর: শব-ই-বরাত পালিত হবে ২১শে এপ্রিলেই যেসব কারণে নটরডাম এতো গুরুত্বপূর্ণ ক্রিকেট বিশ্বকাপের বাংলাদেশ দলে যারা রয়েছেন বাংলাদেশের বিশ্বকাপ দলে ইমরুল কায়েস নেই কেন?",সিরিয়ায় গিয়ে ব্রিটিশ নাগরিকত্ব হারানো 'আইএস বধূ' শামীমা বেগমের নাগরিকত্ব ফিরে পেতে আইনি লড়াই চালাতে ব্রিটিশ সরকারের কাছ থেকে অর্থ সহায়তা পেতে যাচ্ছেন।,সিরিয়ার আইএস বধূ শামীমা বেগমকে আইনি লড়াই চালাবার জন্য লিগাল-এইড বা অর্থ-সহায়তা দেয়ার বিষয়ে ব্রিটেনের সরকার সিদ্ধান্ত নিয়েছে।,0.14634146341463414,0.05128205128205128,0.14634146341463414,0.7599728,18,23
"সন্দ্বীপ লামিচ্যান প্রথম নেপালি ক্রিকেটার যাকে দলে নিয়ে আলোচনার জন্ম দিয়েছে দিল্লী ডেয়ারডেভিল এতে যাদের বিভিন্ন দল কিনে নিয়েছে তাদের মধ্যে বেন স্টোকস, ক্রিস গেইলের মতো নামকরা অনেক তারকাই আছেন। বাংলাদেশের সাকিব আল হাসান গেছেন সানরাইজার্স হায়দ্রাবাদে, মুস্তাফিজুর রহমান গেছেন মুম্বাই ইন্ডিয়ানসে। কিন্তু এবারে চাঞ্চল্য সৃষ্টি করেছে, প্রায় অচেনা কিছু তরুণ ক্রিকেটারকে বড় অংকের অর্থ দিয়ে আইপিএলের নামী ফ্রাঞ্চাইজগুলোর কিনে নেবার ঘটনা। এবারে নিলামে সবচেয়ে বড় ঘটনা কি? ভারতের ক্রিকেট বিশ্লেষক বোরিয়া মজুমদার বলছেন এবার ক্রিস গেইল বিক্রি না হতে হতে হলেন বা লাসিথ মালিঙ্গা বিক্রি হলেননা। হাশিম আমলার মতো তারকা বিক্রি হলেনা। ""কিন্তু সব ছাপিয়ে ১৭ বছর বয়সী নেপালের সন্দ্বীপ আইপিএল টিমে খেলবেন। এর ভিত্তিতে মনে হয় একটা পুরো প্রজন্ম নেপালের যারা ক্রিকেট ফলো করবেন। মাইকেল ক্লার্ক আবিষ্কার করেছেন তাকে""। বোরিয়া মজুমদারের মতে এবারের আইপিল নিলামের প্রকৃত চমক এটাই। তিনি বলেন আফগানিস্তানের রশিদ খান নয় কোটি টাকা পেলেন। মোহাম্মদ নবী ও রশিদ খান আইপিএলের মাধ্যমে রোল মডেলে পরিণত হয়েছেন। ""বেন স্টোকস যে ১২ কোটি পাবেন কিংবা কিছু ভারতীয় তারকা অনেক টাকা পাবেন এটা তো জানা কথা। কিন্তু আইপিএলের সত্যিকার গল্প হলো আফগানিস্তানের রশিদ খান আর নেপালের সন্দ্বীপ লামিচান""। আরও পড়ুন সংবিধানের নতুন সংশোধনী আনার উদ্যোগ সরকারের ‘যখন বুঝতে পারলাম আমার বিয়ে হয়েছে এক নপুংসকের সঙ্গে’ খালেদা মামলার রায়কে ঘিরে কেন এত শঙ্কা-বিতর্ক? এবারের নিলামের আগে প্রায় অপরিচিত এই নেপালি লেগ স্পিনারকে দলভুক্ত করে রীতিমত আলোচনার ঝড় তুলেছে দিল্লী ডেয়ারডেভিলস। নিলামে তার ভিত্তিমূল্য ছিলো ২০ লাখ রুপি এবং ওই দামেই তাকে নিয়েছে দিল্লী। গত বছর বাংলাদেশে অনূর্ধ্ব ১৯ বিশ্বকাপে আয়ারল্যান্ডের বিপক্ষে হ্যাট্রিক করেছিলেন সন্দ্বীপ। হয়েছিলেন দ্বিতীয় সর্বোচ্চ উইকেট শিকারি। আইপিএল নিলামের একটি দৃশ্য ক্রিস গেইলের দাম কেনো সাকিব মুস্তাফিজের চেয়ে কম? ক্রিকেট বিশ্লেষক বোরিয়া মজুমদার এ প্রশ্নের উত্তরে সরাসরি বলেন ক্রিস গেইল ইজ অ্যা ডেড ডাক। তার মতে, ""সাকিব বা মুস্তাফিজের জন্য আমি ক্রিস গেইলের চেয়ে বেশী টাকা দিবো। প্রত্যেক লিজেন্ডের একটা মেয়াদ শেষের বিষয় থাকে। ক্রিস গেইল সেটি পেরিয়ে গেছেন। সাকিব যে কোন দিন ম্যাচ উইনার। মুস্তাফিজও তাই। সাকিব বা-হাতি বল করবেন, ফিল্ডিং করবেন কিংবা ব্যাট করে ম্যাচ জেতাবেন। তার সাথে গেইলের ইউটিলিটি ভ্যালুর তুলনা দেয়া যায়না""। কিন্তু রশিদ খানদের বিষয়ে হিসেব কি ফ্রাঞ্চাইজির? জবাবে বোরিয়া মজুমদার বলেন রশিদ খান চারটি ম্যাচ জিতিয়ে দেবে। ডেভিড ওয়ার্নারের মতে এ মূহুর্তে পৃথিবীর সেরা লেগ স্পিনার রশিদ খান। সাকিবকে কোলকাতা রাখলো না কেন? সাকিব ও মুস্তাফিজকে দল বদলাতে হলো কেন? মিস্টার মজুমদারের মতে কেকেআর সাকিব আল হাসানকে রাখেনি কারণ তিনজনকে রাখা যায়। গৌতম গম্ভীর অধিনায়ক ছিলো এবং তাকে রাখলে রাখলে দশ কোটি টাকা দিতে হতো। অথচ নিলামে তার দর উঠলো ২দশমিক ৮ কোটির কিছু বেশি। ""সাকিবকে না রেখে আন্দ্রে রাসেল ও সুনিল নারাইনকে রেখেছে। কারণ তারা ভেবেছে আন্দ্রে রাসেলকে দিয়ে ম্যাচ জয়ের সম্ভাবনা বেশি""। অনেক তারকাই বিক্রি হননি তামিম ইকবাল বা জো রুটের মতো। এর কারণ কি ? বোরিয়া মজুমদার বলেন তামিম দুর্ভাগ্যজনক কিন্তু এগুলো নিলামে হয়। মার্টিন গ্যাপটিল যেমন টিম পাননি। এজন্যই নিলামকে বলা হয় এক ধরণের জুয়া।",পৃথিবীর সবচেয়ে ধনী টি২০ ক্রিকেট টুর্নামেন্ট ইন্ডিয়ান প্রিমিয়ার লিগ বা আইপিএলের খেলোয়াড় কেনার দু'দিনব্যাপি নিলাম রোববারে শেষ হয়েছে।,আন্তর্জাতিক ক্রিকেট লিগ বা আইপিএলের নামকরা ফ্রাঞ্চাইজগুলোর নিলাম শুরু হয়েছে রবিবার।,0.3448275862068966,0.14814814814814817,0.3448275862068966,0.7369363,11,18
চ্যাম্পিয়ন্স লিগে এক ক্লাবের হয়ে ১০০ গোল করা একমাত্র খেলোয়াড় রোনালদো বুধবার চ্যাম্পিয়ন্স লিগে পিএসজির বিপক্ষে ৩-১এর জয়ে ২ গোল করে এক ক্লাবের হয়ে ১০০ চ্যাম্পিয়ন্স লিগ গোল করা একমাত্র খেলোয়াড় হয়েছেন রেয়াল মাদ্রিদের ক্রিশ্চিয়ানো রোনালদো। এই তালিকায় দ্বিতীয় স্থানে রয়েছেন তাঁর চেয়ে ৪ গোল কম করা লিওনেল মেসি। রিয়াল মাদ্রিদের হয়ে ১০০ গোলের পর রোনালদো চ্যাম্পিয়ন্স লিগে রোনালদোর আরো রেকর্ড রেয়াল মাদ্রিদে যোগ দেয়ার আগে ম্যানচেস্টার ইউনাইটেডের হয়ে করা ১৫টি গোল মিলিয়ে চ্যাম্পিয়ন্স লিগে রোনালদোর মোট গোল ১১৬টি। যা দ্বিতীয় স্থানে থাকা মেসির চেয়ে ১৯টি বেশী। চ্যাম্পিয়ন্স লিগের ইতিহাসে এই টুর্নামেন্টে খেলা ১৩৭টি ক্লাবের ১১৮টির মোট গোলসংখ্যা রোনালদোর একার গোলের চেয়ে কম।,১০০ গোলের ক্লাবে একমাত্র সদস্য - ক্রিশ্চিয়ানো রোনালদো।,চ্যাম্পিয়ন্স লিগে ১০০ গোল করা একমাত্র খেলোয়াড় হিসেবে ক্রিশ্চিয়ানো রোনালদোর নাম বিশ্বের সবচেয়ে দ্রুততম।,0.2727272727272727,0.0,0.2727272727272727,0.7818363,14,8
"জোখা আলহারথি: ম্যানবুকার পুরস্কার পেয়ে চাঞ্চল্য সৃষ্টি করেছেন। যে উপন্যাসের জন্য তিনি এই পুরস্কার পেয়েছেন সেটির নাম 'সেলেস্টিয়াল বডিস।' ওমানে সামাজিক পরিবর্তনের সঙ্গে খাপ খাইয়ে নিতে চেষ্টা করছে এমন তিন বোন এবং তাদের পরিবারকে নিয়ে উপন্যাসের কাহিনী। বিচারকরা লেখিকার ঐশ্বর্যময় কল্পনাশক্তি, লেখার চিত্তাকর্ষক শৈলি এবং কাব্যিক অন্তর্দৃষ্টির প্রশংসা করেন। জোখা আলহারথি এবং তাঁর বইয়ের মার্কিন অনুবাদক মারিলিন বুথের মধ্যে ৫০ হাজার পাউন্ডের পুরস্কারের অর্থ ভাগাভাগি হবে। জোখা আলহারথি সাংবাদিকদের বলেন, ""তিনি রোমাঞ্চিত বোধ করছেন এই ভেবে যে সমৃদ্ধ আরব সংস্কৃতির জন্য একটি জানালা খুলে গেল।"" সেলেস্টিয়াল বডিজ: সাহিত্য সমালোচকদের প্রশংসা কুড়িয়েছে আলহারথির এই উপন্যাস। তিনি বলেন, এই লেখার অনুপ্রেরণা এসেছে তার নিজের দেশ ওমান থেকে। কিন্তু তিনি মনে করেন আন্তর্জাতিক পাঠকরাও এই গল্পের যেটি মূল বিষয়- স্বাধীনতা এবং ভালোবাসার মতো মূল্যবোধের সঙ্গে নিজেদের জীবনের মিল দেখতে পাবেন। বইটি প্রকাশ করেছে স্যান্ডস্টোন প্রেস, একটি নতুন প্রকাশনা সংস্থা। মাত্র চার জন পূর্ণকালীন কর্মী নিয়ে এই সংস্থা বছরে ২০ হতে ২৫টি বই প্রকাশ করে। ম্যানবুকার পুরস্কার তাদের প্রকাশনা সংস্থার জন্যও এক বিরাট সাফল্য। আরও পড়ুন: সাহিত্যে নোবেল পেলেন ব্রিটিশ লেখক কাজুও ইশিগুরো বইমেলা শুরু, পুরস্কার পেলোনা নাটক ও বিজ্ঞান বাংলাদেশি সাহিত্যের যথেষ্ট ইংরেজি অনুবাদ হচ্ছে না কেন 'সেলেস্টিয়াল বডিজ' উপন্যাসের কাহিনী আবর্তিত হয়েছে আল-আওয়াফি গ্রামকে ঘিরে। একটি সনাতনী সমাজ থেকে ঔপনিবেশ উত্তর যুগে যে সাংস্কৃতিক পরিবর্তনের ভেতর দিয়ে যাচ্ছিল ওমান, তিন বোনের মাধ্যমে সেই পরিবর্তন দেখাতে চেয়েছেন লেখিকা। বিশেষ করে মধ্যবিত্ত ওমানিরা কীভাবে এই পরিবর্তনের সঙ্গে খাপ খাওয়ানোর চেষ্টা করছে। পুরস্কার হাতে জোখা আলহারথি ""এতে দাসপ্রথার বিষয়টি নিয়েও কথা রয়েছে। আমার মনে হয় এই আলোচনার সবচেয়ে উত্তম জায়গা হচ্ছে সাহিত্য"", বলছেন আলহারথি। ওমানের কোন উপন্যাস এই প্রথম ইংরেজী ভাষায় অনুবাদ করা হলো। জোখা আলহারথি পড়াশোনা করেছেন যুক্তরাজ্যের এডিনবরা বিশ্ববিদ্যালয়ে। এর আগে তার আরও কিছু বই বেরিয়েছে। এর মধ্যে আছে দুটি ছোটগল্প সংকলন, একটি শিশুতোষ বই এবং তিনটি উপন্যাস। অন্যান্য খবর: সুন্দরবনে আটটি বাঘ বেড়ে যাওয়া কতটা গুরুত্বপূর্ণ অ্যাপ ব্যবহারে অনাগ্রহ বাড়ছে বাইক চালকদের ঈদের আগে ট্রেনের টিকেট নিয়ে যত কাণ্ড",এই প্রথম ব্রিটেনের সবচেয়ে মর্যাদাপূর্ণ সাহিত্য পুরস্কার জিতেছেন একজন আরব লেখিকা। এ বছরের ম্যানবুকার পুরস্কার জয়ী এই ওমানি লেখিকার নাম জোখা আলহারথি।,ইংরেজি লেখক জোখা আলহারথি এ বছরের ম্যানবুকার পুরস্কার পেয়েছেন।,0.3225806451612903,0.20689655172413796,0.2580645161290322,0.8081539,9,22
"মিয়ানমারের নাগরিকদের দেশে নিয়ে যাওয়ার কাছে বর্মী নৌবাহিনীর এই দুটি জাহাজ ব্যবহৃত হয়েছে। তবে যাদের বহিষ্কার করা হয়েছে তাদের মধ্যে কোন রোহিঙ্গা উদ্বাস্তু অথবা শরণার্থী নেই বলে জানিয়েছে কুয়ালালামপুর সরকার। মানবাধিকার সংস্থাগুলো বলছে, ফেরত পাঠানো বর্মীদের মধ্যে কিছু সংখ্যালঘু নৃগোষ্ঠীর লোকজনও রয়েছেন যারা মিয়ানমারে নিপীড়নের শিকার হয়েছেন। তারা বলছে, মিয়ানমারে সামরিক বাহিনী ক্ষমতা নিয়েছে। তাই এখন তাদের ফেরত পাঠিয়ে দেয়ায় তারা আরও বড় ঝুঁকির মধ্যে পড়তে পারেন। কিন্তু মালয়েশিয়া বলছে, যাদের ফেরত পাঠানো হয়েছে তারা শরণার্থী না, এবং তারা অভিবাসন আইন লঙ্ঘন করেছে। ইমিগ্রেশন বিভাগের এই গাড়িতে যাদের নিয়ে যাওয়া হচ্ছে তারা মিয়ানমারের নাগরিক বলে মনে করা হয়। আরো পড়তে পারেন: মিয়ানমারে ফৌজি সংস্থার সঙ্গে ভারতীয় কোম্পানির বাণিজ্য সেনাবাহিনীর শক্ত নিয়ন্ত্রণ থেকে কেন বের হতে পারছে না মিয়ানমার? মিয়ানমারের অবশিষ্ট রোহিঙ্গাদের ভবিষ্যৎ নিয়ে যে কারণে উদ্বেগ বিবিসি সংবাদদাতারা জানাচ্ছেন, মালয়েশিয়ার একটি সামরিক ঘাঁটি থেকে মিয়ানমার নৌবাহিনীর তিনটি জাহাজে করে এসব অভিবাসন প্রত্যাশীকে ফেরত পাঠানো হয়। এর আগে কুয়ালালামপুর হাইকোর্ট মিয়ানমারের নাগরিকদের তাদের দেশে ফেরত পাঠানোর সিদ্ধান্তের ওপর সাময়িক স্থগিতাদেশ জারি করেছিল। ""যাদের ফেরত পাঠানো হয়েছে তারা সবাই ফেরত যেতে স্বেচ্ছায় রাজি হয়েছেন, কাউকে জোর করে পাঠানো হয়নি,"" মালয়েশিয়ার ইমিগ্রেশন বিভাগের মহাপরিচালক খাইরুল জাইমি দাউদ এক বিবৃতিতে জানান। যাদের ফেরত পাঠানো হয়েছে তাদের মধ্যে কোন রোহিঙ্গা উদ্বাস্তু অথবা শরণার্থী নেই বলেও তিনি বলেন। তিনি এর আগে মালয়েশিয়ার এক বিবৃতির প্রতিধ্বনি করেছেন যেখানে বলা হয়েছিল, জাতিসংঘ শরণার্থী সংস্থা ইউএনএইচসিআর-এ যারা নাম লিপিবদ্ধ করেছেন তাদের কাউকে ফেরত পাঠানো হচ্ছে না। গোড়ার দিকে কর্তৃপক্ষ জানিয়েছিল, ১২০০ বন্দিকে ফেরত পাঠানো হবে। কিন্তু পরে তাদের সংখ্যা কেন কমলো তা পরিষ্কার হয়নি। এই বহিষ্কারের ঘটনাটি এমন এক সময় ঘটলো যখন ১৩০টি এনজিও মিয়ানমারের সামরিক সরকারের কাছে সব ধরনের সামরিক অথবা সামরিক-বেসামরিক কাজে ব্যবহৃত হয় এমন সব যন্ত্রপাতি বিক্রি বন্ধের ডাক দিয়েছে। এক খোলা চিঠিতে এনজিওগুলি বলছে, এসব যন্ত্রপাতি বিক্রি বা সরবরাহ করা হলে সেগুলো মিয়ানমারের নাগরিকদের ওপর নির্যাতনের কাজে ব্যবহৃত হতে পারে। বেশ কয়েকটি দেশ ইতোমধ্যেই মিয়ানমারের বিরুদ্ধে নিষেধাজ্ঞা আরোপ করেছে অথবা কূটনৈতিক সম্পর্ক কমিয়ে দিয়েছে। তবে সে দেশে সবচেয়ে বড় অস্ত্র সরবরাহকারী দুই দেশ চীন এবং রাশিয়া অতীতে নিষেধাজ্ঞার ডাক উপেক্ষা করেছে, এবং এখনও সেটা করবে না বলে জানিয়েছেন বিবিসির দক্ষিণ-পূর্ব এশিয়া সংবাদদাতা জনাথান হেড। বিবিসি বাংলায় অন্যান্য খবর: ক্রিকেটার নাসিরের বিরুদ্ধে মামলা, পিবিআইকে তদন্তের নির্দেশ ক্যাপিটল হিল হামলা: 'যুদ্ধের প্রস্তুতি নিয়ে এসেছিলো দাঙ্গাকারীরা' আহত নীলগাই উদ্ধার হলো ঠাকুরগাঁওয়ে",মালয়েশিয়ার সরকার সে দেশের আদালতের আদেশ অমান্য করে ও মানবাধিকার সংস্থাগুলোর আবেদন অগ্রাহ্য করে মিয়ানমারের ১০৮৬ জন নাগরিককে নিজ দেশে ফেরত পাঠিয়েছে।,"মালয়েশিয়া বলছে, সামরিক বাহিনীর দুটি জাহাজে করে মিয়ানমারের নাগরিকদের বহিষ্কার করা হয়েছে।",0.11764705882352942,0.0625,0.11764705882352942,0.7497346,12,22
"বিভিন্ন সময়ে প্লাস্টিক সার্জারি করে চেহারা বদল করেছিলেন তিনি লুইজ কার্লোস দা রোচা নামে ঐ ব্যক্তির ডাকনাম ছিলো 'হোয়াইট হেড'। পুলিশ বলছে, দক্ষিণ আমেরিকার কোকেনের যে বিশাল সাম্রাজ্য-সেটার নিয়ন্ত্রণকারী বা নেতা ছিলেন তিনি। ব্রাজিল পুলিশের এক বিবৃতিতে বলা হচ্ছে শনিবার তাকে গ্রেফতার করা হয়। তারা বলছে ""সে এমনি একজন অপরাধী যে বুদ্ধিমত্তা এবং ছায়ার মধ্যে বসবাস করতো""। বিপুল পরিমাণ অর্থ এবং অস্ত্র উদ্ধার করে পুলিশ লুইজ কার্লোস দা রোচা বিভিন্ন সময়ে প্লাস্টিক সার্জারির মাধ্যমে যেমন নিজের চেহারা বদল করেছেন তেমনি একাধিক নাম রয়েছে তার। সবশেষ ভিটর লুইজ নামে তার পরিচিতি ছিলো। পুলিশ এখন নিশ্চিত করেছে এই দুই নাম একই ব্যক্তির। ব্রাজিলের পুলিশ বলছে বলিভিয়া,পেরু, কলাম্বিয়াতে সে কোকেইন উৎপাদন করতো এবং সেটা ইউরোপের বিভিন্ন দেশে এবং আমেরিকাতে পাঠাতো। তার সংস্থার ভারী অস্ত্র তৈরি, নানা প্রকার সহিংসতার অভিযোগ রয়েছে। পুলিশ বলছে এর আগে তার বিরুদ্ধে যেসব অভিযোগ রয়েছে তার ফলে লুইজ কার্লোস দা রোচাকে ৫০ বছর জেলে কাটাতে হবে। তাকে ধরার জন্য অপারেশন স্পেকট্রাম নামে অভিযান চালানো হয়। প্রতি মাসে ৫ টনের মত কোকেন উৎপাদন করতো তার সংস্থা। আরো পড়ুন:গুলশান হামলার এক বছর: জঙ্গি দমনে সাফল্য কতটা? ‘জঙ্গিদের সহায়ক ছিল ভেড়ামারার তিন নারী’ কাতার বিতর্ক:আরব দেশেগুলোর দাবি মানবে না কাতার ‘ভারতের সীমানায় ঢুকে দেখুক চীন, বুঝবে কী হয়’",প্রায় ৩০ বছর ধরে পুলিশের চোখে ধুলো দিয়ে পালিয়ে বেড়াতে সক্ষম হয়েছিলো শুধু মাত্র প্লাস্টিক সার্জারির সাহায্য নিয়ে।,ব্রাজিলের পুলিশ বলছে তারা একজন জঙ্গিকে গ্রেফতার করেছে।,0.0,0.0,0.0,0.6978627,8,18
"স্কুল শিক্ষার্থীকে ধর্ষণের পর হত্যার অভিযোগ উঠেছে। ক্ষতিগ্রস্ত পরিবার নারী ও শিশু নির্যাতন দমন আইনে মামলাটি করেছে। অভিযুক্ত তরুণ আদালতে স্বীকারোক্তিমূলক জবানবন্দি দিয়েছে বলে জানিয়েছে রাষ্ট্রপক্ষের আইনজীবী। তবে অভিযুক্তের পক্ষ থেকে কারও মন্তব্য পাওয়া যায়নি। ঢাকায় ইংরেজি মাধ্যম স্কুলের একজন ছাত্রীকে ধর্ষণের পর হত্যার অভিযোগে মামলার এজাহারে বলা হয়েছে, গত বৃহস্পতিবার বেলা পৌনে ১২টার দিকে কোচিংয়ে যাওয়ার কথা বলে বাসা থেকে বের হয় মেয়েটি। বিষয়টি সে তার মাকে ফোন করে জানায়। এর দুই ঘণ্টার মধ্যেই অভিযুক্ত তরুণ ফোন করে ওই ছাত্রীর মা'কে জানায় যে, ""মেয়েটি তার বাসায় গিয়েছিল। আকস্মিকভাবে সে অচেতন হয়ে পড়ায় ঢাকার বেসরকারি একটি হাসপাতালের জরুরি বিভাগে ভর্তি করা হয়েছে।"" খবর পেয়ে পরিবারের সদস্যরা দ্রুত হাসপাতালে উপস্থিত হয়ে মেয়েকে মৃত অবস্থায় পায়। মেয়েটিকে 'ধর্ষণের পর হত্যার' অভিযোগ এনে করা মামলায় এমন বর্ণনা তুলে ধরা হয়েছে। পরিবারের পক্ষ থেকে ঘটনার সুষ্ঠু তদন্ত ও বিচার দাবি করা হয়। নিহতের মা বলেন, ""সে আমাকে ফোন করে ২০ মিনিটের কথা বলে কোচিংয়ে পেপার্স আনার কথা বলে বের হয়। এরপর তার সাথে ফোনে হয়তো যোগাযোগ হয়েছে, তারপর তাকে সেখান থেকে নিয়ে গেছে।"" ""বাসায় কোন লোকজন ছিল না। বাসা খালি ছিল। ছেলে নিজেই জবানবন্দিতে বলেছে যে তার শ্বাসকষ্ট হচ্ছিল। তারা হয়তো জোরাজুরি করছিল। ও বাঁচতে চেয়েছিল। ওকে বাঁচতে দেয়া হয়নি। আমি এর বিচার চাই।"" খবর পেয়ে পুলিশ ওই বেসরকারি হাসপাতালে গিয়ে মৃতদেহের সুরতহাল রিপোর্ট প্রস্তুত করে এবং ময়নাতদন্তের জন্য লাশ ঢাকা মেডিকেল কলেজ হাসপাতালের ফরেনসিক বিভাগে পাঠায়। হাসপাতাল থেকেই মূল অভিযুক্তকে গ্রেফতার করে পুলিশ। আরও পড়তে পারেন: বাংলাদেশে ধর্ষণের মামলার বিচার হচ্ছে কতটা? এক বছরে বাংলাদেশে ১ হাজারেরও বেশি ধর্ষণ ধর্ষণের শিকার ব্যক্তির ক্ষতিপূরণ নিয়ে আইন যা রয়েছে ধর্ষণের শিকারের ব্যাপারে তখ্য প্রকাশে সতর্ক হতে বলছে পুলিশ জিজ্ঞাসাবাদের জন্য আরও তিনজনকে আটক দেখানো হলেও মামলার এজাহারে তাদের কারও নাম নেই। তবে মামলায় একজন একজনকেই অভিযুক্ত করা হয়। অভিযুক্ত সেই তরুণকে গ্রেফতারের পরদিন আজ পুলিশ তাকে আদালতে হাজির করে। আদালত জবানবন্দি নেয়ার পর অভিযুক্তকে কারাগারে পাঠিয়েছে। ঘটনাটি এখনও তদন্তাধীন - তাই এ বিষয়ে খবর প্রচারে সচেতন হওয়ার আহ্বান জানিয়েছেন পুলিশ কর্মকর্তা সাজ্জাদুর রহমান। ""জিজ্ঞাসাবাদে ছেলেটি স্বীকার করে যে পারস্পরিক সম্পর্কের ভিত্তিতে তাদের মেলামেশা হয়। মেলামেশার পরে ওভার ব্লিডিং হয়।সে সেন্সলেস হয়ে যায়। তাকে হাসপাতালে আনা হয়। সেখানেই তার মৃত্যু হয়।"" "" তবে তার বক্তব্য এখনও প্রমাণিত না। এগুলো পরীক্ষা নিরীক্ষা করে খতিয়ে দেখা হবে"" বলেন পুলিশ কর্মকর্তা সাজ্জাদুর রহমান। মেয়েটিকে যে হাসপাতালে নেয়া হয়েছিল সেখানকার কর্তব্যরত চিকিৎসক মেয়েটির মা-বাবাকে জানান যে, অতিরিক্ত রক্তক্ষরণের এক পর্যায়ে মেয়েটি অচেতন হয়ে পড়লে তাকে হাসপাতালে নিয়ে আসে অভিযুক্ত তরুণ। এবং সেখানেই মেয়েটি মারা যায় বলে এজাহারে উল্লেখ করা হয়। এদিকে মেয়েটির ময়নাতদন্ত শেষে ঢাকা মেডিকেলের ফরেনসিক বিভাগের প্রধান সোহেল মাহমুদ বলেন, বিকৃত যৌনাচারের কারণে অতিরিক্ত রক্তরক্ষণে মেয়েটির মৃত্যু হয়েছে। এই যৌনাচারে একজন নাকি একাধিক জড়িত সেটা বের করে ডিএনএ নমুনা পরীক্ষার জন্য পাঠানো হয়েছে বলে তারা জানান। তবে সুরতহাল রিপোর্টে মেয়েটির শরীরে অন্য কোথাও আঘাতের চিহ্ন পাওয়া যায়নি। ""ময়নাতদন্তে তার যোনিপথে ও পায়ুপথে আঘাতের চিহ্ন পাওয়া গেছে। সেই আঘাত থেকে রক্তক্ষরণ হয়ে তার মৃত্যু হয়েছে। এসব থেকে বিকৃত যৌনাচারের আলামত পাওয়া গিয়েছে। ডিএনএ প্রোফাইলিংয়ের রিপোর্ট এলে বোঝা যাবে অভিযুক্ত একজন ছিলেন নাকি একাধিক। তার শরীরের আর কোথাও আঘাতের চিহ্ন নেই।"" ""তার বয়স নির্ধারণের জন্য আমরা পরীক্ষা করছি। তাকে কোন চেতনানাশক বা বিষাক্ত কিছু খাওয়ানো হয়েছিল কিনা সেটা পরীক্ষা করতে তার রক্তের নমুনাও পরীক্ষা করা হচ্ছে।"" অভিযুক্ত তরুণের পক্ষে কোন আইনজীবী নিয়োগ দেয়া হয়নি। অভিযুক্তের পরিবারের পক্ষ থেকে কোন মন্তব্য পাওয়া যায় নি। এদিকে নিহত মেয়েটির ছবি, নাম -ঠিকানা প্রকাশ না করতে এবং তদন্তের আগেই কাউকে ধর্ষক হিসেবে চিহ্নিত না করতে গণমাধ্যম কর্মীদের প্রতি ব্যক্তিগত এক বার্তায় আহ্বান জানিয়েছেন পুলিশের এআইজি সোহেল রানা।",বাংলাদেশে ঢাকায় একজন স্কুল ছাত্রীকে ধর্ষণের পর হত্যার অভিযোগে মামলায় অভিযুক্ত তরুণকে গ্রেফতারের পর তাকে আদালতে হাজির করে কারাগারে পাঠানো হয়েছে।,বাংলাদেশে ঢাকায় ইংরেজি মাধ্যম স্কুলের একজন ছাত্রীকে ধর্ষণের পর হত্যার অভিযোগে মামলা দায়ের করা হয়েছে।,0.5,0.2941176470588235,0.5,0.8312426,15,21
"বাউল গানের একটি আসর পালা গানের মাধ্যমে বাউল রিতা দেওয়ান আল্লাহকে নিয়ে 'অশালীন উক্তি' করে 'ধর্মীয় অনুভূতিতে আঘাত' দিয়েছেন এমন অভিযোগে এ বছরের ফেব্রুয়ারি মাসে তার বিরুদ্ধে দুটি মামলা দায়ের হয়েছিল, যার মধ্যে ডিজিটাল নিরাপত্তা আইনে দায়ের মামলায় বুধবার এই পরোয়ানা জারি হয়েছে। সাইবার ক্রাইম ট্রাইব্যুনালের পাবলিক প্রসিকিউটর নজরুল ইসলাম শামীম বিবিসিকে বলেছেন, ফেব্রুয়ারি মাসে দায়ের মামলার তদন্ত শেষে আদালত এই পরোয়ানা জারি করেছে। রিতা দেওয়ান বিবিসিকে বলেছেন, আইনের প্রতি সম্মান দেখিয়ে তিনি আদালতে আত্মসমর্পণ করবেন। তিনি নিজেকে নির্দোষ দাবি করে বলেছেন, ফেব্রুয়ারি মাসেই তিনি ওই ঘটনার জন্য ইউটিউবে ক্ষমা চেয়েছেন। 'ঘটনার পর থেকে হুমকি আর হেনস্থার মধ্যেই আছি' মানিকগঞ্জের এই বাউল শিল্পী রিতা দেওয়ান বলছেন, এই বিতর্কের যখন শুরু অর্থাৎ জানুয়ারি মাসের শেষ থেকে এখন পর্যন্ত তাকে নানাভাবে হেনস্তা করা হয়েছে। তিনি বলেন যে ভিডিও নিয়ে এই বিতর্কের সূত্রপাত, সেই পালা গানের আসরে প্রতিপক্ষের আক্রমণের জবাব দিতে গিয়ে তার ভুল হয়েছে। গ্রাম বাংলায় আধ্যাত্মিক ভাবধারার সঙ্গীত লোকের মুখে মুখে ফেরে রিতা দেওয়ান বলেছেন, ""এজন্য আমি ক্ষমা চেয়েছি, ওই কথাটা আমার ভুল হয়েছে।"" ""আমি তো মুসলমান, আমি তো আল্লাহকে খারাপভাবে কিছু বলতে পারি না। ওটা গানের মঞ্চে প্রতিপক্ষ ছিলেন শাহআলম সরদার, তার আক্রমণের জবাব দিতে গিয়েই ভুলটা হয়েছে।"" তবে প্রকাশ্যে ক্ষমা চাইলেও, ওই বিতর্কের কারণে রিতা দেওয়ান ও তার পরিবারকে হয়রানির মধ্য দিয়ে যেতে হয়েছে। তিনি বলেন, ""বিশেষ করে সামাজিক মাধ্যমে নানা ধরণের গালিগালাজ করে, হুমকি দিয়ে ভিডিও বানানো হয়েছে। স্থানীয়ভাবেও আমাকে এসবের মুখোমুখি পড়তে হয়েছে।"" এ কারণে রিতা দেওয়ান ও তার পরিবার ভয়ে ভয়ে দিন কাটাচ্ছেন বলে উল্লেখ করেন। তিনি বলেন, ""ফেব্রুয়ারি মাস থেকে এখন পর্যন্ত একদিনও মঞ্চে গান করিনি। যেসব জায়গায় এই পালা গানের আয়োজন করা হয়, আমার এই বিতর্কের কারণে আয়োজকেরা অনুমতি পায় না অনুষ্ঠান করার। এজন্য এখন আর তারা আমাকে অনুষ্ঠানে নিতে চান না।"" আরো পড়তে পারেন: বিবিসি জরিপে শ্রেষ্ঠ বাঙালি: ১২- ফকির লালন শাহ বয়াতি-বাউলরা কি এখন নির্ভয়ে গান করতে পারবেন? হেফাজতে ঈমানের দাবির মুখে লালন অনুষ্ঠান বন্ধ 'কলঙ্কিনী রাধা গানটি কখনও গাননি শাহ আবদুল করিম' এ কারণে নিরাপত্তার অভাবের পাশাপাশি রিতা দেওয়ানকে জীবন-জীবিকা নিয়েও প্রতিকূল পরিস্থিতিতে পড়তে হয়েছে। গত মাসখানেক ধরে শারীরিকভাবেও অসুস্থ হয়ে রয়েছেন বলে বিবিসিকে জানিয়েছেন তিনি। মামলার তদন্ত ও গ্রেপ্তারি পরোয়ানা মামলার তদন্ত করার দায়িত্ব ছিল পুলিশ ব্যুরো অব ইনভেস্টিগেশন পিবিআই'র ওপর, সংস্থাটি গত ২৯শে অক্টোবর আদালতে তদন্ত রিপোর্ট জমা দিয়েছে। পাবলিক প্রসিকিউটর নজরুল ইসলাম শামীম বলেছেন, ""রিতা দেওয়ানের বিরুদ্ধে মামলায় যে অভিযোগ আনা হয়েছে, তদন্তে তার প্রাথমিক সত্যতা পাওয়া গেছে বলে রিপোর্ট দেয়া হয়েছে। ‍""সে কারণে এখন বাউল রিতা দেওয়ানসহ মোট তিনজনের নামে গ্রেপ্তারি পরোয়ানা জারি করা হয়েছে।"" মামলায় শুধুমাত্র রিতা দেওয়ানকে আসামি করা হয়েছিল, কিন্তু মামলার তদন্ত শেষে ভিডিও দৃশ্য ধারণ এবং ইউটিউবে আপলোড করার অভিযোগে আরো দুইজনকে আসামি করা হয়েছে। শাজাহান এবং ইকবাল নামের এই দুইজনের নামের কেবল প্রথম অংশটি জানিয়েছেন পাবলিক প্রসিকিউটর মি. ইসলাম। ডিজিটাল নিরাপত্তা আইনে আইনজীবী মোহাম্মদ ইমরুল হাসান গত ২রা ফেব্রুয়ারি মামলা দায়ের করেন। বিবিসিকে মোহাম্মদ ইমরুল হাসান বলেন, ""মামলার আর্জিতে বলা হয়েছে, একটি পালা গানের আসরে প্রতিপক্ষকে আক্রমণ করতে গিয়ে রিতা দেওয়ান সৃষ্টিকর্তা আল্লাহকে নিয়ে 'ধৃষ্টতা ও কুরুচিপূর্ণ' মন্তব্য করেছেন, যা মানুষের 'ধর্মীয় অনুভূতিতে আঘাত' হেনেছে। এবং এটা ডিজিটাল নিরাপত্তা আইনের ধারা অনুযায়ী শাস্তিযোগ্য অপরাধ। সেজন্য তার প্রতিকার চেয়ে ওই মামলা দায়ের করা হয়।"" ইউটিউবে রিতা দেওয়ানের সেই পালা গানের ভিডিও ভাইরাল হবার পর, পয়লা ফেব্রুয়ারি তিনি ইউটিউব ভিডিও'র মাধ্যমে ক্ষমা চান। পাবলিক প্রসিকিউটর মি. ইসলাম জানান, ডিজিটাল নিরাপত্তা আইনের ২৮ এর ১ নম্বর ধারা অনুযায়ী ধর্মীয় মূল্যবোধ বা অনুভূতিতে আঘাত করা বা উস্কানি দেয়ার অপরাধ প্রমাণিত হলে কোন ব্যক্তি বা গোষ্ঠীকে অনধিক পাঁচ বছরের কারাদণ্ড বা অনধিক ১০ লক্ষ টাকা অর্থদণ্ড অথবা উভয় দণ্ডে দণ্ডিত হতে পারেন। এ বছরের জানুয়ারি মাসেই আরেকজন বাউল শিল্পী শরিয়ত সরকারকে ডিজিটাল নিরাপত্তা আইনে গ্রেফতার করে রিমান্ডে নেয়া হয়েছিল। বিষয়টি নিয়ে সেসময় লোকসংগীত শিল্পী এবং সামাজিক যোগাযোগ মাধ্যম ব্যবহারকারীদের মধ্যে ক্ষুব্ধ প্রতিক্রিয়া হয়েছিল। আরো পড়তে পারেন: 'বাংলার উন্নয়নে অবাঙালীদের অবদান বেশি': দিলীপ ঘোষ সিঙ্গাপুরে চালু হচ্ছে ল্যাবরেটরিতে তৈরি মুরগীর মাংস ভারতে কৃষক আন্দোলনকে সমর্থন করে বিতর্কে জাস্টিন ট্রুডো",বাংলাদেশে ধর্মীয় অনুভূতিতে আঘাত দেয়ার অভিযোগে টাঙ্গাইলের বাউল রিতা দেওয়ানসহ তিনজনের বিরুদ্ধে গ্রেপ্তারি পরোয়ানা জারি করেছে বাংলাদেশ সাইবার ক্রাইম ট্রাইব্যুনাল।,বাংলাদেশে ডিজিটাল নিরাপত্তা আইনে দায়ের মামলায় এক বাউল শিল্পীর বিরুদ্ধে পরোয়ানা জারি করেছে সাইবার ক্রাইম ট্রাইব্যুনাল।,0.5,0.23529411764705882,0.5,0.81266177,16,20
"অপরাধ দমনের জন্য কেনিয়ার পুলিশের বিশেষ ইউনিট আছে। মোবাইল ফোনে ধারণ করা এ ভিডিও ভাইরাল হবার পর লাখ-লাখ মানুষ সেটি দেখছে। ভিডিওতে দেখা যাচ্ছে, মাটিতে উপুর হয়ে শুয়ে থাকা এক ব্যক্তির পিঠের উপর পা দিয়ে চেপে ধরে আছে সাধারণ পোশাক পরা এক পুলিশ কর্মকর্তা। আরেকজন ব্যক্তি এসে একটি পিস্তল দিয়ে গেলে একের পর এক গুলি চালায় সে পুলিশ কর্মকর্তা। মৃত্যু নিশ্চয় করার জন্য যাবার সময় আরো কয়েক রাউন্ড গুলি চালানো হয়। ২০১৭ সালের মার্চ মাসে এ ভিডিওটি ধারণ করা হয়। সাদা পোশাকে যে পুলিশ কর্মকর্তা একের পর এক গুলি চালিয়ে দুজন সন্দেহভাজন অপরাধীকে হত্যা করেছে তাঁর নাম আহমাদ রশিদ। কেনিয়ার রাজধানী নাইরোবির শহরতলীর একটি এলাকায় অপরাধ নির্মূলের দায়িত্ব তার কাঁধে। মি: রশিদ বলেন, "" আমাদের কিছু লক্ষ্য অর্জন করতে হবে। এখানে অপরাধীদের যত নেতা আছে তাদের পাকড়াও করতে হবে যাতে এ এলাকায় কোন অপরাধ না ঘটে। সেটা তাদের জীবিত রেখে হোক, আর মৃতই হোক। কাজটা করতেই হবে। এখানে কোন ছাড় দেয়া যাবে না।"" কেনিয়ার রাজধানী নাইরোবিতে অপরাধ প্রবণতা বেশি। স্থানীয় বাসিন্দাদের অনেকেই মি: রশিদকে ভালোবাসেন। নাইরোবির এক বাসিন্দা বলেন, ""এ মানুষটি অপরাধীদের খুঁজে বের করে ধরছে এবং হত্যা করছে। সে কোন ঘুষ নেয় না।"" ""আমরা তার জন্য মসজিদে বসে দোয়া করি। আল্লাহ তাদের মঙ্গল করুক। আমি তাদেরকে শতভাগ সমর্থন করি। তারা আমাদের এখানে শান্তি প্রতিষ্ঠা করেছে,"" বলেন আরেকজন বাসিন্দা। তবে অনেকে মি: রশিদ এবং তাঁর দলের নিন্দা করছে। কেনিয়ার হিউম্যান রাইটস কমিশনের জর্জ মোরারা মনে করেন, বুলেট এবং বন্দুক দিয়ে বিচার করা যায়না। যতক্ষণ পর্যন্ত একজন ব্যক্তির অপরাধ প্রমাণিত হবেনা ততক্ষণ পর্যন্ত সে নির্দোষ। মি: মোরারার মতে, ""সমস্যা সমাধানের জন্য আমরা সংক্ষিপ্ত রাস্তা ব্যবহার করছি। কিন্তু আমি এটাকে খুব ভালোভাবে দেখছিনা। কারণ একটা সময় এ ধরণের কর্মকাণ্ডের মাধ্যমে পুরো আইনশৃঙ্খলা ব্যবস্থা ভেঙ্গে পড়ে।"" নাইরোবির রাস্তায় পুলিশের দ্বারা বিচার-বহির্ভূত হত্যাকাণ্ডের বিরুদ্ধে রাস্তায় মিছিল করেছে একদল মানুষ। এখানে যোগ দিয়েছিলেন লুসি, যার স্বামীকে পুলিশ কর্মকর্তা আহমেদ রশিদ গুলি করে হত্যা করেছে বলে অভিযোগ রয়েছে। স্বামীর কথা বলতে গিয়ে কান্নায় ভেঙ্গে পড়েন লুসি। নাইরোবির মাথারে বস্তি। এটি অপরাধীদের বড় আস্তানা বলে মনে করে পুলিশ। মিস লুসি বলেন, "" দুজন পুলিশ কর্মকর্তা একদিন বাড়িতে এসে আমার স্বামীকে বললো চলো। তারপর তাকে নিয়ে গেল। আমরা এখনো জানিনা তাঁর অপরাধ কী ছিল। আমার স্বামীর অন্ত্যেষ্টিক্রিয়ার পর আমরা সন্তানের জন্ম হয়। তার বয়স এখন ১৫ মাস। জীবন অনেক কঠিন"" পুলিশ বলছে এখন পুলিশ যখন গুলি করে তখন তার যুক্তিসংগত কারণ থাকে। সে ধরণের পরিস্থিতিতে পুলিশকে গুলি করার অনুমতি দেয়া হয়। আরও পড়তে পারেন: নিরাপদ সড়ক:শৃঙ্খলা ফেরাতে যেসব বাধার মুখে পুলিশ 'ফেসবুক পুলিশ': কিভাবে নজর রাখছে আপনার ওপর 'বন্দুকযুদ্ধ' চালিয়ে কি মাদকের বিস্তার থামানো যাবে কেনিয়ার পুলিশের মুখপাত্র চার্লস ওয়িনো বলছেন, "" আইন খুব পরিষ্কার। একজন পুলিশ কর্মকর্তা কোন অবস্থায় তার অস্ত্র ব্যবহার করতে পারবে সেটি বলা আছে। প্রথমত একজন পুলিশ সদস্য যখন নিজের জীবন রক্ষা করতে হয় এবং অন্য নাগরিকদের রক্ষা করতে হয় তখন অস্ত্র ব্যবহার করা হয়।"" পুলিশ যে যুক্তিই তুলে ধরুক না কেন, সমালোচকরা বলছেন পুলিশ যখন একই সাথে বিচারক এবং বিচারের রায় বাস্তবায়নের ভূমিকা পালন করে তখন সেটি বিপদজনক উদাহরণ তৈরি করছে বটে।",দিনের বেলায় শত-শত মানুষের সামনে কেনিয়ার এ পুলিশ কর্মকর্তা দুজন সন্দেহভাজন অপরাধীকে গুলি করে হত্যা করছে।,নাইরোবিতে একজন পুলিশ কর্মকর্তাকে একের পর এক গুলি চালিয়ে দুজন সন্দেহভাজন অপরাধীকে হত্যা করার একটি ভিডিও ভাইরাল হয়েছে।,0.35294117647058826,0.125,0.29411764705882354,0.8004951,18,16
"মেয়েদের নিয়ে যৌন হয়রানিমূলক মন্তব্য করায় গ্রেফতার করা হয়েছে ভারতের ১৫ বছর বয়সী এক কিশোরকে 'বইস লকার রুম' নামের গ্রুপটি ভারতের রাজধানী দিল্লির স্কুলপড়ুয়া কিশোরদের বলে ধারণা করা হচ্ছে। গ্রুপটির সদস্যদের চ্যাটের বেশকিছু স্ক্রিনশট সোশ্যাল মিডিয়ায় ছড়িয়ে পড়েছে। স্ক্রিনশটগুলো ছড়িয়ে পড়ার পর দিল্লির বিভিন্ন মহলে ব্যাপক ক্ষোভের সৃষ্টি হয়েছে। ভারতে নারীদের জন্য সবচেয়ে অনিরাপদ শহরগুলোর একটি মনে করা হয় দিল্লিকে। ২০১২ সালে দিল্লিতে এক মেডিকেল ছাত্রীকে ধর্ষণের পর হত্যা করা হলে তুমুল ক্ষোভ তৈরি হয় সাধারণ মানুষের মধ্যে। ধর্ষণ ও যৌন হয়রানির মত অপরাধের জন্য কঠোর শাস্তির দাবি তোলা হয় বিশ্বের বিভিন্ন স্থান থেকে। তবে এখনও পরিস্থিতির খুব একটা উন্নতি হয়েছে বলে মনে করে না মানুষ। আরো পড়তে পারেন: ভারতে নারীদের প্রতি এতো যৌন সহিংসতা কেন? ইনস্টা-র আড়াল থেকে যৌন লাঞ্ছনার অভিযোগ বৈধ? যৌন হয়রানি: মানহানির মামলা করলেন এম জে আকবর লকডাউনের সময় শিশুরা অনলাইনে বেশি সময় কাটাচ্ছে বলে মনে করেন ক্যাম্পেইনাররা কীভাবে জানা গেলো ইনস্টাগ্রাম গ্রুপটি সম্পর্কে? ইনস্টাগ্রামের অনেক ব্যবহারকারীর নজরে আসার পর গ্রুপটি সম্পর্কে পোস্ট করতে শুরু করে মানুষ। ঐ গ্রুপের সদস্যদের মন্তব্য ও ব্যবহার নিয়েও উঠতে শুরু করে অভিযোগ। গ্রুপের সদস্যরা তাদের সহপাঠী ছাত্রীদের অনুমতি ছাড়াই তাদের ছবি একে অন্যকে পাঠাচ্ছিল এবং তাদের শারীরিক গঠন সম্পর্কে কটু মন্তব্য থেকে শুরু করে তাদের ধর্ষণ করার মত বিষয়েও রসিকতা করছিল। ব্যবহারকারীদের নজরে আসার পর হোয়াটসঅ্যাপ, টুইটারসহ আরো কয়েকটি সোশ্যাল মিডিয়া প্ল্যাটফর্মে ছড়িযে পড়ে ঐ গ্রুপের স্ক্রিনশটগুলো। তবে সেসব স্ক্রিনশটগুলো নিয়ে কাজ করা সাইবার বিশেষজ্ঞ শুভম সিং বলেন যে ছড়িয়ে পড়া স্ক্রিনশটগুলোর অনেকগুলোই অতিরঞ্জিত এবং বানানো। প্রাথমিক তদন্ত শেষে শুভম সিং একজনকে দোষী শনাক্ত করেন এবং পুলিশের কাছে তথ্য হস্তান্তর করার পর এক কিশোরকে গ্রেফতার করে পুলিশ। বিবিসি বাংলার দিল্লি সংবাদদাতা শুভজ্যোতি ঘোষ জানাচ্ছেন, গ্রুপটির সদস্যরা ছিল দিল্লির অভিজাত কয়েকটি স্কুলের কিশোর ছাত্র। স্ক্রিনশটগুলো ছড়িয়ে পড়ে রবিবার। সম্ভবত কোনো একটি স্কুলের কোনো অভিভাবকের নজরে আসে পোস্টগুলো, পরে তিনি সেগুলো সামাজিক মাধ্যমে ছড়িয়ে দেন। পোস্টগুলোতে ছাত্ররা তাদের সমবয়সী অথবা তাদের চেয়ে কমবয়সী মেয়েদের ছবি তাদের অনুমতি ছাড়া শেয়ার করছিল। তবে তার চেয়ে আশঙ্কার বিষয় হলো, তারা কমেন্টে মেয়েদের ধর্ষণ করার পরিকল্পনাও করছিল। এমন পোস্টও দেখা গেছে, যেখানে একটি মেয়েকে গণধর্ষণ করার পরিকল্পনায় সায় দিয়েছে কয়েকজন ছাত্র। ১৫ বছর বয়সী যেই ছাত্রকে গ্রেফতার করা হয়েছে, তাকে জিজ্ঞাসাবাদ শেষে আরো ২০ জনের মত ছাত্রকে শনাক্ত করা হয়েছে, যাদের বিরুদ্ধে আইনি কার্যক্রম শুরু হবে বলে জানানো হয়েছে। কী ঘটেছিল? দিল্লি'র ওমেন্স কমিশন ইনস্টাগ্রাম গ্রুপটির বিরুদ্ধে তদন্ত পরিচালনা করার আহ্বান জানিয়েছে। দোষীদের চিহ্নিত করে তাদের বিরুদ্ধে মামলা করতে এবং এই ঘটনায় কী পদক্ষেপ নেয়া হয়েছে জানতে চেয়ে দিল্লির পুলিশের প্রতি একটি নির্দেশনা জারি করেছে তারা। পুলিশ জানিয়েছে তারা এই বিষয়ে তদন্ত শুরু করেছে এবং জানিয়েছে যে, স্থানীয় একটি স্কুলও এই ঘটনায় ফৌজদারি মামলা দায়ের করেছে। গ্রুপের সদস্যদের বিস্তারিত পরিচয় এবং তাদের ব্যবহার করা আইপি অ্যাড্রেস জানতে চেয়ে ইনস্টাগ্রাম কর্তৃপক্ষের কাছেও নোটিশ দিয়েছে দিল্লি ওমেন্স কমিশন। তবে এখন পর্যন্তে এই বিষয়ে কিছু জানায়নি ইনস্টাগ্রাম কর্তৃপক্ষ। ইন্টারন্যাশনাল কমিশন অব সাইবার সিকিউরিটি ল'য়ের চেয়ারম্যান পাওয়ান দুগ্গাল মন্তব্য করেছেন যে সোশ্যাল মিডিয়া প্রতিষ্ঠানটি এই ঘটনার দায়বদ্ধতা এড়াতে পারে না। ""ইনস্টাগ্রাম বলতে পারে না যে তারা এ সম্পর্কে জানতো না। তাদের নিজের থেকে এই ধরণের কন্টেন্ট সরিয়ে নিতে হবে। তারা না পারলে তখন পুলিশের শরণাপন্ন হওয়া যায়।"" তিনি মনে করেন সোশ্যাল মিডিয়া নেটওয়ার্কগুলোর মত মধ্যস্থতাকারী প্রতিষ্ঠানগুলোর প্রতি ভারতের মনোভাব 'অতিরিক্ত নরম' হওয়ায় এমন সমস্যা দেখা দিচ্ছে। করোনাভাইরাস ছড়িয়ে পড়া ঠেকাতে লকডাউন জারি করার পর ভারতের বিপুল সংখ্যক শিশু 'পর্ন সাইট' ও 'ডার্ক ওয়েব' সাইটগুলোতে গিয়ে আপত্তিকর কন্টেন্টের সংস্পর্শে আসছে এই ধরণের ব্যবহারের কারণ কী? করোনাভাইরাস ছড়িয়ে পড়া ঠেকাতে লকডাউন জারি করার পর বিপুল সংখ্যক শিশু 'পর্ন সাইট' ও 'ডার্ক ওয়েব' সাইটগুলোতে গিয়ে আপত্তিকর কন্টেন্টের সংস্পর্শে আসছে বলে তার সংস্থার নজরে এসেছে বলে মন্তব্য করেন পাওয়ান দুগ্গাল। তিনি বলেন, ""গত ৪০ দিনের লকডাউনে শিশুরা ঘরের ভেতরে থাকায় তাদের ব্যবহারে বেশ পরিবর্তন এসেছে। শিশুরা তাদের অনলাইনের কার্যক্রম অভিভাবকদের জানাচ্ছে না।"" তবে সিনিয়র মনোবিজ্ঞানী রোমা কুমার বলেন এই ধরণের গ্রুপ লকডাউনের আগেও ছিল। কিন্তু এই সময়ে তাদের উপস্থিতি এবং কার্যক্রমের পরিধি বিস্তার করতে পারে। পাওয়ান দুগ্গাল মনে করেন এই ধরণের আচরণ নিরুৎসাহিত করতে কর্তৃপক্ষের উচিত অভিযুক্তদের বিরুদ্ধে 'শক্ত অবস্থান' নেয়া এবং আইনগতভাবে 'কঠোর শাস্তি' নিশ্চিত করা। ঐ ইনস্টাগ্রাম গ্রুপের সদস্যরা এরই মধ্যে সোশ্যাল মিডিয়ায় জনরোষের শিকার হয়েছেন। সোশ্যাল মিডিয়া প্ল্যাটফর্মগুলোয় ঐ সদস্যদের নাম এবং ইনস্টাগ্রাম হ্যান্ডেল পাবলিক করে দেয়া হয়েছে। মনোবিজ্ঞানী রোমা কুমার অবশ্য মনে করেন সোশ্যাল মিডিয়ায় অভিযুক্তদের নাম ছড়িয়ে দেয়া গঠনমূলক নয় এবং এর ফলে আসলে সমস্যাটির সমাধান হবে না। কিশোর বয়সে শিশুদের জন্য এই ধরণের কথাবার্তা বলা অনেকক্ষেত্রে স্বাভাবিক বলে রোমা কুমার মন্তব্য করেন, ""তাদের ক্ষতি করা আমাদের লক্ষ্য নয়। লক্ষ্য হচ্ছে তাদেরকে এই ধরণের ব্যবহার থেকে বের করে আনা।"" ""ইন্টারনেটের সমস্যা হলো, এখানে শিশুরা এই ধরণের আচরণ করে থাকে এবং তারা মনে করে যে এরকম আচরণই স্বাভাবিক। এর একমাত্র সমাধান দীর্ঘমেয়াদি কাউন্সেলিং, যেন তারা ধীরে ধীরে বুঝতে পারে যে তারা ভুল করছিল।"" ""তাদের প্রতি বিদ্বেষ ছড়ালে তারা আরো প্রতিবাদী ও ক্ষু্দ্ধ হয়ে উঠবে, আর সমস্যার সমাধানও হবে না। আমরা চাই এই ছেলেরা যেন শোধরায় এবং সুস্থ, সুন্দর নাগরিক হয়ে বেড়ে ওঠে,"" বলেন রোমা কুমার।",ইনস্টাগ্রাম গ্রুপ চ্যাটে অপ্রাপ্তবয়স্ক মেয়েদের ছবি শেয়ার করা ও অশালীন মন্তব্য করায় ১৫ বছর বয়সী এক কিশোরকে গ্রেফতার করেছে ভারতের পুলিশ।,ভারতে মেয়েদের নিয়ে যৌন হয়রানিমূলক মন্তব্য করার অভিযোগে একটি ইন্টারনেট গ্রুপকে গ্রেফতার করা হয়েছে।,0.22857142857142854,0.0,0.17142857142857143,0.76032007,14,21
"অ্যামাজানের কাছ থেকে বহু পণ্য হাতিয়ে নিয়েছে এক দম্পতি তারা যে পণ্যগুলো অর্ডার করেছিলো সেগুলো ভাঙ্গা কিংবা নষ্ট ছিল বলে বারবার দাবি করে এই কাজ করেছেন তারা। ইন্ডিয়ানা রাজ্যের বাসিন্দা এরিন জোসেফ ফিন্যান (৩৮) এবং লিয়া জেনেত্তি ফিন্যান (৩৭) দম্পতি প্রতারনা এবং অর্থ পাচারের অপরাধ স্বীকার করেছে। এ দম্পতির ৫ লক্ষ মার্কিন ডলার জরিমানা এবং সর্বোচ্চ ২০ বছরের কারাদণ্ড হতে পারে। আগামি ৯ নভেম্বর এ রায় ঘোষনা করা হবে। স্থানীয় একটি সংবাদপত্র বলছে, ফিন্যান দম্পতি অনলাইনে শত শত ভুয়া অ্যাকাউন্ট ব্যবহারের মাধ্যমে অ্যামাজান থেকে অনলাইনে পণ্য ক্রয়ের অর্ডার দিয়েছে। এগুলোর মধ্যে রয়েছে বিভিন্ন ইলেক্ট্রনিক সামগ্রী যেমন স্যামসাং স্মার্ট ওয়াচ, গোপ্রো ক্যামেরা, এক্সবক্স ভিডিও গেম কনসোল ইত্যাদি। অর্ডার করা পন্যগুলো হাতে পাওয়ার পর তারা অ্যামাজনের কাস্টমার সার্ভিস বিভাগে যোগাযোগ করে জানায় যে পাঠানো গেজেটগুলো ভাঙ্গা বা কাজ করছে না। অ্যামাজানের নীতি অনুযায়ী তারপর ঐ পণ্যের পরিবর্তে আরেকটি বিনামূল্যে পাঠিয়ে দেয়। তারপর এই পণ্যগুলো ফিন্যান দম্পতি আরেকজনের কাছে বিক্রি করে, যিনি আবার এই পণ্যগুলো নিউইয়র্কের এক বেনামী প্রতিষ্ঠানের কাছে বিক্রি করে। অতঃপর মার্কিন ডাক বিভাগের অনুসন্ধান বিভাগ,ইন্ডিয়ানা রাজ্য পুলিশ এবং অভ্যন্তরীণ রাজস্ব বিভাগের যৌথ তদন্তে এই দম্পতির জালিয়াতি ধরা পড়ে। এরপর সে দম্পতি তাদের সহযোগীকে গ্রেফতার করা হয়। আরো পড়ুন : রোহিঙ্গা ইস্যুতে ঢাকাকে ভারতের অবস্থান ব্যাখ্যা সাহিত্যে নোবেল জিতলেন ব্রিটিশ লেখক কাজুও ইশিগুরো শেষ পর্যন্ত অজগরটি খেয়েই ফেললো গ্রামবাসী প্রধান বিচারপতির ছুটি নিয়ে কেন এতো সন্দেহ-বিতর্ক?",বিশ্বখ্যাত অনলাইন শপিং প্রতিষ্ঠান অ্যামাজন থেকে ১২ লাখ ডলারের বেশি মূল্যের পণ্য চুরি করেছে বলে স্বীকার করেছে আমেরিকার এক দম্পতি ।,অ্যামাজানের কাছ থেকে বহু পণ্য হাতিয়ে নিয়েছে এক দম্পতি।,0.2,0.0,0.2,0.72670543,9,21
"বিশ্বের শীর্ষ কয়েকজন বিজ্ঞানী কৃত্রিম বুদ্ধিমত্তা নিয়ে উদ্বেগ প্রকাশ করেছেন যে, এটি একসময় হয়তো মানব প্রজাতির জন্য একটি হুমকি হয়ে উঠতে পারে কিন্তু নতুন একটি বইতে বলা হচ্ছে, রোবট আসলে নিজে থেকে সচেতন হয়ে উঠছে না বা তাদের মানুষ প্রভুর বিরুদ্ধে কোন মনোভাব তৈরি করছে না, যেটি মানুষের জন্য ভয়ের কারণ হতে পারে। কিন্তু আসলে এসব যন্ত্রের জন্য নির্ধারিত কাজ সম্পন্ন করার ক্ষেত্রে এগুলো এতোটাই দক্ষ হয়ে উঠছে যে, হয়তো দুর্ঘটনাবশত বা অনিচ্ছাকৃতভাবে তাদের ভুল কোন কাজে লাগানোর মাধ্যমেই আমাদের অস্তিত্ব বিলীন হয়ে যেতে পারে। 'হিউম্যান কম্প্যাটিবল: এআই এন্ড দি প্রবলেম অব কন্ট্রোল' নামের বইটি লিখেছেন ক্যালিফোর্নিয়া বিশ্ববিদ্যালয়ের অধ্যাপক স্টুর্ট রাসেল, যিনি আধুনিক যন্ত্র সক্ষমতা প্রযুক্তির ব্যাপারে একজন বিশেষজ্ঞ। আরো পড়ুন: কৃত্রিম বুদ্ধিমত্তা নিয়ে এতো ভয় কিসের? নকল কণ্ঠস্বর ব্যবহার করে 'অর্থ চুরি' রোবট আসছে! কী ঘটবে বাংলাদেশের গার্মেন্টস শিল্পে? এই শতাব্দীর পর কি বিশ্বে মানবজাতি টিকে থাকবে তিনি বিবিসিকে বলেছেন, '' হলিউডের সিনেমায় দেখানো হয় যে, যন্ত্রগুলো নিজে থেকেই সচেতন হয়ে উঠছে এবং তারপরে তারা মানুষকে ঘৃণা করতে শুরু করে আর সবাইকে মেরে ফেলতে চায়।'' কিন্তু রোবটের কোন মানবিক অনুভূতি থাকে না। সুতরাং সেটা একেবারেই অহেতুক একটা বিষয়, যা নিয়ে নিয়ে উদ্বেগের কোন কারণ নেই। ''এখানে আসলে খারাপ মনোভাবের কোন ব্যাপার নেই। আমাদের আসলে তাদের দক্ষতার ক্ষমতা নিয়ে উদ্বিগ্ন হওয়া উচিত"" 'অত্যন্ত দক্ষ' নানা কাজে দিনে দিনে অত্যন্ত দক্ষ হয়ে উঠছে রোবট বিবিসি টুডে অনুষ্ঠানে দেয়া একটি সাক্ষাৎকারে তিনি হুমকির একটি কল্পিত উদাহরণ তুলে ধরেন, যা কৃত্রিম বুদ্ধিমত্তার কারণে তৈরি হতে পারে বলে মনে করেন। কল্পনা করুন যে, আমাদের একটি শক্তিশালী কৃত্রিম বুদ্ধিমত্তা ব্যবস্থা আছে, যেটি বিশ্বের জলবায়ু নিয়ন্ত্রণ করতে পারে এবং সেটি ব্যবহার করে আমার প্রাক-শিল্প পর্যায়ের কার্বন ডাই-অক্সাইড মাত্রার আবহাওয়ায় ফিরে যেতে চাই। ''তখন সেটি ঠিক করলো যে, এটা করার সবচেয়ে সহজ উপায় হচ্ছে পৃথিবী থেকে সব মানুষকে সরিয়ে ফেলা, কারণ পৃথিবীতে কার্বন ডাই-অক্সাইড নিঃসরণের দিক থেকে মানুষই সবচেয়ে এগিয়ে রয়েছে, '' বলছেন অধ্যাপক রাসেল। ''আপনি হয়তো বলতে চাইবেন, তুমি যা চাও সব কিছুই করতে পারবে, শুধুমাত্র মানুষের ক্ষতি করতে পারবে না। তখন ওই সিস্টেম কী করবে? এটি তখন আমাদের সন্তান কম নেয়ার ব্যাপারে প্রভাবিত করবে, যতক্ষণ না পৃথিবী থেকে মানুষ শেষ হয়ে যায়।'' এই উদাহরণের মাধ্যমে কৃত্রিম বুদ্ধিমত্তা ব্যবহারের বিপদের সেইসব দিক তুলে ধরা হয়েছে, যা মানুষ খুব চিন্তাভাবনা করে নির্দেশ না দিলে বিপর্যয় ঘটে যেতে পারে। অতি বুদ্ধি যুক্তরাজ্যের ক্যামব্রিজ বিশ্ববিদ্যালয়ের সেন্টার ফর দি স্টাডি অফ এক্সিসটেনশিয়াল রিস্কের তথ্য অনুসারে বর্তমানে কৃত্রিম বুদ্ধিমত্তা পদ্ধতিগুলো অ্যাপ্লিকেশন সীমাবদ্ধ, যেগুলোর নকশা করা হয়েছে সুনির্দিষ্ট কোন সমস্যার সমাধান করার জন্য। এই খাতের একটি মাইলফলক মুহূর্ত আসে ১৯৯৭ সালে, যখন কম্পিউটার ডিপ ব্লু দাবায় তৎকালীন বিশ্ব চ্যাম্পিয়ন গ্যারি কাসপারভকে ছয়টি খেলার একটি ম্যাচে হারিয়ে দেয়। তা সত্ত্বেও ডিপ ব্লুকে মানুষ বিশেষভাবে নকশা করেছিল দাবা খেলার জন্য। একটি মাইলফলক মুহূর্ত আসে ১৯৯৭ সালে, যখন কম্পিউটার ডিপ ব্লু দাবায় তৎকালীন বিশ্ব চ্যাম্পিয়ন গ্যারি কাসপারভকে ছয়টি খেলার একটি ম্যাচে হারিয়ে দেয়। কিন্তু পরবর্তীতে আবিষ্কৃত কৃত্রিম বুদ্ধিমত্তার ক্ষেত্রে আর সে কথা বলা যাবে না। উদাহরণ হিসাবে বলা যায়, আলফাগো জিরো সফটওয়্যার তিনদিন ধরে নিজের বিরুদ্ধেই 'গো' (একটি বোর্ড গেম) খেলার পরে দক্ষতার দিক থেকে সুপার-হিউম্যান পর্যায়ে পৌঁছে গেছে। ''কৃত্রিম বুদ্ধিমত্তার এই পদ্ধতি যতই শক্তিশালী হয়ে উঠবে, ততই এটি অতি বুদ্ধির অধিকারী হয়ে উঠবে। এটি হয়তো বেশিরভাগ ক্ষেত্রেই মানুষের সক্ষমতাকেও ছাড়িয়ে যাবে,'' বলছে এক্সিসটেনশিয়াল রিস্ক সেন্টার। আর এ কারণেই অধ্যাপক রাসেল বলছেন, মানুষের উচিত রোবট বা যন্ত্রের নিয়ন্ত্রণ নিজেদের হাতে রাখা। 'আমরা জানি না, আমরা কী চাই' অধ্যাপক রাসেল বলছেন, মানুষের উচিত রোবট বা যন্ত্রের নিয়ন্ত্রণ নিজেদের হাতে রাখা। তিনি বলছেন, কৃত্রিম বুদ্ধিমত্তা যন্ত্রকে আরো বেশি সুনির্দিষ্ট উদ্দেশ্য বা কাজ ঠিক করে দেয়া এই সমস্যার সমাধান নয়। কারণ মানুষ নিজেরাই ঠিক মতো জানে না যে, এসব উদ্দেশ্য আসলে কী? ''আমরা জানি না যে, কোন কিছু না ঘটা পর্যন্ত আসলে আমরা কোন কিছু পছন্দ করতে পারি না।'' তিনি বলছেন। যে কারণে আমরা কৃত্রিম বুদ্ধিমত্তা তৈরি করেছি, তার মূল ভিত্তিই আমাদের বদলে ফেলা উচিত,'' তিনি বলছেন। তার মতে, রোবটকে নির্দিষ্ট উদ্দেশ্য ঠিক করে দেয়া এবং সেটি থেকে কৃত্রিম বুদ্ধিমত্তার শিক্ষা নেয়ার মতো ধারণা থেকে সরে আসা উচিত। ''বরং সিস্টেমটা এমন হওয়া উচিত যেন সেটি জানতে না পারে যে, আসলে সে কী উদ্দেশ্যে কাজ করছে।'' ''যখন আপনি এভাবে সিস্টেমটি পরিচালনা করবেন, তখন সেটি আসলে মানুষের থেকে পিছিয়ে থাকবে। তারা কোন কিছু করার আগে প্রশ্ন করতে শুরু করবে, কারণ যন্ত্র তখন আর নিশ্চিত হতে পারবে না যে, আপনি কী চাইছেন।'' অধ্যাপক রাসেল বলছেন, বিশেষ করে তখন যন্ত্রগুলো নিজেদের গুটিয়ে রাখবে, কারণ সেগুলো এমন কিছু করতে চাইবে না, যা আপনি অপছন্দ করতে পারেন। বাতির দৈত্য '২০০১: এ স্পেস ওডিসি' চলচ্চিত্রে একটি বিদ্রোহী কম্পিউটারকে তুলে ধরা হয়েছে ''আমরা যে পদ্ধতিতে কৃত্রিম বুদ্ধিমত্তা তৈরি করেছি সেটি অনেকটা যেন বাতির ভেতরে থাকা দৈত্যের মতো। আপনি বাতি ঘষবেন, তখন দৈত্য বেরিয়ে আসবে আর আপনি বলবেন যে, আমি চাই এটা করা হোক।'' বলছেন অধ্যাপক রাসেল ''আর তখন যদি কৃত্রিম বুদ্ধিমত্তার যথেষ্ট ক্ষমতা থাকে, আপনি যা করতে বলবেন, সেটা ঠিক তাই করবে। আপনি যা চাইছিলেন, তাই পাবেন।'' ''এখন বাতির দৈত্যের সমস্যা হল, সেখানে তৃতীয় ইচ্ছার ব্যাপারটি থেকে যাচ্ছে। যদি বলেন প্রথম দুটো ইচ্ছা বাতিল করে আগের মতো করে দাও, কারণ আমরা আমাদের লক্ষ্য ভালোভাবে ঠিক করতে পারছি না।'' ''সুতরাং যদি একটি যন্ত্র এমন একটি উদ্দেশ্যে কাজ করতে শুরু করে, যা ঠিক নয়, তখন সেটি মানব সভ্যতার জন্য শত্রু হয়ে উঠতে পারে। যে শত্রু আমাদের চেয়ে অনেক শক্তিশালী হবে।'' ।","স্টিফেন হকিং থেকে শুরু করে ইলন মাস্ক- বিশ্বের শীর্ষ কয়েকজন বিজ্ঞানী কৃত্রিম বুদ্ধিমত্তা নিয়ে উদ্বেগ প্রকাশ করেছেন যে, এটি একসময় হয়তো মানব প্রজাতির জন্য একটি হুমকি হয়ে উঠতে পারে।","বিশ্বের শীর্ষ কয়েকজন বিজ্ঞানী কৃত্রিম বুদ্ধিমত্তা নিয়ে উদ্বেগ প্রকাশ করেছেন যে, এটি একসময় হয়তো মানব প্রজাতির জন্য একটি হুমকি হয়ে উঠতে পারে।",0.8627450980392156,0.8571428571428571,0.8627450980392156,0.939252,22,29
"কওমী মাদ্রাসার একটি ক্লাস ২০১৫ সাল পর্যন্ত ব্যানবেইসের হিসেবে ১৩ হাজার ৮২৬টি কওমি মাদ্রাসায় শিক্ষার্থীর সংখ্যা ১৩ লক্ষ ৮৮ হাজার ৪৬০ জন। এসব শিক্ষার্থীরা যা পড়ছেন বা শিখছেন এক্ষেত্রে সরকারের নিয়ন্ত্রণ বা তদারকির কোনোরকম সুযোগ নেই। উনিশ শতকে ভারতীয় উপমহাদেশে প্রতিষ্ঠিত দারুল উলুম দেওবন্দ মাদ্রাসার মাধ্যমে কওমি শিক্ষাব্যবস্থার প্রচলন হয়। ভারতের দেওবন্দ মাদ্রাসার অনুসরণ করে বাংলাদেশেও কওমি মাদ্রাসা শিক্ষা চালু রয়েছে। কওমি শিক্ষা সংশ্লিষ্টরা জানান এ শিক্ষা ব্যবস্থার মূল উদ্দেশ্যই হলো ইসলাম ধর্মীয় শিক্ষায় পারদর্শী হওয়া। তাদের সিলেবাসে দেখা যায় তাকমীল বা দাওরায়ে হাদিস স্তরে শিক্ষার্থীরা মূলত হাদিস সম্পর্কিত বিষয় নিয়ে বিস্তারিত পড়ানো হয়। আর প্রাথমিক থেকে বিভিন্ন স্তরে দেখা যায় কোরান হাদিস ছাড়াও, একাধিক ভাষা, গণিত, বিজ্ঞান, অর্থনীতি, রাষ্ট্রবিজ্ঞান ও তর্কশাস্ত্রের মতো বিভিন্ন বিষয় তাদের সিলেবাসে অন্তর্ভুক্ত আছে। ঢাকার কওমী মাদ্রাসাগুলোর নিয়ন্ত্রক বেফাকুল মাদারিসিল আরাবিয়া বাংলাদেশের সহসভাপতি মুফতি মাহফুজুল হক বলেন - মৌলিকভাবে কোরান হাদিস বোঝার জন্য যেসব আনুসঙ্গিক বিষয়াবলী প্রয়োজন সেগুলো পড়ানো হয়। ফেকাহ পড়ানো হয়। এর সাথে তাদের চার পাঁচটা ভাষার উপরেও তাদেরকে শিক্ষা দেয়া হয়। বাংলা, ইংরেজি প্রাথমিক পর্যায়ে, আরবি উচ্চস্তর পর্যায়ে, পাশাপাশি উর্দুও তাদেরকে শেখানো হয়। অল্প ফারসিও তাদেরকে পড়ানো হয়। মি. হকের দাবি দাওরায়ে হাদিস স্তরে শিক্ষার্থীরা ধর্মীয় বিষয়ে কলেজ বা বিশ্ববিদ্যালয়ে শিক্ষার্থীদের চেয়ে বেশি জানেন এবং শেখেন। ""আমরা মনে করি যেকোনো কলেজ ইউনিভার্সিটি যেখানে ইসলামি স্টাডিজ বা আরবী সাহিত্য বিভাগ আছে, তারা এই দুই সাবজেক্টে যা পড়ে তার চেয়ে অনেক বেশি আমাদের এখানে ছেলেরা পড়ে। জেনারেল শিক্ষা অষ্টম শ্রেণী পর্যন্ত বাংলা, অঙ্ক, ইংরেজি, সমাজ, ভূগোল, ইতিহাস বর্তমানে আমাদের এ মাদ্রাসাগুলোতে পড়ানো হয়। তাছাড়া উপরের দিকে অর্থনীতি এবং রাষ্ট্রবিজ্ঞানও আমরা পড়াচ্ছি।"" কওমী মাদ্রাসার নীতি নির্ধারকরা সব সময় কঠোর অবস্থান নিয়েছেন। মাওলানা আশরাফ আলী বেফাকুল মাদারিসিল আরাবিয়া বাংলাদেশের সিনিয়র সহসভাপতি ও সনদ বাস্তবায়ন কমিটির কো চেয়ারম্যান আল্লামা আশরাফ আলী বলেন, তারা সরকার থেকে কোনোরকম অনুদান এবং অর্থসহায়তা গ্রহণ করেন না এবং তদারকির নামে সরকারের কোনোরকম নিয়ন্ত্রণও চান না। কওমি শিক্ষার আধুনিকায়ন বা সংস্কারের প্রশ্নে তিনি বলেন, সরকারের কেউ নয় আলেমরাই এ ব্যাপারে চূড়ান্ত সিদ্ধান্ত নেবেন। ""এখানে ইঞ্জিনিয়ার বানানো হয় না, বৈজ্ঞানিক বানানো হয় না, ডাক্তার হয় না, দার্শনিক হয় না। ইসলামি শিক্ষার মধ্যে গভীর জ্ঞানী হয়। এটা একটা বিভাগ যেখানে ইসলামী শিক্ষায় গভীর জ্ঞানী করে তোলা হয়। সরকারি স্বীকৃতির মাধ্যমে ঢাকা বিশ্ববিদ্যালয়ের ইসলামি শিক্ষা বা আরবী বিভাগের মাস্টার্স এবং কওমি মাদ্রাসার দাওরায় হাদিস সদনের মান সমান হচ্ছে। ঢাকা বিশ্ববিদ্যালয়ের আরবী বিভাগের চেয়ারম্যান ড. মো. ইউসুফ জানান সিলেবাসে খুব একটা পার্থক্য নেই। তিনি মনে করেন মান পাওয়ার পর নিজেদের স্বার্থেই কওমী শিক্ষায় কিছু সংস্কার করা প্রয়োজন। ""দাওরায়ে হাদিসে তারা সিহাহ সিত্তাহ হাদিসের ছয়টি কিতাবগুলো তারা পড়ায়। যুগ যুগ ধরে এটা চলে আসছে। আলিয়া মাদ্রাসাতেও এরকম কামিল যখন এমএ'র মান ছিলনা তখন সিহাহ সিত্তাহ'র কিতাব পড়ানো হতো। যখন এটাকে এমএ'র মান দেয়া হয় তখন এই কামিলকে কামিল হাদিস, কামিল আদব, কামিল ফিকহ, কামিল তাফসির এধরনের বিভাজন করা হইছে। কওমি মাদ্রাসার দাওরা সিলেবাসকে এভাবে বিভাজন করে আপডেট করতে পারে এতে কোনো অসুবিধা নাই।"" ""ওনারা নিজেরাই বিভাজন করে আপডেট করতে পারে এখানে সরকারের ইনভলবের কোনো দরকার নাই। বিশেষজ্ঞ কমিটি তাদের মধ্যে নিয়ে তারা করুক অসুবিধা কি? আমি মনে করি পরিবর্তন দরকার তা নাহলে এই মানের কোনো ফায়দা হবে না।"" মুনতাসির মামুন তবে ঢাকা বিশ্ববিদ্যালয়ের অধ্যাপক মুনতাসির মামুন মনে করেন যুগোপযোগী সিলেবাস না হলে মাস্টার্স সমমান পেলেও কওমী মাদ্রাসার শিক্ষার্থীরা উপকৃত হবে না। ""বিশেষ কাজের সহায়তায় হয়তো চাকরির সুযোগ থাকবে কিন্তু অন্যান্য ক্ষেত্রে তারা সুবিধা করতে পারবে না। তাদেরকে কোনো না কোনোভাবে আধুনিকায়ন করতে হবে এবং মূল ধারার কাছাকাছি আসতে হবে। কওমীরা বলছে তারা কোনো কিছুর সঙ্গে থাকবে না। আমরা এটার বিরোধিতা করছি। আমরা মনে করি কোনো না কোনোভাবে তাদের কোনো বিশ্ববিদ্যালয়ের সংশ্লিষ্ট হতে হবে এই ডিগ্রির জন্য। সরকারি একটা মনিটরিং থাকতে হবে। তাহলে এটার গ্রহণযোগ্যতা বৃদ্ধি পাবে।""",বাংলাদেশে প্রচলিত তিন ধরনের মাদ্রাসা শিক্ষার মধ্যে মসজিদ ভিত্তিক মাদ্রাসাগুলোই মূলত কওমী মাদ্রাসা হিসেবে পরিচিত।,বাংলাদেশে কওমী মাদ্রাসার শিক্ষা ব্যবস্থার ক্ষেত্রে সরকারি তদারকির কারণে এখন পর্যন্ত ১৩ হাজার ৮৮০টির বেশি শিক্ষার্থী রয়েছে।,0.125,0.0,0.125,0.7328407,17,15
"চন্দ্রযানটির গায়ে লেখা ছিল 'ছোট দেশ, বড় স্বপ্ন' এই মিশনটি ছিল চাঁদে ইসরায়েলের প্রথম অভিযান, আর ব্যক্তিগত অর্থে পরিচালিত প্রথম চন্দ্রাভিযান। এর আগে কেবল সরকারি উদ্যোগ ও অর্থায়নে চাঁদে মহাকাশযান পাঠিয়েছে সাবেক সোভিয়েত ইউনিয়ন, যুক্তরাষ্ট্র ও চীন। মূলত ছবি তুলে পৃথিবীতে পাঠানো এবং কিছু পরীক্ষানিরীক্ষা চালানোই ছিল ইসরায়েলি চন্দ্রযানটির মূল কাজ। এর নাম দেয়া হয়েছিল 'বেয়ারশিট'। হিব্রু শব্দ বেয়ারশিট-এর অর্থ 'প্রারম্ভ'। ইসরায়েলের এই চন্দ্রাভিযানের জন্য মোট খরচ ধরা হয়েছিল ১০০ মিলিয়ন বা ১০ কোটি মার্কিন ডলার। ধ্বংস হয়ে যাবার আগে পাঠানো চন্দ্রপৃষ্ঠের একটি ছবি সঠিকভাবে চাঁদের বুকে যান অবতরণ করানো - যাকে বলা হয় সফট ল্যান্ডিং - তাতে সোভিয়েত ইউনিয়ন, যুক্তরাষ্ট্র ও চীন ছাড়া আর কেউই সফল হয় নি। ইসরায়েল আশা করেছিল তারা হবে এ কাজে সফল হওয়া চতুর্থ দেশ। বেয়ারশিট একটি যৌথ প্রকল্প। এতে যুগলভাবে কাজ করছে বেসরকারি অলাভজনক প্রতিষ্ঠান স্পেসসেল এবং ইসরায়েল এরোস্পেস ইন্ডাস্ট্রিজ বা আই এ আই। স্পেসসেল-এর প্রতিষ্ঠাতা মরিস কান বিবিসিকে এক সাক্ষাৎকারে আগেই জানিয়েছিলেন যে, চাঁদে অবতরণ করাটা হবে বেশ চ্যালেঞ্জিং একটি ব্যাপার । মহাকাশযানটি ধ্বংস হয়ে যাবার পর মি কান বলেন, ""আমরা সফল হইনি, তবে আমরা চেষ্টা করেছি। আমরা যে পর্যন্ত যেতে পেরেছি সেটাও একটা দারুণ ব্যাপার, আমরা এ জন্য গর্ববোধ করতে পারি। ইসরায়েলি প্রধানমন্ত্রীও 'আবার চেষ্টা করার' কথা বলেছেন। উৎক্ষেপণের আগে বেয়ারশিট সাধারণত, পৃথিবী থেকে চাঁদে পৌঁছানো কয়েক দিনের ব্যাপার মাত্র। কিন্তু বেয়ারশিটের সময় লেগেছে কয়েক সপ্তাহ। গত ২২শে ফেব্রুয়ারিতে এটি ফ্লোরিডা থেকে যাত্রা শুরু করেছিল। এত দীর্ঘ সময় লাগার পেছনে মূল কারণ হলো পৃথিবী থেকে চাঁদের দূরত্ব ৩ লাখ ৮০ হাজার কিলোমিটার হলেও বেয়ারশিট পাড়ি দিয়েছে এরচেয়ে আরো ১৫ গুণ বেশি পথ। বেয়ারশিট পৃথিবীর কক্ষপথেও কয়েকবার চক্রাকারে ঘুরেছে। বেয়ারশিট-এর অবতরণ নিয়ে কর্তৃপক্ষ বিশেষ চিন্তিত ছিল। কারণ তাদের মূল উদ্দেশ্য ছিল 'সফট ল্যান্ডিং' বা মহাকাশযানের কোনো ক্ষতি না করে নিয়ন্ত্রিত অবস্থায় চন্দ্রপৃষ্ঠে অবতরণ করা। কিন্তু তাদের সেই লক্ষ্য পূরণ হয়নি। ইয়েহুদে আইএআই-এর কমান্ড সেন্টারের বাইরে চাঁদে অবতরণের সরাসরি দৃশ্য টিভিতে দেখতে লোক জড়ো হয়। কিন্তু যখন ঘোষণা করা হলো যে অবতরণ সফল হয়নি - তখন দর্শকদের মধ্যে হতাশাসূচক আর্তনাদ শোনা যায়। চন্দ্রযান ধ্বংসে কথা জানা পর ইসরায়েলি দর্শকদের প্রতিক্রিয়া চন্দ্রপৃষ্টে বেয়ারশিটের প্রথম কাজ ছিল, উচ্চক্ষমতাসম্পন্ন ক্যামেরা ব্যবহার করে ছবি তোলা এবং সেগুলোকে পৃথিবীতে পাঠানো। ঠিকঠাক মতন অবতরণ করতে পারলে বেয়ারশিটের সেলফিও তুলে পাঠানোর কথা ছিল। ছবি তোলার পর এটি অনুসন্ধান কাজে মনোনিবেশ করার কথা ছিল। কিন্তু অবতরণের আগেই বিধ্বস্ত হওয়ায় অনুসন্ধান আর হয়নি। তবে বিধ্বস্ত হবার আগেও ছবি তুলে পঠিয়েছে বেয়ারশিট। এই মিশন নিয়ে আগেই বলা হচ্ছিলো যে, এটি খুব বেশি দিন স্থায়ী হবে না। ধারণা করা হচ্ছিলো, এটির স্থায়িত্ব হবে পৃথিবীর হিসেবে কয়েক দিন। কারণ চন্দ্রপৃষ্ঠের তাপমাত্রা অত্যধিক এবং সূর্য উদিত হলে যে তীব্র উত্তাপ ছড়াবে তা মহাকাশযানটির পক্ষে খুব দীর্ঘক্ষণ সহ্য করা সম্ভব নয়। এই মিশনের সবচেয়ে উল্লেখ যোগ্য দিক হচ্ছে এটি ছিল সম্পূর্ণ বেসরকারি উদ্যোগ এবং কম খরচে করা একটি মিশন। তাই, এই চন্দ্রাভিযানটিকে বিশেষ গুরুত্বের সাথে দেখা হচ্ছিলো। আরো পড়তে পারেন: চাঁদে বেড়ানোর অভিজ্ঞতা দেবে বাংলাদেশের তরুণরা চাঁদের উল্টোপিঠে নামলো চীনের নভোযান চাঁদের মালিকানা আসলে কার?",ইসরায়েলের একটি মহাকাশযান চাঁদে 'অবতরণ' করার আগেই দৃশ্যত: ইঞ্জিনের ত্রুটির জন্য চাঁদের মাটিতে আছড়ে পড়ে বিধ্বস্ত হয়েছে।,চাঁদে অবতরণ করার জন্য ইসরায়েলের একটি মহাকাশযান ধ্বংস হয়ে গেছে।,0.4444444444444445,0.16,0.22222222222222224,0.81869054,10,17
"লাভার উদ্গিরণ বিজ্ঞানীরা বলছেন, প্রত্যেক বছর ৬০টির মতো আগ্নেয়গিরিতে অগ্নুৎপাতের ঘটনা ঘটে। কোন কোনটি আমাদের বিস্মিত করে আর বাকিগুলো অনেকটাই নিয়মিত ঘটনা। পৃথিবীতে যতোগুলো সক্রিয় আগ্নেয়গিরি আছে তার একটি এই কিলাওয়ে। প্রায় ৩৫ বছর আগে এই আগ্নেয়গিরি থেকে অগ্ন্যুৎপাত শুরু হয়েছিল। তবে গত কয়েক সপ্তাহে এই অগ্নুৎপাতের মাত্রা মারাত্মক আকারে বৃদ্ধি পেয়েছে। আগ্নেয়গিরিটির লাভা নদীর মতো প্রবাহিত হতে হতে সত্যিকার অর্থেই গিয়ে ঢুকে পড়েছে বাড়ির পেছনের বাগানে, সামনের উঠোনে। তবে সুখবর হচ্ছে যে এতে এখনও পর্যন্ত কোন প্রাণহানির ঘটনা ঘটেনি। এ থেকে হয়তো মনে হতে পারে আগ্নেয়গিরি তেমন বিপদজনক কিছু নয়। কিন্তু আসলে তা নয়। আরো পড়তে পারেন: 'ভয়ঙ্করতম' বজ্রপাতের কবলে ব্রিটেন সালাহ কি বিশ্বকাপে খেলতে পারবেন? বাংলাদেশে কঙ্কাল নিয়ে কীভাবে চলছে বাণিজ্য কাছেই চলছে গল্ফ খেলা। বিজ্ঞানীরা বিভিন্ন পরিসংখ্যান ঘেঁটে বলছেন, ১৫০০ সালের পর থেকে আগ্নেয়গিরির অগ্নুৎপাতে ২ লাখ ৮০ হাজার মানুষের মৃত্যু হয়েছে যার মধ্যে এক লাখ ৭০ হাজার মানুষের প্রাণহানি ঘটেছে মাত্র ছ'টি অগ্নুৎপাতের ঘটনায়। সংবাদ মাধ্যমে প্রকাশিত রিপোর্ট, সরকারি তথ্য এবং ঐতিহাসিক দলিল ঘেঁটে এসব পরিসংখ্যান তৈরি করা হয়েছে। ২০০০ সালের পর থেকে মারা গেছে প্রায় ২,০০০ মানুষ। এসব মৃত্যুর বেশিরভাগই হয়েছে ফিলিপিনে, ইন্দোনেশিয়া, জাপান এবং গণতান্ত্রিক কঙ্গো প্রজাতন্ত্রে। গত বছর ইতালিতে আগ্নেয়গিরির একটি জ্বালামুখে তিনজন পর্যটক পড়ে গেলে তাদের মৃত্যু হয়। সারা বিশ্বে যতোগুলো সক্রিয় আগ্নেয়গিরি আছে, সেসবের ১০০ কিলোমিটার এলাকার মধ্যে বসবাস প্রায় ৮০ কোটি মানুষের। বিজ্ঞানীরা বলছেন, আগ্নেয়গিরির অগ্নুৎপাত এই ১০০ কিলোমিটার দূর পর্যন্ত যেতে পারে। এই এলাকার মধ্যে শুধু ইন্দোনেশিয়াতেই বসবাস করে ২০ কোটি মানুষ। সারা পৃথিবীতে সক্রিয় আগ্নেয়গিরির সংখ্যা দেড় হাজার। এসব আগ্নেয়গিরি ছড়িয়ে আছে ৮১টি দেশে। 'সক্রিয়' মানে এই নয় যে এসব আগ্নেয়গিরি থেকে এখন অগ্নুৎপাত হচ্ছে। বিজ্ঞানীরা বলছেন, সম্প্রতি অগ্নুৎপাত হয়েছে এবং আগামীতেও অগ্নুৎপাত হতে পারে এসব বিবেচনা করেই এগুলোকে সক্রিয় হিসেবে ধরা হয়। আশেপাশেই মানুষের স্বাভাবিক জীবন। আগ্নেয়গিরির আশেপাশে যারা বসবাস করেন তাদের জন্যে এসব আগ্নেয়গিরি নানা ধরনের ঝুঁকি তৈরি করতে পারে। কিলাওয়ের বেলাতে যুক্তরাষ্ট্রের জিওলজিক্যাল সার্ভে বলছে যে গত এপ্রিল মাসের পর থেকে সেখানে অগ্নুৎপাতের মাত্রা নাটকীয়ভাবে বেড়ে গেছে। তারপর থেকে এর লাল উত্তপ্ত লাভা পাঁচ কিলোমিটার দূরে চলে গেছে। যেতে যেতে পথে ধ্বংস করেছে বাড়িঘর। সরিয়ে নেওয়া হয়েছে হাজার হাজার মানুষ। লাভার এই প্রবাহে এখনও বড় রকমের প্রাণহানি ঘটেনি। পথে যেতে যেতে লাভা তার সামনে যা কিছু পায় তার সবকিছু পুড়িয়ে ফেলে এবং গলিয়ে দেয়। উত্তপ্ত এই লাভার তাপমাত্রা থাকে ১২০০ ডিগ্রি সেলসিয়াস। এই লাভা এতো ধীরে ধীরে অগ্রসর হয় যে মানুষ এর সামনে দিয়ে খুব সহজেই হেঁটে চলে যেতে পারে। লোকজন যদি খুব দ্রুত সরে যেতে না পারে তখনই বিপদ। হাওয়াইতে বেশ কিছু লোককে হেলিকপ্টারে করে তুলে নেওয়া হয়। কারণ তাদের পালিয়ে যাওয়ার জন্যে নিরাপদ কোন পথ ছিল না। আগ্নেয়গিরির ছাই। লাভার কারণে বিস্ফোরণও হতে পারে। যেসব জায়গায় মিথেন গ্যাস জমে আছে সেগুলোতে জ্বলে উঠতে পারে আগুন। পানির সাথে মিশে তৈরি করে হাইড্রোলিক এসিড, সালফার ডাই অক্সাইড। তবে অগ্নুৎপাতের কারণে যতো মানুষের প্রাণহানি হয়েছে, তার মাত্র ২ শতাংশ মারা গেছে লাভা ও গ্যাসের কারণে। আগ্নেয়গিরির গ্যাসে সবচেয়ে বেশি মানুষের মৃত্যু হয়েছে ক্যামেরুনে ১৯৮৬ সালে। সেসময় লেক নয়েজ আগ্নেয়গিরি থেকে নির্গত কার্বন ডাই অক্সাইডে প্রাণ হারায় দেড় হাজারের মতো মানুষ। আগ্নেয়গিরি থেকে নির্গত পিরোক্লাস্টিক প্রবাহে রোমান নগরী পম্পেই ধ্বংস হয়ে গিয়েছিল ৭৯ খৃস্টাব্দে। এই একই প্রবাহে ১৯০২ সালে একটি ক্যারিবীয় দ্বীপে নিহত হয় ৩০ হাজারেরও বেশি মানুষ। আগ্নেয়গিরির ছাই কয়েক হাজার কিলোমিটার দূরেও চলে যেতে পারে। এর ফলে ব্যাহত হতে পারে বিমান চলাচল।",যুক্তরাষ্ট্রে হাওয়াই অঙ্গরাজ্যের একটি আগ্নেয়গিরি সকলের দৃষ্টি কেড়েছে। নদীর মতো প্রবাহিত উত্তপ্ত লাল লাভা এবং আকাশে কালো ছাই মেঘ - কিলাওয়ে আগ্নেয়গিরির এই দৃশ্য অনেকেই হয়তো টেলিভিশনের পর্দায় দেখেছেন। কিন্তু এধরনের অগ্নুৎপাত কতোটা বিপদজনক?,পৃথিবীতে একটি আগ্নেয়গিরির অগ্নুৎপাতে মানুষের মৃত্যুর সংখ্যা বাড়ছে।,0.09523809523809523,0.0,0.09523809523809523,0.7195962,8,34
"চুক্তি থেকে বাদ পড়া ক্রিকেটারদের পাশে থাকার কথা বলেছেন ওয়ানডে অধিনায়ক মাশরাফি বিন মর্তুজা গতকাল বাংলাদেশ ক্রিকেট বোর্ডের পরিচালকদের সভায় এই সিদ্ধান্ত আসে। বিসিবির পক্ষ থেকে জানানো হয়েছে, কেন্দ্রীয় চুক্তিতে থাকছেন ১৩ জন ক্রিকেটার। যার মধ্যে স্থায়ী ভিত্তিতে ১০জন ও অস্থায়ী চুক্তি হবে ৩জন ক্রিকেটারের সাথে। বাংলাদেশ ক্রিকেট বোর্ডের কেন্দ্রীয় চুক্তি থেকে বাদ পড়েছেন তাসকিন আহমেদ, সৌম্য সরকার, ইমরুল কায়েস, মোসাদ্দেক হোসেন, কামরুল ইসলাম রাব্বি। এর আগেই শৃঙ্খলাজনিত কারণে বাদ পড়েছিলেন সাব্বির রহমান। গত বছর কেন্দ্রীয় চুক্তিতে ১৬ জন ক্রিকেটারকে রাখা হয়েছিল। ২০১৭ সালের ডিসেম্বর মাসে কেন্দ্রীয় চুক্তির আগের মেয়াদ শেষ হয়। জানুয়ারি থেকে নতুন চুক্তির মেয়াদ কার্যকর হয়েছে। আরো পড়ুন: বাংলাদেশ কেন টি২০ ক্রিকেট রপ্ত করতে পারছে না? মাশরাফির অবসর ভাবনা: ক্রিকেট নাকি রাজনীতি? রাতের ট্রেনেই ক্রিকেটারদের ফেরা নিয়ে কী বলছে বিসিবি? এবার কেন্দ্রীয় চুক্তিতে থাকা দশ ক্রিকেটার হচ্ছেন মাশরাফি বিন মুর্তজা, সাকিব আল হাসান, তামিম ইকবাল, মুশফিকুর রহিম, মাহমুদউল্লাহ রিয়াদ, মেহেদী হাসান মিরাজ, মুস্তাফিজুর রহমান, মুমিনুল হক, রুবেল হোসেন ও তাইজুল ইসলাম। এছাড়া অস্থায়ী ভিত্তিতে আরো তিন ক্রিকেটারের সাথে চুক্তি করা হবে বলে জানা গেছে। প্রথম শ্রেণীর ক্রিকেটে যারা বেতনভুক্ত তাদের বেতনের বিষয়ে আলোচনা করে বাড়ানোর ব্যাপারে সিদ্ধান্ত নিয়েছে বিসিবি। মি. হাসান বলেন, 'বিসিবির যে বাজেট রয়েছে তা ফিন্যান্স কমিটিকে বলা হয়েছে, বাজেটের সাথে খাপ খাইয়ে কত টাকা বাড়ানো সম্ভব সেটা বিবেচনা করেই বেতন বৃদ্ধি করা হবে।' নতুন চুক্তিতে নেই তাসকিন আহমেদসহ আরো ৫ জন বিশ্লেষকরা কী বলছেন? বাংলাদেশ ক্রিকেট দলের সাবেক অধিনায়ক শফিকুল হক হীরা মনে করেন, বাংলাদেশ ক্রিকেট বোর্ড কোনো ব্যাপারেই সুস্পষ্ট উত্তর দেয়নি এই সভা থেকে বের হয়ে। তিনি বলেন, 'চুক্তিবদ্ধ ক্রিকেটার কমানো কোনো আদর্শ হতে পারে না, এটা ভুল বার্তা ছড়াবে।' অন্য যে কোনো দেশের ক্রিকেট দলের চেয়ে বাংলাদেশের ক্রিকেটাররা কম টাকা বেতন পান। ৪০ থেকে ৫০ লাখ টাকার চেয়ে সিনিয়র ক্রিকেটাররা ফ্র্যাঞ্চাইজি ক্রিকেটে অনেক বেশি টাকা আয় করেন। অতএব এই চুক্তিতে অনিশ্চয়তা হয়তো জাতীয় ক্রিকেটে আগ্রহ কমাবে বলে মনে করেন মি. হীরা। তিনি যোগ করেন, যে কারণে দেশের অনেক সিনিয়র ক্রিকেটার প্রথম শ্রেণীর ক্রিকেট খেলতে তেমন আগ্রহী নন। এর কারণ যে ম্যাচ ফি দেয়া হয় তা খুব নগণ্য, সাড়ে তিন ঘন্টার টি-টোয়েন্টি ক্রিকেটে আয় এর চেয়ে অনেক বেশি। অন্যদিকে চার-পাঁচদিন ক্রিকেট খেলে আয় কম। 'পারফর‍ম্যান্স খারাপ' বলে যে যুক্তি বাংলাদেশ ক্রিকেট বোর্ড দিয়েছে তার সাথে একমত নন শফিকুল হক হীরা। কারণ এক্ষেত্রে ক্রিকেটারদের সাবধান করে দেয়া যেতে পারতো বলে মনে করেন তিনি। মি. হীরা বলেন, 'সিনিয়র যারা ক্রিকেটার আছেন, তাদেরও বেতন বৃদ্ধি হয়নি, প্রতি পেশাদার ক্রিকেটারই বেতন বৃদ্ধির জন্য অপেক্ষা করেন, এটা না দেয়া অন্যায্য, এটা অসন্তোষ সৃষ্টি করে।' বাংলাদেশের একজন জ্যেষ্ঠ ক্রিকেট প্রতিবেদক আরিফুল ইসলাম রনি মনে করেন, এই সিদ্ধান্ত কোনো কোনো ক্ষেত্রে ইতিবাচক বা নেতিবাচকও হতে পারে। তবে এটা বেশি বিস্ময়কর। বাংলাদেশের ঘরোয়া ক্রিকেটে যে বেতন বা ম্যাচ ফি দেয়া হয় তা খুব বেশি নয়। এখানে কেন্দ্রীয় চুক্তিটাই বড় ভূমিকা রাখে ক্রিকেটারদের জীবনমানে। ১০ থেকে ১৩ জনের সংখ্যাটাই বিস্ময়কর। বাংলাদেশের যে বাস্তবতা ক্রিকেটারদের উৎসাহটা প্রয়োজন হয়। কারণ চুক্তি না থাকায় অনেকে ভেঙে পড়তে পারে। বেশ কয়েকজন ক্রিকেটার আছেন যারা নতুন করে চুক্তিতে আসতে পারতেন, বিশেষত লিটন দাসের কথা উল্লেখ করেন মি. ইসলাম। আরিফুল ইসলাম রনির মতে, খারাপ খেলার বিপরীতে গ্রেডিংটা কমিয়ে আনা যেতে পারতো। বাংলাদেশে ক্রিকেট প্রতিভা খুব বেশি নেই। সৌম্য বা তাসকিনের মতো যারা নিজেদের মান অনুযায়ী খেলতে পারছেন না, এক্ষেত্রে তাদের বিশেষভাবে দেখভাল করাটাই বিসিবির দায়িত্ব। মোসাদ্দেক হোসেন সৈকতের কথা উল্লেখ করে মি. ইসলাম বলেন, সৈকত মাত্র ২টি টেস্ট ম্যাচ খেলার সুযোগ পেয়েছেন। যার মধ্যে একটি টেস্ট জয়ে ভূমিকা ছিল তার। শ্রীলংকার বিপক্ষে শততম টেস্টে ৭৫ রান করেন এক ইনিংস ব্যাট করে। তার এই চুক্তি বাতিল, একটা ভুল বার্তা দিবে। আরো পড়তে পারেন: সুদানের যে গ্রাম চালাতো ইসরায়েলি মোসাদ এজেন্টরা যে কলার দাম এক লাখ টাকা বাংলাদেশের নির্বাচন নিয়ে দুর্ভাবনায় ভারত? ওয়েস্ট ইন্ডিজের ক্রিকেটারদের সাথে চুক্তি নিয়ে বোর্ডের দ্বন্দ্ব তৈরি হয়েছিল কোন দেশে চুক্তিবদ্ধ ক্রিকেটার কতজন? ক্রিকেটারদের চুক্তিবদ্ধ করার ক্ষেত্রে একেক দেশ একেক রীতি অনুসরণ করে। কোনো বোর্ড গ্রেডিং করে, কোনো বোর্ড ফর‍ম্যাট ভাগ করে চুক্তি দিয়ে থাকে। আবার ওয়েস্ট ইন্ডিজ ৫ জন ক্রিকেটারকে সব ফরম্যাটে চুক্তিবদ্ধ করে, বাকিদের সাদা বল ও লাল বলের চুক্তি দিয়েছে। •ভারত- ২৬ জন •ইংল্যান্ড- টেস্টে- ৮ জন, সীমিত ওভারের ক্রিকেটে- ১৪ জন •অস্ট্রেলিয়া- ২০ জন •ওয়েস্ট ইন্ডিজ- সব ফর‍ম্যাটে ৫ জন, সাদা বল ৬ জন, লাল বল ৫ জন •পাকিস্তান- ৩৫ জন •বাংলাদেশ- ১০জন স্থায়ী, ৩ জন রুকি ক্রিকেট ভক্তরা কী বলছেন? বাংলাদেশের ক্রিকেট ভক্তরাও অবাক হয়েছেন ক্রিকেট বোর্ডের এই সিদ্ধান্তে। বাংলাদেশের একটি ক্রিকেট সমর্থক ফোরাম 'দৌড়া বাঘ আইলো' এর প্রধান নির্বাহী তানভীর প্রান্ত বলেন, এটায় যারা বাদ পড়েছে তারা এই ঘটনায় প্রণোদনা পেতেও পারে নাও পেতে পারে। সরাসরি বাদ দেয়াতে মানসিক ধাক্কা পেতে পারে, আবার ভাল খেলে আবার দলে আসার প্রেরণাও পেতে পারেন। তবে একবারে বাদ না নিয়ে, গ্রেডিং কমানো যেতে পারতো।",১০ জন ক্রিকেটারকে বাংলাদেশ ক্রিকেট বোর্ডের স্থায়ী চুক্তিতে রাখায় বিস্ময় প্রকাশ করেছেন বাংলাদেশের ক্রিকেট সংশ্লিষ্টরা।,বাংলাদেশ ক্রিকেট বোর্ডের কেন্দ্রীয় চুক্তি থেকে বাদ পড়েছেন দশজন ক্রিকেটার।,0.24,0.17391304347826086,0.24,0.8010663,10,15
"প্রাকৃতিক ভূমি উজাড় করায় সবচেয়ে সুবিধে হয়েছে ইঁদুরের। এক গবেষণা থেকে জানান যাচ্ছে, প্রাকৃতিক বনভূমি উজাড় করার ফলে বন্য পশুপাখি সেখান থেকে পালিয়ে যায়। আর তাদের জায়গায় আসে এমন সব প্রাণী যার থেকে মানুষের মধ্যে রোগবালাই ছড়িয়ে পড়ে। বিজ্ঞানীরা হিসেব করে দেখেছেন, নতুন আবিষ্কার হওয়া প্রতি চারটি সংক্রামক ব্যাধির মধ্যে তিনটিরই উৎপত্তি এধরনের প্রাণী। এই গবেষণায় বলা হয়েছে, প্রাকৃতিক ভূমি বিনষ্ট করার ফলে ছোঁয়াচে রোগ বহনকারী প্রাণীদেরই বেশি সুবিধে হয়েছে। এবং আমরা যখন বন-জঙ্গল কেটে সাফ করে সেখানে ফসলের ক্ষেত তৈরি করি, গোচারণভূমি তৈরি করি কিংবা জনপদ গড়ে তুলি তখন প্রাণী থেকে মানুষের মধ্যে রোগরে জীবাণু ছড়িয়ে পড়ার সম্ভাবনাও বেড়ে যায় অনেক বেশি, বলছে এই গবেষণা। বিশ্বের মোট আবাসযোগ্য ভূমির অর্ধেক মানুষের হাতে পরিবর্তত হয়েছে। ""আমাদের গবেষণা থেকে জানতে পেরেছি যেসব প্রাণী মানুষের নিয়ন্ত্রিত পরিবেশে থাকে, তাদের মধ্যে থেকে মানুষের শরীরে রোগের সংক্রমণের ঝুঁকি অনেক বেশি,"" বলছেন ইউনিভার্সিটি কলেজ অফ লন্ডনের গবেষক রোরি গিবস। প্রাকৃতিক ভূমিতে পরিবর্তন আনলে কীভাবে রোগবালাই বাড়ে? বনভূমি উজাড় করে ক্ষেত-খামার এবং বাসাবাড়ি তৈরি করার ফলে বহু বন্যপ্রাণী এখন নিশ্চিহ্ন হওয়ার পথে। গণ্ডারের মতো দীর্ঘজীবী প্রাণী, যাদের বসবাসের জন্য বিশেষ ধরনের পরিবেশের প্রয়োজন হয়, বনভূমি ধ্বংস করা হলে তাদের জায়গায় বংশবৃদ্ধির সুযোগ বেড়ে যায় এমন সব প্রাণীর যারা কম দিন বেঁচে থাকে, যেমন ইঁদুর বা কবুতর। ইঁদুর জাতীয় প্রাণী, যারা বেশ কয়েক ধরনের রোগের জীবাণু বহন করে, নগর এলাকায় তাদের সংখ্যা বাড়ে কারণ সেখানে অন্য সব প্রজাতি নিশ্চিহ্ন হয়ে গিয়েছে। ঐ গবেষণায় ৭,০০০ প্রজাতির ওপর ১৮৪টি গবেষণার উপাত্ত বিশ্লেষণ করে জানা যাচ্ছে যে এদের মধ্যে ৩৭৬টি প্রজাতি মানুষের দেহে ছড়িয়ে পড়তে পারে এমন সব রোগের জীবাণু বহন করে। ইন্দোনেশিয়ার একটি বাজারে বাদুড় বিক্রি হচ্ছে। আরও পড়তে পারেন: পরিবেশ রক্ষার জন্য 'একদিন পর পর মলত্যাগ করুন' জেনে নিন বিশ্বের কোন খাবারগুলো পরিবেশ বান্ধব কাগজের ব্যাগ কী প্লাস্টিক ব্যাগের চেয়ে পরিবেশ বান্ধব পরিবেশ দূষণের কারণে কী কী রোগ হতে পারে? 'স্পিলওভার' কীভাবে রোধ করা যায়? যখন কোন রোগের জীবাণু প্রাণীদেহ থেকে মানুষের মধ্যে ছড়িয়ে পড়ে তাকে বিজ্ঞানের ভাষায় বলা হয় 'স্পিলওভার'। রোগের প্রাদুর্ভাবের জন্য দায়ী এই স্পিলওভারের পেছনে অনেকগুলো কারণ থাকে বলে বিজ্ঞানীরা উল্লেখ করছেন। যেমন, আমরা জানি যে বন্য প্রাণীর শিকার, ব্যবসা এবং তাদের আবাসভূমি ধ্বংস হওয়ার ফলে মানুষের সাথে তাদের সংস্পর্শ বাড়ে। ফলে নতুন ধরনের রোগের জীবাণু মানুষের মধ্যে ছড়িয়ে পড়ার ঝুঁকিও বেড়ে যায়। বলা হয়ে থাকে করোনাভাইরাস সংক্রমণের সূচনা বাদুড় থেকে। কিন্তু অন্যান্য বন্য প্রাণীর মাধ্যমে মানবদেহে এই জীবাণু স্পিলওভার করেছে। এখানে বন্য প্রাণীর সাথে ব্যবসার একটা যোগাযোগ রয়েছে। করোনাভাইরাসের বিস্তারে প্যাঙ্গোলিন বা বনরুইয়ের একটা ভূমিকা আছে বলে মনে করা হয়। নতুন এই গবেষণাটি প্রকাশিত হয়েছে বিজ্ঞান সাময়িকী নেচার-এ। এতে দেখানো হয়েছে যে বন্যপ্রাণী যখন তার নিজস্ব পরিবেশে থাকে তার তুলনায় মানুষের তৈরি পরিবেশে থাকার ফলে তাদের দেহে রোগ জীবাণুর উপস্থিতি বেড়ে যায় দ্বিগুণ। বনজঙ্গল থেকেই রোগ-বালাইয়ের উৎপত্তি বলে মানুষের মধ্যে যে ভুল ধারণা রয়েছে এই গবেষণা তাকে খণ্ডন করেছে। ইউনিভার্সিটি কলেজ লন্ডনের অধ্যাপক কেট জোন্স বলছেন, ""আগামী দশকগুলোতেও কৃষি এবং নগর এলাকার জন্য জমির চাহিদা বাড়তে থাকবে বলেই মনে করা হচ্ছে। যেসব জায়গায় জমির ব্যবহারে পরিবর্তন ঘটছে সেখানে নতুন নতুন রোগের আবির্ভাব সম্পর্কে সতর্ক থাকতে হবে। এবং চিকিৎসার ব্যবস্থা তৈরি রাখতে হবে।"" ""কারণ, সেখানকার বন্যপ্রাণী থেকে রোগ জীবাণু মানুষের মধ্যে ছড়িয়ে পড়ার ঝুঁকিও তখন বেড়ে যাবে।"" কোয়ারেন্টিন ও আইসোলেশনের যে ব্যাখ্যা দেয়া হচ্ছে বাংলাদেশে নিজেকে যেভাবে নিরাপদ রাখবেন করোনাভাইরাস থেকে নতুন করোনাভাইরাস কত দ্রুত ছড়ায়? কতটা উদ্বেগের? করোনাভাইরাস ঠেকাতে যে সাতটি বিষয় মনে রাখবেন টাকার মাধ্যমে করোনাভাইরাস ছড়াতে পারে কি? বিশ্ব মহামারি শেষ হতে কতদিন লাগবে? কোথায় কতোক্ষণ বেঁচে থাকে কোভিড-১৯ এর জীবাণু, নির্মূলের উপায় করোনাভাইরাস নিয়ে আপনার যা জানা প্রয়োজন",গাছ কেটে ফসলের ক্ষেত তৈরি এবং বাসাবাড়ি গড়ে তোলার কারণে প্রাণী থেকে মানুষের শরীরে সংক্রমিত হয় এমন রোগের জীবাণু ছড়িয়ে পড়ার সম্ভাবনা বাড়ছে বলে বিজ্ঞানীরা বলছেন।,"বিজ্ঞানীরা বলছেন, প্রাকৃতিক ভূমি ধ্বংস করার ফলে মানুষের শরীরে রোগ বালাই ছড়িয়ে পড়ার ঝুঁকি অনেক বেশি।",0.2380952380952381,0.1,0.1904761904761905,0.7905108,16,26
"ডায়াবেটিসের প্রকোপ বাড়ছে বিশ্বজুড়ে ওয়াশিংটন ইউনিভার্সিটির স্কুল অব মেডিসিনের বিজ্ঞানীরা অনুমান করছেন, ২০১৬ সালে বিশ্বে প্রতি সাতটি নতুন ডায়াবেটিস কেসের একটির পেছনে আছে ঘরের বাইরের বায়ু দূষণ। সেবছর বিশ্বে শুধুমাত্র বায়ু দূষণের কারণে ৩২ লাখ মানুষ ডায়াবেটিসে আক্রান্ত হয়েছেন। এই গবেষণার সঙ্গে যুক্ত একজন বিজ্ঞানী জিয়াদ আল আলি বলছেন, ডায়াবেটিসের সঙ্গে বায়ু দূষণের খুবই ঘনিষ্ঠ সম্পর্ক দেখতে পাচ্ছেন তারা। ডায়াবেটিস বিশ্বের সবচেয়ে দ্রুত বাড়তে থাকা রোগগুলির একটি। বিশ্বে ৪২ কোটি মানুষ ডায়াবেটিসে ভুগছে। এতদিন পর্যন্ত শারীরিক স্থূলতার কারণেই ডায়াবেটিস হয় বলে মনে করা হতো। যারা অস্বাস্থ্যকর খাবার খান বা মোটেই শরীর নড়াতে চান না, তাদেরই ডায়াবেটিসের ঝুঁকি বেশি বলে মনে করেন চিকিৎসকরা। কিন্তু এখন বিজ্ঞানীরা বায়ু দূষণকেও ডায়াবেটিসের কারণ বলে বর্ণনা করছেন। বায়ু দূষণের সঙ্গে ডায়াবেটিসের সম্পর্ক দেখতে পাচ্ছেন বিজ্ঞানীরা গবেষকরা দেখেছেন, এমনকি যখন বায়ু দূষণের হার নীচের দিকে, যেটিকে বিশ্ব স্বাস্থ্য সংস্থা নিরাপদ মাত্রা বলে মনে করে, তখনও ডায়াবেটিসের ঝুঁকি বাড়ে। বিজ্ঞানীরা বলছেন, বায়ু দূষণের কারণে শরীরের ইনসুলিন কমে যায়। এর ফলে ব্লাড গ্লুকোজকে শক্তিতে রূপান্তরিত করতে পারে না আমাদের শরীর।","যুক্তরাষ্ট্রে এক নতুন গবেষণায় বলা হচ্ছে, বায়ু দূষণের সঙ্গে ডায়াবেটিসের ঝুঁকি বাড়ার বেশ গুরুত্বপূর্ণ সম্পর্ক আছে।","বিজ্ঞানীরা বলছেন, বায়ু দূষণের কারণে বিশ্বে ডায়াবেটিসের প্রকোপ বাড়ছে।",0.24000000000000005,0.08695652173913045,0.24000000000000005,0.8281882,9,16
"রোজে ব্লেয়ার নামের একজন নারীর প্রেমের গল্প সামাজিক নেটওয়ার্কে হাজার হাজার মানুষের হৃদয় স্পর্শ করে। কিন্তু তিনি রহস্য রেখেছিলেন সেই গল্পে। রোজে ঐ তরুণীকে বলেছিলেন, তিনি যদি আসনটি বদল করেন, তবে তারা দু'জন একসাথে বসতে পারেন। তার অনুরোধে তরুণী যখন আসন বদল করেন, তখন রোজে ব্লেয়ার ঠাট্টা করে বলেছিলেন, তাকে তার বয়ফ্রেন্ডের সাথে বসার সুযোগ করে দেয়ায় তাদের ভালবাসা একটা পরিণতির দিকে পৌঁছুবে। রোজের অনুরোধে আসন বদল করে তাদের একসাথে বসার সুযোগ করে দেয়া হয়েছে, তাতে কি দু'টি হৃদয় একসাথে হয়? তার সাথে ব্যক্তিটি আসলে কে ছিল? End of Twitter post, 1 হয়তো এমনও হতে পারে, রোজে সিদ্ধান্ত নিয়েছে যে, বিমানে সময়টা ভাল কাটাবে। তবে রোজে তার ইনস্টাগ্রামে যে গল্পটা লেখেন, তাতে আসলে কী প্রকাশ পায়? তারপর রোজে যখন টুইটারে এক সুতায় গাঁথার কথা টুইট করেন, তখন কী উন্মোচিত হয়? রোজে সহজভাবে গর্বিত প্রেমের গল্প লিখেছিলেন। তিনি তার অনুভূতি এমনভাবে লিখেছিলেন, যা সামাজিক নেটওয়ার্কে হাজার হাজার মানুষের হৃদয় স্পর্শ করেছিল। তার সেই গল্প রিটুইট হয়েছিল ২ লাখ ৩৮হাজার বার। লাইক পেয়েছে ৬লাখ। রোজে ৩রা জুলাই প্রথম পোস্ট করেছিলেন, একটি বিমানে দু'টি মানুষ একসাথে বসে গতি সঞ্চার করতে শুরু করেছে। সামাজিক মাধ্যমে তখন অনেকে জানতে চান, কী ঘটছে দু'জনের মধ্যে? একের পর এক প্রশ্ন আসতে থাকে। গল্পটা জানতে চান। তখন রোজে আসন বদল করে তাদের একসাথে বসার গল্পটা লেখেন। একইসাথে তিনি দু'টি হৃদয় এক সুতায় গাঁথার কথা লেখেন। এর জবাবে অনেকে তাদের জীবনের অনেক গল্প ইন্সটাগ্রামে লেখেন এবং টুইট করেন। একজন ইন্সটাগ্রামে লিখেছেন, ""আমরা সকলে খুব আকৃষ্ট হয়েছি।"" টুইটারে একজন লিখেছেন, গল্পটা তার কাছে সেরা প্রেমের গল্প মনে হয়েছে। আরেকজন টুইটারে স্মৃতিচারণ করেছেন। তিনি লিখেছেন, ২০১৬ সালের নভেম্বরে তিনি একজন তরুণীর সাথে বিমানে ভ্রমণের সুযোগ পেয়েছিলেন। সেই তরুণী সম্প্রতি তার বিয়ের প্রস্তাবে রাজি হয়েছে। বিমানটি নামার পর কী ঘটে? রোজে পোস্ট করেছেন যে, তারা একজন আরেকজনকে ইন্সটাগ্রামে অনুসরণ করেছেন এবং দেখেছেন, তারা দু'জনই একই এলাকার। তারা দু'জনই সিঙ্গেল। তিনি লেখেন, একটা অপ্রত্যাশিত গল্প, রহস্যজনক মানুষটি নিজেই রহস্য তৈরি করেছিলেন। রহস্যময় মানুষটি টুইট করেন, ""আমি জানতাম, আপনিই ছবি তুলেছিলেন।"" একজন সাবেক ফুটবলার ইউয়ান হোল্ডেন টুইটটি করেছিলেন। তিনি দাবি করেছেন, রোজে'র গল্পে তিনিই রহস্যময় সেই পুরুষ। এরপর তিনি বিমানে পাওয়া আকস্মিক বয়ফ্রেন্ড হিসেবে পরিচিতি পান। এই নামে পরিচিতি পাওয়ার বিষয়টি সম্পর্কে তার বন্ধুর স্ত্রী তাকে টেক্সট করেছিলেন বলে তিনি বিবিসিকে জানিয়েছেন। কিন্তু বিমানে আকস্মিক বয়ফ্রেন্ড কী ফ্লাইটে সেই অনুভূতি পেয়েছিলেন? ইউয়ান বলেছেন, একজন ভদ্রলোক কখনই তা বলবে না। বিবিসি বাংলায় আরো পড়ুন: বিশ্বকাপ ফুটবল উগান্ডানদের জন্য এখনো আতঙ্কের 'আমাকে হত্যার জন্য খুনি ভাড়া করেছিল আমার স্বামী' যে কারণে কোটা আন্দোলন নিয়ে আবার উত্তেজনা",বিমানে ডালাস যাওয়ার পথে রোজে ব্লেয়ার এবং তার বয়ফ্রেন্ড আসন রদবদল করার জন্য এক তরুণীকে অনুরোধ করেছিলেন।,রোজে ব্লেয়ার নামের একজন নারীর প্রেমের গল্প সামাজিক নেটওয়ার্কে হাজারহাজার মানুষের হৃদয় স্পর্শ করে।,0.12903225806451615,0.06896551724137931,0.12903225806451615,0.7075142,14,17
"বাড়ির সামনের বাগানে হাঁটছেন শতবর্ষী ক্যাপ্টেন মূর তবে দানের একটি ঘটনা নিয়ে ব্রিটেনে বিস্ময় তৈরি হয়েছে। ব্রিটিশ সেনাবাহিনীর একজন সাবেক অফিসার তার শততম জন্মদিনের আগে নিজের বাড়ির সামনের বাগানে ১০০ ল্যাপ হেঁটে জাতীয় স্বাস্থ্য সেবা বিভাগের (এনএইচএস) জন্য কিছু চাঁদা তোলার পরিকল্পনা করেন। ক্যান্সারে ভোগার সময় এনএইচএসের ডাক্তার- নার্সরা তাকে যেভাবে সেবা করেছে, তার কিছু প্রতিদান দিতে চেয়েছিলেন তিনি। তার টার্গেট ছিল হাজার খানেক পাউন্ড, কিন্তু গতকাল (শুক্রবার) পর্যন্ত চাঁদার পরিমাণ দাঁড়ায় ২কোটি ১০ লাখ পাউন্ডেও বেশি (দুই কোটি ৬৩লাখ ডলার)। যেখানে তিনি ভেবেছিলেন চাঁদা আসবে পরিচিত-পরিজন, স্বজন, প্রতিবেশীদের কাছ থেকে, সেখানে অনলাইনে খোলা তার জাস্ট-গিভিং পেজে শুক্রবার পর্যন্ত পাঁচ লাখের মত মানুষ চাঁদা দিয়েছেন। সাধারণ মানুষের এই বদান্যতায় অভিভূত হয়ে পড়েছেন শতবর্ষী সাবেক এই সৈনিক, যাকে এখন লাঠিতে ভর করে বা অন্যের সাহায্য নিয়ে হাঁটতে হয়। ""আমি বাকরুদ্ধ"", সাংবাদিকদের কাছে অনুভূতি প্রকাশ করতে বলেন আবেগ-আপ্লুত ক্যাপ্টেন টম মূর, যিনি দ্বিতীয় বিশ্বযুদ্ধে ব্রিটেনের হয়ে যুদ্ধ করেছেন। ক্যাপ্টেন মূর দ্বিতীয় বিশ্বযুদ্ধে ভারত ও মিয়ানমার ফ্রন্টে যুদ্ধ করেছেন। এ-লিস্ট সেলেব্রিটি অল্প কিছুদিন আগেও যে বৃদ্ধ সাবেক এই সৈনিককে কেউ চিনতই না, রাতারাতি তিনি এখন ব্রিটেনে 'এ-লিস্ট' সেলেব্রিটি। দেশি-বিদেশী মিডিয়া সাক্ষাৎকারের জন্য তার পিছনে ছুটছে। গতকাল (শুক্রবার) এক টুইট বার্তায় ক্যাপ্টেন মূর বলেন, তিনি আজ কম হাঁটবেন, কিন্তু যুক্তরাষ্ট্র, আর্জেন্টিনা, ইউরোপ এবং মধ্যপ্রাচ্যের বিভিন্ন টেলিভিশন চ্যানেলকে সাক্ষাৎকার দেবেন। বৃহস্পতিবার তিনি ৩৫টি সাক্ষাৎকার দিয়েছেন। শুক্রবার দিয়েছেন ১৭টি। লাখ লাখ মানুষ সোশ্যাল মিডিয়ায় শতবর্ষী এই মানুষটির ভূয়সী প্রশংসা করছেন। তাকে 'নাইট' উপাধি দেওয়ার দাবি উঠেছে। যুবরাজ উইলিয়াম তার প্রশংসা করতে গিয়ে তাকে ""ওয়ান-ম্যান ফান্ডরেইজিং মেশিন"" বলে খেতাব দিয়েছেন। যুবরাজ এবং তার স্ত্রী কেট ক্যাপ্টেন মূরের তহবিলে চাঁদাও দিয়েছেন। প্রধানমন্ত্রী বরিস জনসন বলেছেন, সাবেক এই সৈনিককে কীভাবে সম্মানিত করা যায়, তার উপায় খুঁজছেন তিনি। ক্যাপ্টেন মূরের প্রতি কৃতজ্ঞতা প্রকাশ করছেন এনএইচএসের একদল ডাক্তার ও নার্স ইংল্যান্ডের বেডফোর্ডশায়ার জেলার মার্সটন এলাকার এই বাসিন্দা ৩০শে এপ্রিল তার শততম জন্মদিন উদযাপন করবেন। সন্দেহ নেই, এবারের জন্মদিনই হবে তার শ্রেষ্ঠতম।",জনসেবায় দানের সংস্কৃতি ব্রিটেনে বহুদিনের। অনেক স্বল্প আয়ের মানুষও নিয়মিত জনসেবার জন্য পকেট থেকে পয়সা বের করে দেন।,মানুষের কাছে চাঁদা তোলার টার্গেট ছিল সবচেয়ে বেশি।,0.0,0.0,0.0,0.6801509,8,18
"ইসলামিক স্টেটের পুনরুত্থান নিয়ে আশংকা বাড়ছে কুর্দি এবং পশ্চিমা গোয়েন্দা কর্মকর্তারা বিবিসিকে বলেছেন, ইরাকে আই-এসের পরাজয়ের দু'বছর পর এখন তাদের আক্রমণের সংখ্যা ক্রমাগত বাড়ছে এবং দেশটিতে তাদের উপস্থিতি একটি দক্ষ বিদ্রোহী তৎপরতায় পরিণত হয়েছে। একজন কুর্দি সন্ত্রাসদমন কর্মকর্তা লাহুর তালাবানি বলেছেন, ইরাকে আইএসের সদস্য সংখ্যা এখন প্রায় ১০ হাজার এবং তারা দেশটির বর্তমান অস্থির অবস্থার সুযোগ নিয়ে বিভিন্ন এলাকায় অবাধে চলাফেরা করছে। তিনি ইসলামিক স্টেটকে এখন আল কায়েদার চেয়ে বেশি বিপদজনক এবং বেশি সংগঠিত বলে বর্ণনা করেন। ""ওদের কৌশল অনেক ভালো এবং তাদের কাছে প্রচুর অর্থও আছে।"" ইরাকের দুর্গম হারমিন পার্বত্য অঞ্চলে ঘাঁটি গেড়েছে ইসলামিক স্টেট লাহুর তালাবানি বহু বছর লন্ডনে কাটিয়েছেন। সাদ্দাম হোসেনের শাসনামলে ইরাক থেকে তার পরিবারকে পালিয়ে আসতে হয়েছিল। তিনি জানইয়ারি এজেন্সি বলে একটি গোয়েন্দা সংস্থার প্রধান। উত্তর ইরাকের কুর্দিস্থান অঞ্চলের সুলাইমানিয়াতে কুর্দিদের যে ঘাঁটি, সেখানে বসে কথা বলছিলেন লাহুর তালাবানি। খেলাফত ধ্বংস হয়ে যাওয়ার পর কীভাবে ইসলামিক স্টেট সেখান থেকে আবার সংগঠিত হচ্ছে, তা বর্ণনা করছিলেন তিনি। ""আমরা দেখছি, তাদের তৎপরতা বাড়ছে। আমাদের ধারণা তাদের পুনর্গঠনের ধাপ এখন শেষ হয়েছে।"" তার মতে, যে নতুন ধরনের ইসলামিক স্টেটের উত্থান ঘটছে, তারা আর কোন এলাকার নিয়ন্ত্রণ নিতে চায় না, কারণ তারা টার্গেট হতে চায় না। এর পরিবর্তে ইসলামিক স্টেট এখন তাদের পূর্বসূরী আল-কায়েদার মতো আন্ডারগ্রাউন্ডে কাজ করতে চায়। ইরাকের হামরিন পর্বতমালায় তারা এখন এভাবেই কাজ করছে। 'এটি এখন তাদের ঘাঁটি। এই বিস্তৃত পার্বত্য অঞ্চল ইরাকি সেনাবাহিনীর পক্ষে নিয়ন্ত্রণ করা কঠিন। সেখানে অনেক লুকোনোর জায়গা আছে, অনেক গুহা আছে।"" বাগদাদীর মৃত্যু সত্ত্বেও নতুন করে উত্থান ঘটছে ইসলামিক স্টেটের ইরাকের রাজধানী বাগদাদে এখন যে অস্থিরতা চলছে, তা ইসলামিক স্টেটকে শক্তি যোগাবে বলে তিনি সতর্ক করে দেন। বিবিসি বাংলায় আরও পড়ুন: শিশুকে কত বছর মায়ের দুধ পান করানো উচিত? 'ব্রেস্টফিডিং বিষয়ে চারটি বিষয় যদি আগে জানতাম' বাংলাদেশে যে কারণে 'ব্রেস্ট ফিডিং কর্নার' প্রয়োজন কুর্দি গোয়েন্দা কর্মকর্তাদের অনুমান, ইরাকে এখন ইসলামিক স্টেটের সদস্য সংখ্যা প্রায় দশহাজার, এদের মধ্যে প্রায় চার হতে পাঁচ হাজার যোদ্ধা, আছে প্রায় সমান সংখ্যাক 'স্লিপার সেল' এবং সমর্থক। ইরাকে যুক্তরাষ্ট্রের শীর্ষ সামরিক অধিনায়ক ব্রিগেডিয়ার জেনারেল উইলিয়াম সিলি স্বীকার করেন যে সেখানে ইসলামিক স্টেট নতুন করে সংগঠিত হচ্ছে। তবে এবার ইরাকি এবং কুর্দি বাহিনীর কাছ থেকে তাদের অনেক শক্ত প্রতিরোধের মুখে পড়তে হবে। ব্রিগেডিয়ার সিলি বলেন, ২০১৪ সালের তুলনায় ইরাকি এবং কুর্দি বাহিনী অনেক বেশি সুসজ্জিত। ইসলামিক স্টেট ২০১৪ সালে ইরাকের প্রায় এক তৃতীয়াংশ দখল করে নিয়েছিল। এর মধ্যে ইরাকের দ্বিতীয় বৃহত্তম নগরী মসুলও ছিল।","ইরাকে ইসলামিক স্টেট যে আবার নতুন করে সংগঠিত হচ্ছে, তার জোরালো ইঙ্গিত পাওয়া যাচ্ছে।",ইরাকে ইসলামিক স্টেটের সংখ্যা বাড়ছে এবং তাদের পুনরুত্থান নিয়ে আশংকা তৈরি হয়েছে।,0.15384615384615383,0.08333333333333334,0.15384615384615383,0.816911,12,14
"সড়ক দুর্ঘটনায় স্ত্রীকে হারিয়েছিলেন ইলিয়াস কাঞ্চন মি: কাঞ্চন পরিবহন শ্রমিক নেতা শাজাহান খানের বিরুদ্ধে মানহানির অভিযোগ তুলে ১০০ কোটি টাকার ক্ষতিপূরণ চেয়ে ঢাকার জজ আদালতে মামলাটি করেছিলেন গত বুধবার। এ ব্যাপারে সাবেক মন্ত্রী এবং পরিবহন শ্রমিক নেতা শাজাহান খানের কাছে লিখিত ব্যাখ্যা চেয়েছে আদালত । শাজাহান খান বলেছেন, তিনি আদালতের কাছে যথাসময়ে তার ব্যাখ্যা বা জবাব দেবেন। বৃহস্পতিবার শুনানির পর আদালত মামলাটি গ্রহণ করে। মি: কাঞ্চনের পক্ষের আইনজীবী মো: রেজাউল করিম বলেছেন, তার মক্কেলকে নিয়ে আপত্তিকর মন্তব্য করার বিষয়ে সুনির্দিষ্ট অভিযোগ এনে তারা মামলাটি করেছেন। ""আদালত শাজাহান খানের প্রতি সমন দিয়েছে। তাকে এখন নিজে গিয়ে বা আইনজীবীর মাধ্যমে আদালতে ব্যাখ্যা দিতে হবে।"" নিরাপদ সড়কের দাবিতে আন্দোলনকারী ইলিয়াস কাঞ্চন বিভিন্ন সময় সড়ক পরিবহন শ্রমিকদের একটা বড় অংশের তোপের মুখে পড়েছেন। কয়েকমাস আগে সরকার পরিবহন আইন কঠোরতর করার পর মি: কাঞ্চনকে পরিবহন শ্রমিকরা বাস টার্মিনালগুলোতে অবাঞ্ছিত ঘোষণা করেছিল। সেই প্রেক্ষাপটে গত ডিসেম্বরে নারায়ণগঞ্জে এক অনুষ্ঠানে সড়ক পরিবহন শ্রমিক ফেডারেশনের সভাপতি এবং সাবেক মন্ত্রী শাজাহান খান তার বক্তব্যে ইলিয়াস কাঞ্চনের আয়ের উৎস নিয়ে প্রশ্ন তুলেছিলেন। এই বক্তব্যকেই উল্লেখ করে মামলাটি করা হয়। আরো পড়তে পারেন: নিরাপদ সড়ক: প্রতিশ্রুতির বাস্তবায়ন কতদূর? নিরাপদ সড়ক আন্দোলন: দুর্ঘটনা কমেছে না বেড়েছে? সড়ক দুর্ঘটনা: যে কারণে ড্রাইভাররা এত বেপরোয়া শাজাহান খান শাজাহান খান বলেছেন, আদালতের নির্দেশ অনুযায়ী তিনি এখন জবাব বা ব্যাখ্যা দেবেন। ""আমি আমার ব্যাখ্যা দিয়ে দেবো। আমি ওনার বিরুদ্ধে অভিযোগ করি। উনি আমার বিরুদ্ধে অভিযোগ করেন। আমি সময়মতো আদালতে সব বলবো।"" ইলিয়াস কাঞ্চনের পক্ষের আইনজীবী মামলার শুনানিতে এই অভিযোগও তুলেছেন যে, অভিনেতা ইলিয়াস কাঞ্চন সড়ক দুর্ঘটনায় স্ত্রীর মৃত্যুর পর ১৯৯৩ সাল থেকে 'নিরাপদ সড়ক চাই' নামের একটি সংগঠনের ব্যানারে আন্দোলন করে আসছেন। এই আন্দোলনে সমর্থন ক্রমান্বয়ে বেড়েই চলেছে বলেই তাকে বাধাগ্রস্ত করার কৌশলের অংশ হিসেবে বিভিন্ন বক্তব্য দেয়া হচ্ছে বলে তারা মনে করেন। তবে সিনিয়র আইনজীবীদের অনেকে বলছেন, দেশে মানহানির অভিযোগ সম্পর্কিত মামলা নিস্পত্তি হওয়ার নজির খুব কম। সুপ্রিমকোটের আইনজীবী রাশনা ইমাম বলছিলেন, ""অনেক সময়সাপেক্ষ ব্যাপার। অনেক সময় মামলার নিস্পত্তি হতে ২০/২৫ বছরও লেগে যায়। ফলে সংশ্লিষ্ট পক্ষগুলো আগ্রহই হারিয়ে ফেলে। মানহানির মামলা নিস্পত্তি হওয়ার নজির খুবই কম। এধরণের মামলায় ব্যয়ও অনেক বেশি হয়।"" আইনজীবীরা বলছেন, মানহানির মামলায় ক্ষতিপূরণ যা দাবি করা হয়, তার আনুপাতিকহারে একটা মোটা অংকের কোর্ট ফি দিতে হয়। এই মামলাটি করার জন্য ইলিয়াস কাঞ্চনকে কোর্ট ফি দিতে হয়েছে ৫৭ হাজার ৫০০ টাকা। মামলার এই পর্যায়ে ইলিয়াস কাঞ্চন তার আইনজীবীর বাইরে নিজে কোনো মন্তব্য করতে চাননি। বিবিসি বাংলায় আরো খবর: করোনাভাইরাসে আক্রান্ত ও মৃত্যুর সংখ্যা হঠাৎ বাড়লো পাঁচটি দেশ ফিরিয়ে দেবার পর অবশেষে বন্দর পেলো জাহাজটি সরকারি মাদ্রাসা আর সংস্কৃত টোল বন্ধ করা হবে আসামে","বাংলাদেশে নিরাপদ সড়কে দাবিতে আন্দোলনকারী ইলিয়াস কাঞ্চন একশ' কোটি টাকা ক্ষতিপূরণ চেয়ে সাবেক মন্ত্রী শাজাহান খানের বিরুদ্ধে যে মানহানির মামলা করেছেন, আদালত তা গ্রহণ করেছে।",বাংলাদেশে নিরাপদ সড়কের দাবিতে আন্দোলনকারী ইলিয়াস কাঞ্চনের বিরুদ্ধে মানহানির অভিযোগে মামলা গ্রহণ করেছে ঢাকার একটি আদালত।,0.43902439024390244,0.15384615384615385,0.43902439024390244,0.84576094,16,25
"কঙ্গনা রানাওয়াত মুম্বাইকে পাকিস্তান অধিকৃত কাশ্মীরের সাথে তুলনা করেছেন। কঙ্গনা রানাওয়াত আর মহারাষ্ট্রে ক্ষমতাসীন শিবসেনার মধ্যে টুইট যুদ্ধটা অবশ্য কদিন ধরেই চলছিল, যা বুধবার পৌঁছায় চরমে - যখন মিজ রানাওয়াত রাজ্যের মুখ্যমন্ত্রীর উদ্দেশ্যে 'তুই তোকারি' করে একটি ভিডিও টুইট করেন। হিন্দি চলচ্চিত্রের এই অভিনেত্রীকে কেন্দ্র করে সেই বলিউডি স্ক্রিপ্টে কী নেই -- পাকিস্তান, গণতন্ত্র ধ্বংস হয়ে যাওয়া, কাশ্মীর, অযোধ্যা, রামমন্দির, বাবর, মুম্বাই কর্পোরেশন, রাজনীতি - সবই হাজির। ক্লাইম্যাক্সটা শুরু হয় বুধবার সকালে, যখন বেআইনি নির্মাণের অভিযোগে মুম্বাই কর্পোরেশনের কর্মীরা অভিনেত্রী কঙ্গনা রানাওয়াতের বাড়ি ও লাগোয়া অফিস ভাঙ্গতে শুরু করে। সেই সময়ে মিজ রানাওয়াত ছিলেন হিমাচল প্রদেশ থেকে মুম্বাই আসার পথে। বাড়ি ভেঙে ফেলার পর কঙ্গনা রানাওয়াতের টুইট। বাড়ি ভাঙ্গার ছবি টুইট করে তিনি একের পর এক মন্তব্য করতে থাকেন যে ওই বাড়ি তার কাছে রামমন্দিরের সমান -- সেই বাড়ি কীভাবে ভাঙ্গতে এসেছে বাবরের সেনাবাহিনী ... এটা কি পাকিস্তান? গণতন্ত্র ধ্বংস হয়ে গেল বলে তিনি একটি হ্যাশট্যাগও ব্যবহার করেন। বাড়ি ভাঙ্গার কাজের ওপর বম্বে হাইকোর্টের স্থগিতাদেশের অনেক পরে বাসভবনে ফেরেন মিজ রানাওয়াত এবং প্রায় ধ্বংসস্তূপ হয়ে যাওয়া ফ্ল্যাটের ভিডিও টুইট করেন। তার পরে মহারাষ্ট্রের মুখ্যমন্ত্রী উদ্ভব ঠাকরের উদ্দেশ্যে একটি ভিডিও টুইট করেন তিনি, যেখানে মুখ্যমন্ত্রীকে তুই-তোকারি করে তিনি বলেন, ""উদ্ভব ঠাকরে, তুই কি ভাবছিস ফিল্ম মাফিয়াদের সঙ্গে যোগসাজশ করে আমার বাড়ি ভেঙ্গে খুব বড় বদলা নেওয়া হল !! আজ আমার বাড়ি ভেঙ্গেছে ... এরপর তোর অহংকার ভাঙ্গবে ... শুধু সময়ের অপেক্ষা।"" এর পরেই তিনি হঠাৎই কাশ্মীরি পণ্ডিতদের প্রসঙ্গ টেনে এনে বলেন এখন তিনি অনুভব করতে পারছেন যে কাশ্মীরের পণ্ডিতদের অবস্থাটা কী। তার সঙ্গে মহারাষ্ট্র সরকার এবং মুম্বাই কর্পোরেশন - তথা এই দুটিরই ক্ষমতায় থাকা শিবসেনা দলের টুইট যুদ্ধটা শুরুও হয়েছিল এই কাশ্মীর প্রসঙ্গে, আরও নির্দিষ্টভাবে বললে, প্রসঙ্গটা ছিল পাকিস্তান শাসিত কাশ্মীর - যাকে ভারতে 'পাকিস্তান অধিকৃত কাশ্মীর' বা 'পিওকে' বলেই অভিহিত করেন বেশীরভাগ মানুষ। এক ভিডিও টুইটে তিনি মহারাষ্ট্রের মুখ্যমন্ত্রীকে তুই-তোকারি করেন। সুশান্ত সিং রাজপুতের মৃত্যুর তদন্ত কেন মুম্বাই পুলিশ ঠিক মতো করে নি - সেই প্রশ্ন তুলে মুম্বাই শহরকে 'পিওকে'র সঙ্গে তুলনা করেন তিনি। এরপরেই শিবসেনার নেতা সঞ্জয় রাউত বলেছিলেন অভিনেত্রী যে মুম্বাই শহরে থেকেই রোজগার করেন তাকে 'পিওকে'র সঙ্গে কী করে তুলনা করেন? মহারাষ্ট্রের আত্মাভিমান নিয়ে শিবসেনা দল সবসময়েই সচেতন। তারা হুমকিও দেয় যে মিজ রানাওয়াত শহরে ফিরলে বিমানবন্দরেই তার বিরুদ্ধে ব্যাপক বিক্ষোভ হবে। তারপরেই কিছুটা অদ্ভুতভাবেই কেন্দ্রীয় সরকার অভিনেত্রীর জন্য বিশেষ কেন্দ্রীয় নিরাপত্তা দলের ব্যবস্থা করে। তার মধ্যেই বাড়িতে বেআইনি নির্মাণ সংক্রান্ত নোটিস দেয় কর্পোরেশন - যেটা নিয়ন্ত্রণ করে শিবসেনা। ভেঙে ফেলার পর কঙ্গনা রানাউতের বাড়ির অবস্থা: মুম্বাইয়ের মেয়র কিশোরী পেডনেকার সংবাদ মাধ্যমের কাছে বলছিলেন, ""কঙ্গনা নামের এই মেয়েটি মহারাষ্ট্রকে হুমকি দিয়েছে, মুম্বাই পুলিশকে হুমকি দিয়েছে -- মুম্বাই শহরকে পাকিস্তানের সঙ্গে তুলনা করেছে, বাবরের সেনারা তার বাড়ি ভাঙ্গছে বলে উল্লেখ করেছে। সে তো নিজেই শত্রু তৈরি করেছে।"" তার বাড়ি ভাঙ্গার কারণ সম্বন্ধে মিসেস পেডনেকার বলেন, ঐ বেআইনি নির্মাণ সম্পর্কে কর্পোরেশনের কাছে অভিযোগ জমা পড়েছিল -- খতিয়ে দেখে তারপর ব্যবস্থা নেয়া হয়েছে। কঙ্গনা রানাওয়াত আর মহারাষ্ট্রের শিবসেনা সরকারের বিরোধের পিছনে আসলে রাজনীতিই দেখছেন বিশ্লেষকরা। শিবসেনা আর বিজেপি দীর্ঘদিনের জোট সঙ্গী ছিল -- কিন্তু কিছুদিন আগে বিজেপিকে বাদ দিয়ে কংগ্রেস এবং জাতীয়তাবাদী কংগ্রেসের সঙ্গে জোট গড়ে শিবসেনা সরকার তৈরি করে। তারপর থেকে দুই প্রাক্তন জোটসঙ্গীর কেউই অন্যপক্ষকে হেনস্থা করার সুযোগ ছাড়ে না। বিবিসি-র মারাঠি বিভাগের সিনিয়ার সাংবাদিক ময়ূরেশ কোন্নুর ব্যাখ্যা করছিলেন, ""শিবসেনা তো প্রকাশ্যেই বলছে যে কঙ্গনা রানাওয়াতকে আসলে দিল্লি থেকে বিজেপি সমর্থন যোগাচ্ছে। যেভাবে মুম্বাইকে 'পিওকে'-র সঙ্গে তুলনা করেছিলেন তিনি, বা হঠাৎ করেই তাকে কেন্দ্রীয় নিরাপত্তা দেয়া - সবই সেকথাই প্রমাণ করে বলে শিবসেনা নেতাদের দাবী।"" ""তবে বিজেপি হোক বা শিবসেনা - দুই পক্ষই এই বিবাদ থেকে লাভবান হবে। শিবসেনা তো সবসময়েই মারাঠি আত্মাভিমানের কথা বলে -- তাই মহারাষ্ট্র নিয়ে খারাপ ভাষায় যিনি মন্তব্য করেছেন, তার বিরুদ্ধে নেমেছে শিবসেনা। অন্যদিকে শিবসেনার বিরোধিতা করে বিজেপিও নিজের রাজনৈতিক লাভ ওঠাতে চাইছে,"" বলছিলেন ময়ূরেশ কোন্নুর। মুম্বাই বা মহারাষ্ট্রের সাধারণ মানুষের মধ্যে জাতীয় টেলিভিশন চ্যানেলগুলির এইসব খবরের দিকে বিশেষ মন নেই। ময়ূরেশের কথায়, ""লোকে এখন চিন্তিত করোনা মহামারিতে আক্রান্তের সংখ্যা যেভাবে আবারও বাড়ছে, সেটা। দীর্ঘদিন লকডাউন থাকার পরে সবে মাত্র দোকান-বাজার খুলতে শুরু করেছে, এই পরিস্থিতিতে অর্থনীতির কী হবে, সেই সব নিয়েই তাদের চিন্তা বেশি।"" বলিউডের আরও খবর: গ্রেপ্তার হলেন সুশান্ত সিং রাজপুতের বান্ধবী রিয়া চক্রবর্তী সুশান্ত সিং রাজপুতের মৃত্যুতে সামাজিক মাধ্যমে তোপের মুখে বান্ধবী রিয়া একাত্তরের যুদ্ধকে কোন চোখে দেখেছে বলিউড ?",আবারও ভারতে সংবাদ শিরোনামে বলিউড। কয়েক সপ্তাহ ধরে সুশান্ত সিং রাজপুতের মৃত্যু - তার বান্ধবী রিয়া চক্রবর্তীর বিরুদ্ধে মাদক যোগের সরগরম থাকার পরে বুধবার সকাল থেকে ভারতের টিভি চ্যানেলগুলোতে শুরু হয়েছে আরেক বলিউড অভিনেত্রী কঙ্গনা রানাওয়াতকে নিয়ে মাতামাতি।,ভারতের রাজধানী মুম্বাইতে অভিনেত্রী কঙ্গনা রানাওয়াতের বাড়ি ও লাগোয়া অফিস ভেঙে ফেলার ঘটনায় রাজ্যের ক্ষমতাসীন শিবসেনার সঙ্গে টুইট যুদ্ধ চলছে।,0.10344827586206896,0.03571428571428572,0.10344827586206896,0.6946904,20,38
"এর ফলে ২০১২ সালে তৎকালীন স্বরাষ্ট্রমন্ত্রী টেরিজা মে'র নেয়া সিদ্ধান্তকে পাল্টে দেয়া হচ্ছে। টেরিজা মে নিয়ম করেছিলেন যে, স্নাতক ডিগ্রী অর্জনের পর বিদেশি শিক্ষার্থীরা চার মাসের বেশী ব্রিটেনে অবস্থান করতে পারবেন না। প্রধানমন্ত্রী বরিস জনসন বলেছেন, নতুন পরিবর্তন শিক্ষার্থীদের নিজেদের সক্ষমতা বুঝতে এবং যুক্তরাজ্যে নিজেদের পেশা গড়ে নিতে সহায়ক হবে। কিন্তু মাইগ্রেশন ওয়াচ নামে একটি প্রচারণা গোষ্ঠী এই পদক্ষেপকে 'পশ্চাৎমুখী' বলে উল্লেখ করেছে। সেসব শিক্ষার্থীরা আগামী বছর থেকে যুক্তরাজ্যে স্নাতক পর্যায়ে কিংবা তার থেকে উঁচু কোন ডিগ্রির জন্য পড়াশুনা শুরু করবেন তারা এই পরিবর্তিত নিয়মের সুযোগ পাবেন। কিন্তু এখানে শর্ত থাকবে তারা যেনতেন শিক্ষা-প্রতিষ্ঠানে ভর্তি হতে পারবেননা। শুধুমাত্র সেইসব প্রতিষ্ঠানের শিক্ষার্থীরাএই সুযোগ পাবেন যাদের ছাত্র ভর্তির ক্ষেত্রে অভিবাসন সংক্রান্ত নিয়মকানুন যথাযথভাবে মেনে চলার ইতিহাস রয়েছে সরকারের এই ঘোষণাটি এমন এক সময়ে এলো যখন একই দিনে ২০০ মিলিয়ন পাউন্ডের একটি জেনেটিক প্রকল্প চালু করা হলো। এই প্রকল্পটি শুরু হচ্ছে ইউকে বায়োব্যাংক নামে একটি স্বাস্থ্য বিষয়ক দাতব্য সংস্থার অধীনে, যাদের কাছে অন্তত ৫ লাখ মানুষের জেনেটিক তথ্য ও নমুনা রয়েছে। ইউকে বায়োব্যাংক গত কয়েক বছর ধরে ৫ লাখ ব্রিটিশ স্বেচ্ছাসেবকের কাছ থেকে ডিএনএ নমুনা এবং তথ্য সংগ্রহ করেছে, যা এখন বিশ্বের সব গবেষকদের জন্য উন্মুক্ত। রোগ নিয়ন্ত্রণে নতুন ওষুধ আবিষ্কারের জন্য গবেষকরা এই তথ্যভাণ্ডার ব্যবহার করতে পারবেন। সরকারের 'বৈশ্বিক দৃষ্টিভঙ্গি' প্রধানমন্ত্রী বলেন, আন্তর্জাতিক সহযোগিতার কেন্দ্রবিন্দুতে থাকার 'গর্বিত ইতিহাস' রয়েছে ব্রিটেনের। ""এখন বিশ্বের বৃহত্তম জেনেটিক গবেষণা প্রকল্পে কাজ করতে পুরো বিশ্ব থেকে বিশেষজ্ঞদের এক করছি আমরা যাতে প্রাণঘাতী রোগের চিকিৎসায় উন্নত পদ্ধতি আবিষ্কার তথা প্রাণ বাঁচানো সহজ হয়,"" তিনি বলেন। ""বিশ্বের উজ্জ্বল এবং মেধাবীদের জন্য যুক্তরাজ্যে পড়াশুনা আর কাজ করার জন্য সুবিধা উন্মুক্ত না হলে এটি অর্জন করা সম্ভব হবে না।"" ""আর এ জন্যই আন্তর্জাতিক শিক্ষার্থীদের জন্য তাদের সক্ষমতা চিহ্নিত করা এবং যুক্তরাজ্যে ক্যারিয়ার গড়ার সুযোগ দিতে নতুন রাস্তা তৈরি করা হচ্ছে।"" স্বরাষ্ট্রমন্ত্রী প্রীতি পাটেল বলেন, এই সিদ্ধান্ত সরকারের 'বৈশ্বিক দৃষ্টিভঙ্গি''র প্রকাশ। নতুন প্রস্তাবনার আওতায়, শিক্ষার্থীরা কি ধরণের কাজ বা কতটি কাজ করতে পারবেন তার উপর কোন বিধিনিষেধ থাকবে না। টেরিজা মে ২০১২ সালে ব্রিটেনের স্বরাষ্ট্রমন্ত্রী থাকার সময়ে অভিবাসন নীতিতে পরিবর্তন আনেন ""অভিবাসন নিয়ে সরকারের নতুন কোন পদক্ষেপের প্রমাণ যদি চান, তাহলে বিদেশি শিক্ষার্থীদের দুই বছর থাকতে দেয়ার এই সিদ্ধান্তই সেই প্রমাণ,"" বলেন বিবিসির মার্ক ইস্টন। ""যেখানে টেরিজা মে অভিবাসন নীতি নিয়ে একটি বৈরী পরিস্থিতি তৈরি করেছিলেন, যার লক্ষ্য ছিলো মোট অভিবাসনের পরিমাণ কমিয়ে আনা, সেখানে বরিস জনসন সেই অবস্থা থেকে বেরিয়ে এসে বুদ্ধিদীপ্ত এবং সেরাদেরকে বৈশ্বিক ব্রিটেনে এসে বাস করতে উৎসাহী করছেন।"" ইউনিভার্সিটিজ ইউকে'র প্রধান নির্বাহী অ্যালেস্টার জারভিস এই সিদ্ধান্তকে স্বাগত জানিয়েছেন। তিনি বলছেন, এই সিদ্ধান্ত যুক্তরাজ্যের অর্থনীতিকে লাভবান করবে এবং উচ্চশিক্ষার জন্য প্রথম আন্তর্জাতিক গন্তব্য হিসেবে যুক্তরাজ্যের সুনাম ফিরিয়ে আনবে। ""আন্তর্জাতিক শিক্ষার্থীরা যুক্তরাজ্যের জন্য ইতিবাচক সামাজিক প্রভাব বয়ে আনে বলে প্রমাণ রয়েছে। সাথে অর্থনীতিতে যোগ করেছে ২৬ বিলিয়ন পাউন্ড। কিন্তু বেশ দীর্ঘ সময় ধরে, শিক্ষার্থীদের পড়াশুনা শেষে কাজের সুযোগ না থাকায় যুক্তরাজ্য এসব শিক্ষার্থীদের আকর্ষণ করতে ব্যর্থ হচ্ছে,"" তিনি বলেন। তবে মাইগ্রেশন ওয়াচের চেয়ারম্যান আলপ মেহমেট বলেন, এই সিদ্ধান্ত ""অপরিণামদর্শী""। তিনি মনে করেন, এর ফলে স্নাতক ডিগ্রিধারী বিদেশি শিক্ষার্থীরা অনেক বেশি পরিমাণে থেকে যাবে। ""আমাদের বিশ্ববিদ্যালয়গুলো এখনই অনেক বেশী বিদেশি শিক্ষার্থীকে আকর্ষণ করছে। তাই নতুন করে শিক্ষা ভিসার মান কমিয়ে এটিকে পরোক্ষভাবে কাজের জন্য ভিসায় পরিণত করার কোন দরকার নেই,"" তিনি বলেন। ছায়া স্বরাষ্ট্রমন্ত্রী ডায়ান অ্যাবোট বলেন, লেবার পার্টি বরাবরই বলে আসছে যে, স্নাতক ডিগ্রিধারী শিক্ষার্থীদের পড়াশুনার পর কাজের সুযোগ দেয়া উচিত। ""এতে করে তারা আমাদের অর্থনীতিতে ভূমিকা রাখতে পারবে, আমাদের বিশ্ববিদ্যালয় ও গবেষণায় অবদান রাখবে এবং এর ফলে বিশ্বের মেধাবী এবং সেরাদের আনতে পারবো আমরা।"" ""এটা দুঃখজনক যে, এর আগে এই পদক্ষেপের বিপরীত পদক্ষেপ নেয়ার সময়ও মন্ত্রীরা তা সমর্থন করেছিলো।"" আরো খবর: ব্রেক্সিট নিয়ে বরিস জনসনের হাতে চার বিকল্প যাদের মতে টুইন টাওয়ার বিমানের আঘাতে ভাঙেনি যে কৌশলে পিতার নির্যাতন হজম করতো মেয়েটি পৃথিবীতে ডাইনোসর বিলুপ্তির কারণ গ্রহাণুর আঘাত",ব্রিটিশ হোম অফিসের ঘোষণা করা নতুন প্রস্তাবনা অনুযায়ী স্নাতক ডিগ্রি অর্জনের পর কর্মসংস্থানের জন্য দুই বছর যুক্তরাজ্যে থাকতে পারবেন বিদেশি শিক্ষার্থীরা।,"ব্রিটেনের প্রধানমন্ত্রী বরিস জনসন জানিয়েছেন, আগামী বছর থেকে বিদেশি শিক্ষার্থীরা যেনতেন শিক্ষা-প্রতিষ্ঠানে ভর্তি হতে পারবেন না।",0.16216216216216214,0.0,0.1081081081081081,0.74219203,16,21
"যুক্তরাজ্যে প্রতিবছর তিন লক্ষ বিদেশী শিক্ষার্থী ভর্তি হয় এখন প্রতি বছর দেশটিতে তিন লক্ষ বিদেশী শিক্ষার্থী পড়তে যায়, এদের মধ্যে বাংলাদেশ থেকেও বহু শিক্ষার্থী যান প্রতিবছর। এই সংখ্যা এখন এক লক্ষ সত্তর হাজারে নামিয়ে আনার পরিকল্পনা করছে সরকার। দ্য গার্ডিয়ানে প্রকাশিত এক প্রতিবেদনে এমন তথ্য উঠে এসেছে। অক্টোবরে কনজারভেটিভ পার্টির কনফারেন্সে যুক্তরাজ্যের স্বরাষ্ট্রমন্ত্রী অ্যাম্বার রুড নিম্নমানের বিশ্ববিদ্যালয়গুলোর জন্য ভিসা পদ্ধতি কঠোর করার মাধ্যমে আন্তর্জাতিক শিক্ষার্থীদের সংখ্যা কমানোর কথা বলেছিলেন। বিদেশী শিক্ষার্থীর সংখ্যা কমালে বিশ্ববিদ্যালয়গুলো আর্থিক ক্ষতির মুখে পড়বে এদিকে, দেশটির বিশ্ববিদ্যালয়গুলো এই সিদ্ধান্তের বিরুদ্ধে অবস্থান নেবে বলে ধারণা করা হচ্ছে। যুক্তরাজ্যের বিশ্ববিদ্যালয়গুলোর উপাচার্যদের এক সংগঠনের হিসেব অনুযায়ী, বিদেশী বা আন্তর্জাতিক শিক্ষার্থীদের ভর্তির মাধ্যমে দেশটি বছরে প্রায় এগারো শো কোটি পাউন্ড আয় করে। কার্ডিফ ইউনিভার্সিটির উপাচার্য অধ্যাপক কলিন রিওর্ডানকে উদ্ধৃত করে দ্য গার্ডিয়ান বলছে, যুক্তরাজ্যে অভিবাসীর সংখ্যা কমিয়ে আনার জন্য আন্তর্জাতিক শিক্ষার্থী কমানোর কথা ভাবছে স্বরাষ্ট্র মন্ত্রণালয়। কিন্তু আসল যে সমস্যা, তার জন্য বিশ্ববিদ্যালয়গুলোর বিদেশী শিক্ষার্থী বা কর্মীরা দায়ী নয়। এছাড়া ব্রিটেন যদি আন্তর্জাতিক শিক্ষার্থীদের জন্য দরজা বন্ধ করে দেয়, সেই সুযোগ অন্য দেশগুলো নেবে বলেও আশংকা বিশ্ববিদ্যালয়গুলোর। শেফিল্ড বিশ্ববিদ্যালয়ের উপাচার্য স্যার কিথ বার্নেট বলছেন, বিশ্ব বাণিজ্যের ক্ষেত্রে নেতৃত্ব দিতে চাইলে ব্রিটেনকে উদার হতেই হবে। আর সেক্ষেত্রে যুক্তরাজ্যে পড়াশোনা করতে ইচ্ছুক শিক্ষার্থীরা তখন ভিন্ন কোন দেশে পড়তে চলে যাবে। যার ফল অস্ট্রেলিয়া ও কানাডা বেশি পাবে বলে তিনি মন্তব্য করেছেন।",যুক্তরাজ্যের বিশ্ববিদ্যালয়গুলোতে পড়তে যাওয়া বিদেশী শিক্ষার্থীদের সংখ্যা অর্ধেকে নামিয়ে আনার ভাবছে দেশটির স্বরাষ্ট্র মন্ত্রণালয়।,যুক্তরাজ্যে অভিবাসীদের ভর্তি পদ্ধতি কঠোর করার মাধ্যমে দেশটির বিশ্ববিদ্যালয়গুলোতে বিদেশী শিক্ষার্থীর সংখ্যা কমিয়ে আনার পরিকল্পনা করছে সরকার।,0.3225806451612903,0.0,0.2580645161290323,0.8081597,17,14
"এই ছবিটি ঘুরে বেড়াচ্ছে সামাজিক যোগাযোগ মাধ্যম ফেসবুকে যা সমালোচনার ঝড় তৈরি করেছে। ঘটনাটি ঘটেছে চাঁদপুরের হাইমচর উপজেলায়। এই ছবিটি ঘুরে বেড়াচ্ছে সামাজিক যোগাযোগ মাধ্যম ফেসবুকে আর সমালোচনার ঝড় তৈরি করেছে। ঘটনাটি ঘটেছে চাঁদপুরের হাইমচর উপজেলায়। মঙ্গলবার সেখানকার নীলকমল উছমানিয়া উচ্চ বিদ্যালয়ে বার্ষিক ক্রীড়া প্রতিযোগিতা চলছিল। সেই অনুষ্ঠানে আরো অনেক কিছু শরীর চর্চার মতো মানবদেহের পদ্মা সেতু তৈরি করে। আর সেই পদ্মা সেতু শরীরের ওপর দিয়ে হেটে যান হাইমচর উপজেলার চেয়ারম্যান নূর হোসেন পাটোয়ারী। তবে স্কুলটির প্রধান শিক্ষক মোশাররফ হোসেন বিবিসিকে বলেন, ''প্রতিবছর বার্ষিক ক্রীড়া প্রতিযোগিতায় শিক্ষার্থীরা এরকম সেতু তৈরি করে থাকে এবং সেখানে অনেকবার প্রধান অতিথিকে হেটে যাবার অনুরোধ করা হয়েছে। এর আগের প্রধান শিক্ষক হেঁটেছেন, একজন ইউএনও হেঁটেছেন এমন ছবি আছে। এবারও শিক্ষার্থীরা অনুষ্ঠানের প্রধান অতিথি উপজেলা চেয়ারম্যান হেটে যাওয়ার অনুরোধ করলে প্রথমে তিনি রাজি না হলেও, পরে রাজি হন।'' কিন্তু এই বিষয়টি নিয়ে ফেসবুকে অনেকে প্রকাশ করেছেন ক্ষুব্ধ প্রতিক্রিয়া। ফেসবুকে শাফিউদ্দিন আহমেদ নামের একজন লিখেছেন, অমানবিক। সাইফুর রাজা নামের একজন মন্তব্য করেছেন, এদের মতো নেতাদের জন্য অনেক ভালো ভালো নেতা আর জনপ্রতিনিধিরা লাঞ্ছিত হন। শাহিনুর ইসলাম লিখেছেন, বিবেকহীন। একজন লিখেছেন, আমরা যতই আধুনিক হচ্ছি, ততই আমাদের বিবেক, সততা আর মনুষ্যত্ব হারিয়ে যাচ্ছে। এ ধরণের ঘটনা স্কুলটিতে অনেকদিন ধরেই চলছে বলে জানিয়েছেন একজন শিক্ষার্থী। এই ছবিটি ২০০১ সালের যোগাযোগ করা হলে হাইমচর উপজেলার চেয়ারম্যান নূর হোসেন পাটোয়ারি বিবিসিকে বলেন, ''আমি ওই মানব সেতুতে উঠতে চাইনি। কিন্তু তারা বলে, এটা নাকি তাদের স্কুলের ঐতিহ্য। এমনকি তারা আমাকে জুতা খুলেও উঠতে দেয়নি, কারণ সেতুতে নাকি কেউ জুতা খুলে ওঠে না। এর আগেও নাকি অনেকে উঠেছে। পরে সম্মানী হিসাবে আমি পাঁচ হাজার টাকাও দিয়েছি।'' কিন্তু স্কুলের ক্ষুদে শিক্ষার্থীদের উপর দিয়ে হেটে যাওয়াটা একজন জনপ্রতিনিধি হিসাবে কতটা ভালো হয়েছে, জিজ্ঞেস করা হলে তিনি বলেন, ''আমার বিবেক বাধা দিয়েছে। কিন্তু তাদের জোরাজুরির কারণে আমি বাধ্য হয়েছি।'' তবে ফেসবুকে অনেকে শিক্ষার্থীদের শরীরের উপর জুতো পায়ে হাটার এই ঘটনায় উপজেলা চেয়ারম্যানের পাশাপাশি বিদ্যালয় কর্তৃপক্ষেরও শাস্তি দাবি করেছেন। স্কুলটির একজন সাবেক শিক্ষার্থী হাসান কবির বিবিসিকে বলেন, ''অনেকদিন ধরে স্কুলে এটা চলছে। আমিও স্কুলটির ছাত্র থাকাকালে এ ধরণের ঘটনার শিকার হয়েছি। কিন্তু এটা বোঝার মত বয়স তখন আমাদের ছিল না। কিন্তু এখন বুঝতে পারি এটা কতটা অমানবিক। এটা আসলে স্কুল কমিটিকে খুশি করার জন্য করে। একজন শিক্ষর্থী আরেকজন শিক্ষর্থীর গায়ে উঠতে পারে। কিন্তু বয়স্কদের ক্ষেত্রে ওঠার এই পরম্পরা বন্ধ হওয়া উচিত।''","দুই সারিতে স্কুল শিক্ষার্থীরা দাঁড়িয়ে মেলে দেয়া হাতের ওপর একজন শিক্ষার্থী শুয়ে আছে। আর তার পিঠের ওপর দিয়ে জুতো পায়ে হেটে যাচ্ছেন অনুষ্ঠানের প্রধান অতিথি। অন্যপাশে একজন শিক্ষার্থী হাত আর হাঁটুর উপর ভর দিয়ে উবু হয়ে রয়েছে, যাতে তিনি তার পিঠের ওপর পা দিয়ে নামতে পারেন।",বাংলাদেশে একটি স্কুলের প্রধান শিক্ষক পদ্মা সেতু শরীরের ওপর দিয়ে হেটে যাওয়ার ছবি সামাজিক যোগাযোগ মাধ্যমে ভাইরাল হয়েছে।,0.125,0.03225806451612903,0.09375000000000001,0.70485324,18,46
"আজ দুপুর বারটায় চট্টগ্রাম সমুদ্রবন্দর থেকে ১২৩৫ কি:মি দূরে অবস্থান করছিলো ঝড়টি। সমুদ্র বন্দরগুলোকে চার (পুনঃ) চার নম্বর স্থানীয় হুশিয়ারি সংকেত দেখাতে বলা হয়েছে। বিবিসির সংবাদদাতা জানাচ্ছেন, ভারতের উড়িষ্যা রাজ্যে সামুদ্রিক ঘুর্ণিঝড় ফণী নিয়ে চরম আতঙ্ক তৈরি হয়েছে । শুক্রবার মধ্যরাতের দিকে ঝড়টি উপকূলে আঘাত করবে বলে অশঙ্কা করা হচেছ। তীর্থ শহর পুরী সহ আটটি জেলায় ব্যাপক সতর্কতা জারী করা হয়েছে। লাখ লাখ মানুষকে নিরাপদে সরিয়ে নেওয়ার কাজ শুরু হয়েছে। কলকাতা থেকে উড়িষ্যা হয়ে দক্ষিণ ভারতগামী ৭০টিরও বেশি ট্রেনের সার্ভিস আজ থেকে বন্ধ হওয়া শুরু হয়েছে। পুরি এবং আশপাশের জেলাগুলো পর্যটকদের চলে যেতে বলা হয়েছে। জাতীয় বিপর্যয় মোকাবেলা বাহিনীর শত শত কর্মীকে উড়িষ্যায় পাঠানো হয়েছে। অন্যদিকে বাংলাদেশের আবহাওয়া অফিস থেকে বলা হয়, ঘূর্ণিঝড় 'ফণী'র ৩রা মে উড়িষ্যা উপকূল অতিক্রম হওয়ার কথা। এর প্রভাবে বাংলাদেশে পরদিন ৪ঠা মে বৃষ্টিপাত হবে অনেক। ঢাকা থেকে আবহাওয়াবিদ আরিফ হোসেন বিবিসি বাংলাকে বলেন, ঘুর্ণিঝড়টি উড়িষ্যা উপকূল অতিক্রমের পরই বলা যাবে বাংলাদেশে এর কেমন প্রভাব পড়ে। ঘূর্ণিঝড়ের ফণী নামটি কোথা থেকে এলো? যে কারণে ঘন ঘন ঘূর্ণিঝড় হচ্ছে স্মৃতিতে সাইক্লোন সিডর ওদিকে আবহাওয়া অধিদপ্তরের এক বিজ্ঞপ্তিতে বলা হয়েছে, পশ্চিম মধ্য বঙ্গোপসাগর ও তৎসংলগ্ন এলাকায় অবস্থানরত অতি প্রবল ঘূর্ণিঝড় 'ফণী' আরও সামান্য উত্তর পশ্চিম দিকে অগ্রসর হয়ে একই এলাকায় অবস্থান করছে। এটি আজ দুপুর বারোটায় চট্টগ্রাম সমুদ্রবন্দর থেকে ১,২৩৫ কি:মি:, কক্সবাজার থেকে ১,১৯০ কি:মি: ও মংলা থেকে ১,০৯৫ কি:মি: ও পায়রা থেকে ১,১০০ কি:মি: দক্ষিণ পশ্চিমে অবস্থান করছিলো। এটি আরও ঘনীভূত হয়ে উত্তর বা উত্তর-পশ্চিম দিকে অগ্রসর হতে পারে বলে সতর্কবার্তায় উল্লেখ করা হয়েছে। একই সাথে চট্টগ্রাম, কক্সবাজার, মংলা ও পায়রা সমুদ্রবন্দরকে চার নম্বর সংকেত দেখাতে বলা হয়েছে। আবহাওয়া সতর্কবার্তা এছাড়া উত্তর বঙ্গোপসাগরে অবস্থানরত সকল মাছ ধরার নৌকা ও ট্রলারকে পরবর্তী নির্দেশ না দেওয়া পর্যন্ত উপকূলের কাছাকাছি সাবধানে চলাচল করতে বলা হয়েছে যাতে করে অল্প সময়ের নোটিশে নিরাপদ আশ্রয়ে যেতে পারে। তাদেরকে গভীর সাগরে না যাওয়ারও পরামর্শ দিয়েছে আবহাওয়া অধিদপ্তর। শুরু হয়েছে ঘূর্ণিঝড় প্রস্তুতি এদিকে ঘূর্ণিঝড় ফণীকে কেন্দ্র করে প্রস্তুতি নিতে শুরু করেছে ঘূর্ণিঝড় প্রস্তুতি কেন্দ্র। দেশের সবগুলো প্রস্তুতি কেন্দ্রকে ইতোমধ্যেই সতর্ক করা হয়েছে। ঘূর্ণিঝড় প্রস্তুতি কর্মসূচীর বরগুনা অঞ্চলের উপ-পরিচালক কিশোর কুমার সরদার বিবিসি বাংলাকে বলেছেন, ""আমাদের এলার্ট করা হয়েছে। কী কী করণীয় দিকনির্দেশনা দেওয়া হচ্ছে।"" ""সে অনুযায়ী আমরা প্রস্তুতি নিয়েছি। স্বেচ্ছাসেবকদের বলা হয়েছে তারাও সতর্ক আছে।"" তিনি বলেন, ""পরিস্থিতির যদি অবনতি হয় তাহলে মাইকিং সহ লোকজনকে নিরাপদ আশ্রয়ে আনতে মাঠে নামার কাজও শুরু হবে।"" বিবিসি বাংলায় আরও পড়ুন: বিএনপি সংসদে কতটা বিরোধী ভূমিকা রাখতে পারবে? ক্রিকেট বিশ্বকাপ ২০১৯: জার্সি নিয়ে অন্তরালে কী ঘটেছিল? মির্জা ফখরুলের শপথ না নেয়া: 'কৌশলটা' আসলে কী? মোদীর বিরুদ্ধে 'প্রতিবাদের প্রতীক' যে ছাত্রনেতা","বাংলাদেশের আবহাওয়া অধিদপ্তর বলছে, 'অতি প্রবল' ঘূর্ণিঝড় ফণী দক্ষিণ-পশ্চিম বঙ্গোপসাগর ও তৎসংলগ্ন এলাকায় অবস্থান করছে।",ঘূর্ণিঝড় 'ফণী' ভারতের উড়িষ্যা উপকূলে আঘাত করবে বলে আশঙ্কা করা হচেছ।,0.07692307692307691,0.0,0.07692307692307691,0.7421288,11,15
"বর্ষীয়ান এই কংগ্রেসম্যান বলেছেন, তিনি নিদোর্ষ প্রমাণিত হবেন বলেই আশা করেন। মি. কনইয়ার্সের কর্মীদের আনা এসব অভিযোগ খতিয়ে দেখা হবে, জানিয়েছে দি হাউজ এথিকস কমিটি। সাম্প্রতিক সময়ে মার্কিন মিডিয়া, হলিউড তারকা এবং রাজনৈতিক ব্যক্তিদের ঘিরে যৌন হয়রানির অভিযোগের মাঝে এবার এলো মি. কনইয়ার্সের পদত্যাগের খবর। মার্কিন কংগ্রেসে সবচেয়ে দীর্ঘসময় ধরে সদস্য থাকা জন কনইয়ার্স ১৯৬৫ সালে সর্বপ্রথম কংগ্রেসে যোগ দেন। মঙ্গলবার জানা যায়, ২০১৫ সালে মি. কনইয়ার্সেরযৌন ইঙ্গিতপূর্ণ আচরণকে প্রত্যাখ্যান করায় একজন কর্মীর চাকরী চলে যায়। সে খবর গোপন রাখতে তিনি ২৭ হাজার মার্কিন ডলার দিয়েছিলেন। মি. কনইয়ার্স তার নারী সহকর্মীদের ওপর বারবার যৌন হয়রানিমূলক আচরণ এবং তাদের শরীরে অপ্রত্যাশিতভাবে অনুচিত স্পর্শ করতেন বলেও আইনি ডকুমেন্টে অভিযোগ হিসেবে রয়েছে বলে দাবী করেছে বাজফিড। এসব যৌন হয়রানির অভিযোগ ওঠার পর যুক্তরাষ্ট্রের 'দি হাউস এথিকস কমিটি' তদন্ত কমিটি গঠন করে এবং এরপর নিজের পদ থেকে সরে দাঁড়ালেন মি. কনইয়ার্স। তবে সকল অভিযোগ অস্বীকার করে, ৮৮ বছর বয়সী মি. কনইয়ার্স বলেছেন, এই অভিযোগ থেকে মুক্তি পেতেই পদ থেকে সরে দাঁড়ানোর সিদ্ধান্ত। তিনি এসব ডকুমেন্টকে পক্ষপাতমূলক এবং টাকা-পয়সার বিনিময়ে করা ব্লগারদের কাজ বলে দাবি করেছেন।",আমেরিকার অন্যতম বিখ্যাত সিভিল রাইটস অ্যাক্টিভিস্ট বা নাগরিক অধিকার আন্দোলনের কর্মী জন কনইয়ার্স কংগ্রেসে নিজের পদ থেকে সরে দাঁড়িয়েছেন। তার বিরুদ্ধে যৌন হয়রানির অভিযোগ ওঠার পর তিনি এই সিদ্ধান্ত নিলেন।,যুক্তরাষ্ট্রের কংগ্রেসম্যান জন কনইয়ার্সের কর্মীদের যৌন হয়রানির অভিযোগ ওঠার পর তিনি পদত্যাগ করেছেন।,0.32558139534883723,0.2439024390243903,0.32558139534883723,0.79874915,13,30
"অ্যাকর্ড বাংলাদেশ ছেড়ে চলে যাক তা চাননা এই নারী গার্মেন্ট শ্রমিক সরকারের পরিদর্শন এবং নজরদারি ব্যবস্থা এখনো কতটা দুর্বল তা প্রমাণ করতে এই গবেষণায় ২৪শে ফেব্রুয়ারির চকবাজার অগ্নিকান্ড এবং চৌঠা মার্চ আশুলিয়ায় আনজির নামে একটি পোশাক কারখানায় অগ্নিকান্ডের ঘটনা উদাহরণ হিসাবে উল্লেখ করা হয়েছে। চারটি শ্রম অধিকার সংগঠন - ক্লিন ক্লোদস, আন্তর্জাতিক লেবার রাইটস ফোরাম, মারকুইয়া সলিডারিটি ফোরাম এবং ওয়ার্কার্স রাইটস কনসোর্টিয়াম - ফেব্রুয়ারি এবং মার্চ মাসে এই গবেষণাটি চালিয়েছে। মূলত এই সংগঠনগুলোর চাপেই পোশাক ক্রেতাদের প্রতিনিধি হিসেবে দুটি সংস্থা - আ্যাকর্ড এবং অ্যালায়েন্স - বাংলাদেশে শত শত গার্মেন্ট কারাখানায় গত কয়েক বছর ধরে ব্যাপক পরিদর্শন করে নিরাপত্তার ঘাটতি সংশোধনে সুপারিশ করেছে। সেই সাথে সংশোধন করা হয়েছে কিনা সেটাও নিশ্চিত করার চেষ্টা করেছে। কিন্তু অ্যাকর্ডের কার্যক্রম বন্ধ করার দাবি করে একজন পোশাক ব্যবসায়ীর করা মামলায় সুপ্রিম কোর্টের রায়ের আগে ঐ গবেষণায় বলা হচ্ছে আ্যাকর্ড চলে গেলে বাংলাদেশে শ্রমিকদের নিরাপত্তা বড় ঝুঁকিতে পড়বে। বাংলাদেশের পোশাক কারখানার মালিকরা দাবি করেন, পোশাক কারখানার নিরাপত্তা পরিদর্শন করার সক্ষমতা এখন সরকারের হয়েছে, ফলে বিদেশীদের ভূমিকার এখন আর প্রয়োজন নেই। সরকারের ভেতরেও ‌অনেকেই ধরনের মনোভাব জোরালো হচ্ছে। তবে শ্রম অধিকার সংগঠনগুলোর গবেষণায় রিপোর্টে বলা হচ্ছে, শত শত পোশাক কারখানায় অগ্নি নিরাপত্তা সহ অন্যান্য নিরাপত্তা নিশ্চিত করার সক্ষমতা নিয়ে এখনো বড় প্রশ্ন রয়েছে। তাছাড়া, সরকারি আওতাধীন কারখানাগুলোতে পরিদর্শনের স্বচ্ছতা নিয়েও প্রশ্ন তোলা হয়েছে। রানা প্লাজা দুর্ঘটনায় ১১০০ এর বেশি শ্রমিকের মৃত্যুর পর আ্যাকর্ড ও আ্যালায়েন্স কাজ শুরু করে। গবেষণা রিপোর্টে বলা হচ্ছে বাংলাদেশ সরকারের ভিন্ন ভিন্ন দুটো ডাটাবেজে পোশাক কারখানায় পরিদর্শন এবং নিরাপত্তার ঘাটতি সংশোধন নিয়ে যে সব তথ্য রয়েছে সেগুলোর মধ্যে সামঞ্জস্য নেই। তাছাড়া, প্রথম পরিদর্শনের পর করা সুপারিশ বাস্তবায়ন করা হয়েছে কিনা তা দেখার জন্য ফলো-আপ পরিদর্শন সম্পর্কে কোনো তথ্য নেই । বলা হয়েছে - যে ৭৪৫টি কারখানার নিরাপত্তা নিশ্চিত করার দায়িত্ব সরকারের হাতে ছিল, গত তিন থেকে পাঁচ বছরেও সেসব কারখানার অনেকগুলোতেই বেরুনোর দরজায় তালা লাগিয়ে রাখার মতো মারাত্মক কিছু নিরাপত্তা ঝুঁকি এখনো রয়ে গেছে। ১১৪টি পোশাক কারখানায় নিরাপত্তার জন্য এতটাই ঝুঁকিপূর্ণ ছিল যে আ্যাকর্ড সেগুলোকে তাদের পরিদর্শন কার্যক্রম থেকে বাদ দিয়ে দিয়েছিল, অর্থাৎ সেগুলোকে কার্যত তালা লাগিয়ে দেওয়ার কথা বলা হয়েছিল। কিন্তু সোমবার প্রকাশিত গবেষণা রিপোর্টে বলা হয়েছে - সরকারি পরিদর্শনের আওতায় থাকলেও সেই ১১৪টি কারাখানার অর্ধেকই এখনও চালু রয়েছে। রিপোর্টে আরও বলা হচ্ছে ২০১৩ সালে থেকে বিভিন্ন কারখানায় নিরাপত্তা ঝুঁকি নিয়ে আ্যাকর্ড যেখানে ১১৫২ টি অভিযোগ পেয়েছেন, সরকার পেয়েছে মাত্র ১৮টি। বলা হচ্ছে- সরকারি ব্যবস্থাপনায় যেহেতু অভিযোগকারীর পরিচয় গোপন রাখা হয়না, সেহেতু শ্রমিকরা অভিযোগ করতে সাহস পাচ্ছেনা। নিরাপত্তা সুপারিশ বাস্তবায়ন সম্পর্কে যে তথ্য বাংলাদেশের সরকার বিভিন্ন ফোরামে দিচ্ছে, তা নিয়েও প্রশ্ন তোলা হয়েছে এই গবেষণায়। ""বিভিন্ন পাবলিক ফোরামে সরকার বলছে নিরাপত্তার জন্য কারখানাগুলোতে প্রয়োজনীয় পরিবর্ধন-পরিমার্জনের ২৯ শতাংশ কাজ শেষ হয়েছে। কিন্তু সরকারের নিজস্ব ডেটা তা বলছে না। যে ৪০০ কারখানার তথ্য পাওয়া গেছে, তাতে দেখা যাচ্ছে ৩৪৬টি কারখানায় ২০ শতাংশ কাজ হয়েছে। ৫২টি কারখানার কোনও তথ্যই নেই।"" গত পাঁচ বছরে অনেক কারখানায় কাজের পরিবেশের উন্নতি হয়েছে। বাংলাদেশে অ্যাকর্ডের কার্যক্রম বন্ধ করে দেওয়া নিয়ে যে মামলাটি বাংলাদেশে হয়েছে তা নিয়ে আন্তর্জাতিক শ্রম সংগঠনগুলো গভীর উদ্বেগ প্রকাশ করেছে। রোববার এই মামলায় রায় হওয়ার কথা রয়েছে। শ্রমিক নেতা আমিরুল হক আমিন বিবিসিকে বলেছেন, সরকারি পরিদর্শন অস্বচ্ছ। ""আ্যাকর্ড থাকলে বাংলাদেশের লাভ ছাড়া ক্ষতি নেই। বাংলাদেশ ছাড়ার জন্য আ্যাকর্ডের ওপর যে চাপ তৈরি হচ্ছে তা নিয়ে এসপিরিটি, এইচ অ্যান্ড এম, আ্যাডিডাস সহ এক ডজনেরও বেশি বিদেশী ব্রান্ড উদ্বেগ প্রকাশ করেছে। কি বলছে পোশাক খাত বাংলাদেশের পোশাক রপ্তানিকারকরা বলছেন, গত পাঁচ বছরে দেশে পোশাক খাতে কোনো বড় দুর্ঘটনা হয়নি, ফলে আ্যাকর্ড এবং অ্যালায়েন্সের নজরদারির এখন আর প্রয়োজন নেই। বিজিএমইএ'র সাবেক ভাইস প্রেসিডেন্ট শহিদুল্লাহ আজিম বিবিসিকে বলেন, ""বাংলাদেশের পোশাক খাতকে নিরাপদ করতে অ্যাকর্ড অনেক ভালো কাজ করেছে, তবে এখন বাংলাদেশ সেই সক্ষমতা অর্জন করেছে।"" পোশাক রপ্তানিকারকদের অভিযোগ - এই দুই সংস্থা নিরাপত্তার জন্য যে সব ব্যবস্থা নিতে বলছে তাতে তাদের ব্যবসার খরচ অনেক বেড়ে গেছে। ফলে, ভিয়েতনাম বা ভারতের মত দেশগুলোর সাথে প্রতিযোগিতায় পিছিয়ে পড়ছে।",ক্লিন ক্লোদস সহ আন্তর্জাতিক কয়েকটি শ্রমিক অধিকার সংগঠনের এক গবেষণা রিপোর্টে বলা হচ্ছে বাংলাদেশের গার্মেন্ট কারখানায় নিরাপত্তা নিশ্চিত করার কাজে সেদেশের সরকার এখনো একেবারই প্রস্তুত নয়।,বাংলাদেশে গার্মেন্ট কারখানায় অগ্নিকান্ডের ঘটনা প্রমাণ করতে আন্তর্জাতিক শ্রম অধিকার সংগঠনগুলোর এক গবেষণায় বলা হচ্ছে পোশাক ক্রেতাদের নিরাপত্তার ঘাটতি এখনো সরকারের নেই।,0.33333333333333337,0.08695652173913043,0.24999999999999994,0.82448065,22,26
